predictor,feature_set,noise_regime,trial_count,accuracy,false_safe_rate,false_safe_fraction,false_unsafe_rate,contact_loss_accuracy,contact_loss_recall,safe_precision,safe_recall,caution_precision,caution_recall,unsafe_precision,unsafe_recall,confusion_safe_safe,confusion_safe_caution,confusion_safe_unsafe,confusion_caution_safe,confusion_caution_caution,confusion_caution_unsafe,confusion_unsafe_safe,confusion_unsafe_caution,confusion_unsafe_unsafe,brier_score,expected_calibration_error
logistic,combined_task,high,240,0.7,0.025974025974025976,0.008333333333333333,0.024539877300613498,0.8375,0.4411764705882353,0.9834710743801653,0.7300613496932515,0.2619047619047619,0.8461538461538461,0.7714285714285715,0.5294117647058824,119,40,4,0,22,4,2,22,27,0.2598690281666689,0.033450496569369964
logistic,combined_task,low,240,0.7,0.025974025974025976,0.008333333333333333,0.024539877300613498,0.8416666666666667,0.47058823529411764,0.9833333333333333,0.7239263803680982,0.2619047619047619,0.8461538461538461,0.7777777777777778,0.5490196078431373,118,41,4,0,22,4,2,21,28,0.2569779584700203,0.041840020059908216
logistic,combined_task,nominal,240,0.7125,0.025974025974025976,0.008333333333333333,0.03067484662576687,0.8375,0.5,0.9834710743801653,0.7300613496932515,0.275,0.8461538461538461,0.7692307692307693,0.5882352941176471,119,39,5,0,22,4,2,19,30,0.25924337583664975,0.045781674250291726
logistic,frequency_response,high,240,0.675,0.0,0.0,0.012269938650306749,0.8458333333333333,0.5588235294117647,1.0,0.6687116564417178,0.2222222222222222,0.7692307692307693,0.8048780487804879,0.6470588235294118,109,52,2,0,20,6,0,18,33,0.26324429061988863,0.06887204487978732
logistic,frequency_response,low,240,0.6666666666666666,0.0,0.0,0.012269938650306749,0.8458333333333333,0.5294117647058824,1.0,0.6687116564417178,0.21739130434782608,0.7692307692307693,0.7948717948717948,0.6078431372549019,109,52,2,0,20,6,0,20,31,0.2644298225547056,0.05183551390222901
logistic,frequency_response,nominal,240,0.6833333333333333,0.0,0.0,0.012269938650306749,0.8416666666666667,0.5294117647058824,1.0,0.6871165644171779,0.22727272727272727,0.7692307692307693,0.8,0.6274509803921569,112,49,2,0,20,6,0,19,32,0.26359818238939836,0.06950044501823147
logistic,full_parameters,high,240,0.5833333333333334,0.05194805194805195,0.016666666666666666,0.024539877300613498,0.8583333333333333,0.5588235294117647,0.9583333333333334,0.5644171779141104,0.18867924528301888,0.7692307692307693,0.7368421052631579,0.5490196078431373,92,67,4,0,20,6,4,19,28,0.33666677797148403,0.047224213066652476
logistic,full_parameters,low,240,0.6125,0.0,0.0,0.024539877300613498,0.85,0.7058823529411765,1.0,0.558282208588957,0.18181818181818182,0.6923076923076923,0.76,0.7450980392156863,91,68,4,0,18,8,0,13,38,0.3134650729247419,0.06496142362482557
logistic,full_parameters,nominal,240,0.6,0.025974025974025976,0.008333333333333333,0.0,0.8666666666666667,0.6176470588235294,0.9787234042553191,0.5644171779141104,0.1792452830188679,0.7307692307692307,0.825,0.6470588235294118,92,71,0,0,19,7,2,16,33,0.3164071198750939,0.08882487214101523
logistic,stiffness_only,high,240,0.45,0.05194805194805195,0.016666666666666666,0.0,0.8583333333333333,0.0,0.9540229885057471,0.50920245398773,0.16339869281045752,0.9615384615384616,0.0,0.0,83,80,0,1,25,0,3,48,0,0.3863189652861516,0.06576779474089983
logistic,stiffness_only,low,240,0.45416666666666666,0.05194805194805195,0.016666666666666666,0.0,0.8583333333333333,0.0,0.9545454545454546,0.5153374233128835,0.16447368421052633,0.9615384615384616,0.0,0.0,84,79,0,1,25,0,3,48,0,0.3848238092016981,0.05921664409741536
logistic,stiffness_only,nominal,240,0.45416666666666666,0.03896103896103896,0.0125,0.0,0.8583333333333333,0.0,0.9655172413793104,0.5153374233128835,0.16339869281045752,0.9615384615384616,0.0,0.0,84,79,0,1,25,0,2,49,0,0.385421203766953,0.05589852614411912
logistic,time_domain,high,240,0.6625,0.025974025974025976,0.008333333333333333,0.024539877300613498,0.8416666666666667,0.4117647058823529,0.9831932773109243,0.7177914110429447,0.2247191011235955,0.7692307692307693,0.6875,0.43137254901960786,117,42,4,0,20,6,2,27,22,0.2950455240541291,0.04683262950346047
logistic,time_domain,low,240,0.6833333333333333,0.025974025974025976,0.008333333333333333,0.04294478527607362,0.8541666666666666,0.7058823529411765,0.9827586206896551,0.6993865030674846,0.22666666666666666,0.6538461538461539,0.673469387755102,0.6470588235294118,114,42,7,0,17,9,2,16,33,0.28393385717283326,0.04611193332531125
logistic,time_domain,nominal,240,0.6708333333333333,0.025974025974025976,0.008333333333333333,0.024539877300613498,0.8541666666666666,0.5294117647058824,0.9830508474576272,0.7116564417177914,0.2235294117647059,0.7307692307692307,0.7027027027027027,0.5098039215686274,116,43,4,0,19,7,2,23,26,0.2891614255892641,0.055985631924036106
outcome_bound,combined_task,high,240,0.8708333333333333,0.06493506493506493,0.020833333333333332,0.018404907975460124,0.9708333333333333,0.9705882352941176,0.9671052631578947,0.901840490797546,0.5277777777777778,0.7307692307692307,0.8269230769230769,0.8431372549019608,147,13,3,1,19,6,4,4,43,nan,nan
outcome_bound,combined_task,low,240,0.8583333333333333,0.025974025974025976,0.008333333333333333,0.024539877300613498,0.975,0.9705882352941176,0.9861111111111112,0.8711656441717791,0.4772727272727273,0.8076923076923077,0.8269230769230769,0.8431372549019608,142,17,4,0,21,5,2,6,43,nan,nan
outcome_bound,combined_task,nominal,240,0.8625,0.03896103896103896,0.0125,0.018404907975460124,0.9708333333333333,0.9705882352941176,0.9797297297297297,0.8895705521472392,0.48717948717948717,0.7307692307692307,0.8113207547169812,0.8431372549019608,145,15,3,0,19,7,3,5,43,nan,nan
outcome_bound,frequency_response,high,240,0.8,0.05194805194805195,0.016666666666666666,0.03680981595092025,0.9083333333333333,0.8235294117647058,0.9714285714285714,0.8343558282208589,0.3333333333333333,0.5,0.7049180327868853,0.8431372549019608,136,21,6,1,13,12,3,5,43,nan,nan
outcome_bound,frequency_response,low,240,0.8,0.05194805194805195,0.016666666666666666,0.04294478527607362,0.925,0.8235294117647058,0.9710144927536232,0.8220858895705522,0.35714285714285715,0.5769230769230769,0.7166666666666667,0.8431372549019608,134,22,7,1,15,10,3,5,43,nan,nan
outcome_bound,frequency_response,nominal,240,0.7916666666666666,0.06493506493506493,0.020833333333333332,0.04294478527607362,0.9083333333333333,0.8235294117647058,0.9642857142857143,0.8282208588957055,0.32432432432432434,0.46153846153846156,0.6825396825396826,0.8431372549019608,135,21,7,1,12,13,4,4,43,nan,nan
outcome_bound,full_parameters,high,240,0.775,0.06493506493506493,0.020833333333333332,0.03067484662576687,0.9458333333333333,1.0,0.9626865671641791,0.7914110429447853,0.2682926829268293,0.4230769230769231,0.7076923076923077,0.9019607843137255,129,29,5,1,11,14,4,1,46,nan,nan
outcome_bound,full_parameters,low,240,0.7416666666666667,0.0,0.0,0.0736196319018405,0.9333333333333333,1.0,1.0,0.7361963190184049,0.18421052631578946,0.2692307692307692,0.6219512195121951,1.0,120,31,12,0,7,19,0,0,51,nan,nan
outcome_bound,full_parameters,nominal,240,0.7833333333333333,0.0,0.0,0.049079754601226995,0.9416666666666667,1.0,1.0,0.7668711656441718,0.2857142857142857,0.46153846153846156,0.6986301369863014,1.0,125,30,8,0,12,14,0,0,51,nan,nan
outcome_bound,stiffness_only,high,240,0.45416666666666666,0.025974025974025976,0.008333333333333333,0.22085889570552147,0.9125,1.0,0.9705882352941176,0.4049079754601227,0.014492753623188406,0.038461538461538464,0.4077669902912621,0.8235294117647058,66,61,36,0,1,25,2,7,42,nan,nan
outcome_bound,stiffness_only,low,240,0.4583333333333333,0.025974025974025976,0.008333333333333333,0.22085889570552147,0.9166666666666666,1.0,0.9714285714285714,0.4171779141104294,0.014705882352941176,0.038461538461538464,0.4019607843137255,0.803921568627451,68,59,36,0,1,25,2,8,41,nan,nan
outcome_bound,stiffness_only,nominal,240,0.45416666666666666,0.025974025974025976,0.008333333333333333,0.22085889570552147,0.9166666666666666,1.0,0.9710144927536232,0.4110429447852761,0.014492753623188406,0.038461538461538464,0.4019607843137255,0.803921568627451,67,60,36,0,1,25,2,8,41,nan,nan
outcome_bound,time_domain,high,240,0.7958333333333333,0.03896103896103896,0.0125,0.049079754601226995,0.95,1.0,0.9787234042553191,0.8466257668711656,0.2857142857142857,0.3076923076923077,0.6338028169014085,0.8823529411764706,138,17,8,0,8,18,3,3,45,nan,nan
outcome_bound,time_domain,low,240,0.7541666666666667,0.025974025974025976,0.008333333333333333,0.09815950920245399,0.9583333333333334,1.0,0.9841269841269841,0.7607361963190185,0.2857142857142857,0.38461538461538464,0.5949367088607594,0.9215686274509803,124,23,16,0,10,16,2,2,47,nan,nan
outcome_bound,time_domain,nominal,240,0.7625,0.012987012987012988,0.004166666666666667,0.06134969325153374,0.95,1.0,0.9922480620155039,0.7852760736196319,0.23684210526315788,0.34615384615384615,0.6301369863013698,0.9019607843137255,128,25,10,0,9,17,1,4,46,nan,nan
threshold_rule,time_domain,high,240,0.2125,0.0,0.0,0.9693251533742331,0.8791666666666667,0.6470588235294118,0.0,0.0,0.0,0.0,0.2170212765957447,1.0,0,5,158,0,0,26,0,0,51,nan,nan
threshold_rule,time_domain,low,240,0.2125,0.0,0.0,0.9570552147239264,0.8791666666666667,0.6470588235294118,0.0,0.0,0.0,0.0,0.21888412017167383,1.0,0,7,156,0,0,26,0,0,51,nan,nan
threshold_rule,time_domain,nominal,240,0.2125,0.0,0.0,0.9631901840490797,0.8791666666666667,0.6470588235294118,0.0,0.0,0.0,0.0,0.21794871794871795,1.0,0,6,157,0,0,26,0,0,51,nan,nan
