feature_set,noise_regime,outcome,trial_count,median_abs_relative_error,p95_abs_relative_error,relative_rmse,relative_bias,bound_kind,bound_coverage,median_bound_ratio
full_parameters,low,peak_displacement_m,240,0.09582529818465763,0.2201110058820339,0.12587418799999184,0.017672805773550293,upper,0.975,1.361489418528044
full_parameters,low,peak_velocity_m_per_s,240,0.09578131026144102,0.29376019905914125,0.15849832751947482,0.01662361242178517,upper,0.9416666666666667,1.3408734819113584
full_parameters,low,dominant_response_frequency_hz,240,0.3015990263796853,3.7169410183098854,1.8167083769306218,0.3488237314225147,upper,0.9333333333333333,1.8503180960146477
full_parameters,low,late_hold_oscillation_rms_m,240,0.2722449732300445,2.627086364389503,1.4488545340563144,0.21780745810589208,upper,0.975,23.49856508635319
full_parameters,low,hold_settling_time_s,240,0.9521856379491203,535829.6013551189,217729.19784170974,112335.80663875291,upper,0.9666666666666667,676086.802742999
full_parameters,low,force_to_displacement_gain_m_per_n,240,0.09582529818465607,0.2201110058820346,0.1258741879999914,0.01767280577354839,upper,0.975,1.3614894185280457
full_parameters,low,disturbance_limited_safe_force_n,240,0.2222756907554344,0.6189731948447357,0.37561226483697036,0.04059743646506561,lower,0.95,0.5852507724013063
full_parameters,nominal,peak_displacement_m,240,0.09503820240840632,0.22363698713439445,0.12678333242230652,0.013216967640700366,upper,0.975,1.3629026393678094
full_parameters,nominal,peak_velocity_m_per_s,240,0.0955785819242161,0.27677545927012354,0.15135981018131095,0.009977423273264967,upper,0.9583333333333334,1.3221712753850947
full_parameters,nominal,dominant_response_frequency_hz,240,0.3169747715268007,3.818999784342624,2.2529868507694935,0.4929367900986924,upper,0.9583333333333334,1.8828804030531925
full_parameters,nominal,late_hold_oscillation_rms_m,240,0.2927409395054341,1.063033471415019,2.638236235826349,0.08158337746070586,upper,0.9625,14.745979362648445
full_parameters,nominal,hold_settling_time_s,240,0.8463756578732126,478405.1568469165,202895.1084072134,104369.22014335102,upper,0.9375,749982.362183461
full_parameters,nominal,force_to_displacement_gain_m_per_n,240,0.09503820240840481,0.2236369871343969,0.12678333242230608,0.013216967640698489,upper,0.975,1.3629026393678112
full_parameters,nominal,disturbance_limited_safe_force_n,240,0.22256176926980786,0.5934956298041936,0.39258985863901297,0.04614704606933704,lower,0.9541666666666667,0.5948420182144155
full_parameters,high,peak_displacement_m,240,0.09702539296850735,0.2750314075945698,0.14023149059527948,0.008386546893920883,upper,0.9291666666666667,1.3564430922020174
full_parameters,high,peak_velocity_m_per_s,240,0.10267628016321118,0.31059939270104414,0.17084524139969573,0.017295795119015574,upper,0.9291666666666667,1.343943026689046
full_parameters,high,dominant_response_frequency_hz,240,0.2788350433595114,5.677847124340485,4.008820329563594,0.9791653114194687,upper,0.975,2.0540346419419864
full_parameters,high,late_hold_oscillation_rms_m,240,0.30652129412673634,1.5898769945731943,5.884777513015209,0.5136421156899877,upper,0.95,13.127395841045974
full_parameters,high,hold_settling_time_s,240,0.9781128350312842,452217.50038370426,185830.29521942328,94391.86622906059,upper,0.9291666666666667,807957.921794659
full_parameters,high,force_to_displacement_gain_m_per_n,240,0.09702539296850712,0.27503140759456746,0.14023149059527912,0.008386546893918987,upper,0.9291666666666667,1.3564430922020203
full_parameters,high,disturbance_limited_safe_force_n,240,0.21408989839652146,0.5960695367700852,0.3905809578244465,0.04565687344655003,lower,0.9583333333333334,0.5958839312439375
stiffness_only,low,peak_displacement_m,240,0.11014042162918089,0.25913626627072706,0.14442833865451724,0.013712026387210337,upper,0.975,1.4591989966165277
stiffness_only,low,peak_velocity_m_per_s,240,0.16537312349288763,0.40102900171953193,0.2324450090552838,0.02842385279288475,upper,0.9541666666666667,1.4959110920098901
stiffness_only,low,dominant_response_frequency_hz,240,0.5354858444999984,7.992468376924206,3.4496752172601743,1.0334308216498054,upper,0.9041666666666667,2.9027490332164407
stiffness_only,low,late_hold_oscillation_rms_m,240,0.8412328905970536,1.5041552737590171,0.8611752324955477,-0.128448874924151,upper,0.9458333333333333,141.23269547666047
stiffness_only,low,hold_settling_time_s,240,3.0248856619929905,534785.6897120856,220394.20645066365,119338.27073332788,upper,0.9458333333333333,1469933.1311241433
stiffness_only,low,force_to_displacement_gain_m_per_n,240,0.11014042162918669,0.25913626627072317,0.14442833865451848,0.013712026387215656,upper,0.975,1.459198996616529
stiffness_only,low,disturbance_limited_safe_force_n,240,0.22687936828906977,0.5978179550534793,0.43935016572578667,0.04931766633959292,lower,0.9666666666666667,0.5384013625158557
stiffness_only,nominal,peak_displacement_m,240,0.11280595207140032,0.2567475090076016,0.14566892174792911,0.016015983131636026,upper,0.975,1.4764181877074356
stiffness_only,nominal,peak_velocity_m_per_s,240,0.16846338328576155,0.39559934666405233,0.2326248006359636,0.03057300922566165,upper,0.9541666666666667,1.510253603858514
stiffness_only,nominal,dominant_response_frequency_hz,240,0.534611417552856,7.957935941769894,3.41141082960843,1.0256222533869574,upper,0.9041666666666667,2.8989417338409638
stiffness_only,nominal,late_hold_oscillation_rms_m,240,0.8389189903466105,1.4778701937318428,0.8611950979168639,-0.12834665182997648,upper,0.9458333333333333,144.93172786661108
stiffness_only,nominal,hold_settling_time_s,240,3.0499005282909954,537608.9849958732,220702.40239477291,119695.62052543256,upper,0.9416666666666667,1471955.1975623397
stiffness_only,nominal,force_to_displacement_gain_m_per_n,240,0.11280595207140096,0.25674750900759824,0.14566892174793045,0.01601598313164135,upper,0.975,1.476418187707437
stiffness_only,nominal,disturbance_limited_safe_force_n,240,0.2255988537248575,0.5962978057684354,0.43988517686187123,0.048766770464602205,lower,0.9666666666666667,0.5406690392033335
stiffness_only,high,peak_displacement_m,240,0.11466277301704905,0.2625504588324414,0.15339843645289944,0.01898474413906762,upper,0.975,1.493036546048653
stiffness_only,high,peak_velocity_m_per_s,240,0.1716642334476613,0.4086209324808643,0.2387490066890382,0.03361541029662935,upper,0.95,1.5300421175427286
stiffness_only,high,dominant_response_frequency_hz,240,0.528842441121874,7.849056757368854,3.370402871968587,1.017304149321303,upper,0.9041666666666667,2.89458987458903
stiffness_only,high,late_hold_oscillation_rms_m,240,0.839900140472081,1.5019718899977124,0.8608263456474792,-0.12798187471975916,upper,0.9458333333333333,150.2987859022333
stiffness_only,high,hold_settling_time_s,240,3.562244095740538,533378.8514529981,221032.0034417745,120245.64817049574,upper,0.9458333333333333,1453620.2220934764
stiffness_only,high,force_to_displacement_gain_m_per_n,240,0.11466277301704966,0.26255045883244743,0.1533984364529009,0.018984744139072963,upper,0.975,1.493036546048654
stiffness_only,high,disturbance_limited_safe_force_n,240,0.2266569209187864,0.5990136280217087,0.4371005736531886,0.047979017460091956,lower,0.9666666666666667,0.5376571280000099
frequency_response,low,peak_displacement_m,240,0.11279827409212667,0.5819098776816461,0.2851817461513911,0.045988018484481405,upper,0.9166666666666666,1.4976395523850932
frequency_response,low,peak_velocity_m_per_s,240,0.07634732225918536,0.41402223066911603,0.20493769142774673,0.021487128441465327,upper,0.9541666666666667,1.318183842008958
frequency_response,low,dominant_response_frequency_hz,240,0.27401047343426543,5.870084095844439,2.0481918117463898,0.5587331029651547,upper,0.9791666666666666,2.2135742054292673
frequency_response,low,late_hold_oscillation_rms_m,240,0.17063501734658523,1.5450236811439872,26.871313015127864,2.8368558848781995,upper,0.9583333333333334,2.9689202307189797
frequency_response,low,hold_settling_time_s,240,0.39275304624255375,226671.7720626612,104619.98926692318,33495.495283181415,upper,0.9291666666666667,281179.81982973404
frequency_response,low,force_to_displacement_gain_m_per_n,240,0.11279827409212907,0.5819098776816449,0.28518174615138864,0.045988018484477984,upper,0.9166666666666666,1.4976395523850936
frequency_response,low,disturbance_limited_safe_force_n,240,0.1566305908876075,0.4981864969771163,0.25470515744022015,0.027740173672363463,lower,0.9541666666666667,0.6732837901651794
frequency_response,nominal,peak_displacement_m,240,0.1222317545725798,0.59992013084935,0.29714577868522,0.05344178605787904,upper,0.9166666666666666,1.4881361468968382
frequency_response,nominal,peak_velocity_m_per_s,240,0.08781406013661024,0.421969896429118,0.2131648130618278,0.02606644075807425,upper,0.9458333333333333,1.3181327230596085
frequency_response,nominal,dominant_response_frequency_hz,240,0.2785836832793595,5.610657219848295,2.6574887769430795,0.6662128730440346,upper,0.9666666666666667,2.214080451966526
frequency_response,nominal,late_hold_oscillation_rms_m,240,0.16656387701795794,1.520248295820545,39.65674091562272,3.76338771667424,upper,0.9625,3.0518282436179165
frequency_response,nominal,hold_settling_time_s,240,0.401534909954736,253417.55317614827,108700.48157539374,37701.09415251074,upper,0.925,306991.47572876175
frequency_response,nominal,force_to_displacement_gain_m_per_n,240,0.12223175457257524,0.5999201308493364,0.2971457786852177,0.05344178605787578,upper,0.9166666666666666,1.4881361468968444
frequency_response,nominal,disturbance_limited_safe_force_n,240,0.1486596163447737,0.5064627983624083,0.25370008035049313,0.021949130879422452,lower,0.9458333333333333,0.6702717646492082
frequency_response,high,peak_displacement_m,240,0.12559276916400922,0.6419116009734096,0.3095932378256643,0.05943406801981629,upper,0.925,1.4878405887171655
frequency_response,high,peak_velocity_m_per_s,240,0.090280411752787,0.43256248530774694,0.21681146323227635,0.030973168007077487,upper,0.95,1.3094679192233376
frequency_response,high,dominant_response_frequency_hz,240,0.2746385882171724,5.09894767988925,2.1520284900435747,0.5517932590991294,upper,0.9625,2.199314350193805
frequency_response,high,late_hold_oscillation_rms_m,240,0.145250853244955,1.7481664334553608,32.30353958059992,4.065621727996782,upper,0.9791666666666666,3.808860142331776
frequency_response,high,hold_settling_time_s,240,0.5419244472019329,230911.39787536868,114958.07480077505,45662.57701760577,upper,0.9208333333333333,298844.33821963833
frequency_response,high,force_to_displacement_gain_m_per_n,240,0.1255927691640077,0.6419116009733934,0.30959323782566245,0.059434068019813116,upper,0.925,1.48784058871717
frequency_response,high,disturbance_limited_safe_force_n,240,0.15153564020714336,0.5275459497185658,0.25892359495414813,0.02007986827368985,lower,0.9458333333333333,0.6634772416988326
time_domain,low,peak_displacement_m,240,0.1481199283172553,0.3429030947957265,0.21490725866893562,-0.002514571254382589,upper,0.975,1.2676239920136227
time_domain,low,peak_velocity_m_per_s,240,0.1264257153024625,0.38776994477723303,0.17938144927467445,0.005106943212763928,upper,0.975,1.2235391046844664
time_domain,low,dominant_response_frequency_hz,240,0.1299525103558129,3.169638374554012,2.2925988702180553,0.45727026677900123,upper,0.9541666666666667,1.4696374226725972
time_domain,low,late_hold_oscillation_rms_m,240,0.5044992223466894,8.744137244194063,5.078644609762862,1.3453025487954562,upper,0.9541666666666667,14.705851000185685
time_domain,low,hold_settling_time_s,240,0.7330491980110221,427976.4920985067,173082.6627598305,72918.21108800429,upper,0.9541666666666667,655798.638150556
time_domain,low,force_to_displacement_gain_m_per_n,240,0.14811992831726248,0.34290309479569525,0.21490725866893312,-0.002514571254383611,upper,0.975,1.2676239920135757
time_domain,low,disturbance_limited_safe_force_n,240,0.1804079364517978,0.6204889947721581,0.33303943048137674,0.036728163442734156,lower,0.9,0.6812248606645089
time_domain,nominal,peak_displacement_m,240,0.12051840382139108,0.45107617412807793,0.22830399477666186,0.028551716133822392,upper,0.9833333333333333,1.285439401513127
time_domain,nominal,peak_velocity_m_per_s,240,0.12271342082895398,0.3499716051600741,0.18047580659030577,0.005980510201134063,upper,0.9791666666666666,1.2200271186064342
time_domain,nominal,dominant_response_frequency_hz,240,0.14979269445112964,3.4760223574267,2.6581699690067726,0.5155347945993756,upper,0.9666666666666667,1.418333287966695
time_domain,nominal,late_hold_oscillation_rms_m,240,0.3437531337274041,5.567660255552635,7.416525595504272,1.0251829071986653,upper,0.9583333333333334,11.668566422069716
time_domain,nominal,hold_settling_time_s,240,0.6864143249498368,317531.1941439408,133578.65383284746,56575.92770891931,upper,0.95,633828.5155099898
time_domain,nominal,force_to_displacement_gain_m_per_n,240,0.12051840382146069,0.451076174127978,0.2283039947766642,0.028551716133828026,upper,0.9833333333333333,1.2854394015130852
time_domain,nominal,disturbance_limited_safe_force_n,240,0.17227375001684936,0.6263058356694855,0.30802092035880424,0.02902326396252123,lower,0.925,0.6825763258683941
time_domain,high,peak_displacement_m,240,0.11881524602057814,0.5481366228054543,0.2692328547396768,0.04241535416998291,upper,0.9791666666666666,1.281089131212466
time_domain,high,peak_velocity_m_per_s,240,0.13112453993070033,0.4114194301945452,0.1945454568226688,0.023652715019274743,upper,0.9791666666666666,1.2294118830009226
time_domain,high,dominant_response_frequency_hz,240,0.15525535331907553,5.002950051338336,3.251736007490417,0.6881889487574423,upper,0.9666666666666667,1.3850002357996425
time_domain,high,late_hold_oscillation_rms_m,240,0.5567397141566026,4.149818537360635,2.770133686479199,0.42962139987191994,upper,0.9375,6.753393091958667
time_domain,high,hold_settling_time_s,240,0.7847592205683577,293007.8566756571,123900.5068517217,53523.51570607619,upper,0.9375,603578.9866306768
time_domain,high,force_to_displacement_gain_m_per_n,240,0.11881524602065047,0.5481366228056846,0.26923285473964836,0.042415354169974585,upper,0.9791666666666666,1.2810891312124633
time_domain,high,disturbance_limited_safe_force_n,240,0.19767182924755847,0.5445068701735113,0.32041479656974364,0.04018049558662485,lower,0.9166666666666666,0.6870831270430685
combined_task,low,peak_displacement_m,240,0.0572162777948088,0.17785507719855415,0.0859630967298356,-0.008987518049923697,upper,0.9458333333333333,1.13144492250278
combined_task,low,peak_velocity_m_per_s,240,0.040475150745862574,0.15848532650452413,0.07425131417909496,-0.001027440199609823,upper,0.9458333333333333,1.1079651620342572
combined_task,low,dominant_response_frequency_hz,240,0.1371933013700425,2.4933766000376365,1.7700659225978488,0.3411843605235487,upper,0.9541666666666667,1.4924054650495293
combined_task,low,late_hold_oscillation_rms_m,240,0.1050263364285143,3.691089936891994,2.8012783216944013,0.5009473220524463,upper,0.9666666666666667,1.794244183843548
combined_task,low,hold_settling_time_s,240,0.33029689125199146,243563.09939504633,100692.02104620905,35508.10441886659,upper,0.9541666666666667,228395.6521577777
combined_task,low,force_to_displacement_gain_m_per_n,240,0.0572162777948073,0.17785507719859683,0.08596309672983699,-0.008987518049924372,upper,0.9458333333333333,1.1314449225028085
combined_task,low,disturbance_limited_safe_force_n,240,0.15388151613781437,0.5236734755768596,0.23939813150883957,0.0422502983579843,lower,0.9416666666666667,0.7244498212866575
combined_task,nominal,peak_displacement_m,240,0.048355634768966066,0.1722930165645058,0.081296727058395,-0.0025505999627053666,upper,0.9625,1.1391254795989796
combined_task,nominal,peak_velocity_m_per_s,240,0.03885380518604091,0.14845736022043515,0.07244430323921489,-0.0020208831940122184,upper,0.95,1.1100378532102977
combined_task,nominal,dominant_response_frequency_hz,240,0.12712115841930588,2.192812719427411,2.6185247752442367,0.47566593685252606,upper,0.95,1.4626150657714279
combined_task,nominal,late_hold_oscillation_rms_m,240,0.11250551275838952,2.6399241141775374,1.9571294300602713,0.3072774851456735,upper,0.9666666666666667,2.024835533669758
combined_task,nominal,hold_settling_time_s,240,0.35107143647764366,273621.53953456075,101967.66257930406,37502.5923773481,upper,0.95,262191.40790714754
combined_task,nominal,force_to_displacement_gain_m_per_n,240,0.048355634768982615,0.17229301656447327,0.08129672705839716,-0.00255059996269746,upper,0.9625,1.1391254795989987
combined_task,nominal,disturbance_limited_safe_force_n,240,0.1470302873202304,0.4799957904444835,0.22443515956785653,0.030790631495202073,lower,0.9375,0.71970987540342
combined_task,high,peak_displacement_m,240,0.0538930251922516,0.18911180480379564,0.09137687993436426,0.00673423180092324,upper,0.9583333333333334,1.1507678571709652
combined_task,high,peak_velocity_m_per_s,240,0.048002654959768756,0.15053181135016722,0.07710698436002053,0.006997654423466998,upper,0.95,1.1216960440271309
combined_task,high,dominant_response_frequency_hz,240,0.13458270474660017,2.9221529086704443,2.695648681283537,0.5492377615819736,upper,0.9375,1.4736827376779527
combined_task,high,late_hold_oscillation_rms_m,240,0.14265826393707037,1.9279333865664439,1.1873435640378698,0.11179969976908294,upper,0.9625,1.6016331896262657
combined_task,high,hold_settling_time_s,240,0.3835630971533607,287759.2213602017,108482.48258563402,44333.77439318009,upper,0.9541666666666667,218212.01207552553
combined_task,high,force_to_displacement_gain_m_per_n,240,0.05389302519222659,0.18911180480367792,0.09137687993433638,0.006734231800916734,upper,0.9583333333333334,1.1507678571708997
combined_task,high,disturbance_limited_safe_force_n,240,0.1411930351359195,0.47211595793197625,0.23330971878344497,0.028346719974754776,lower,0.95,0.708314816265045
