observation_duration_s,noise_regime,trial_count,accuracy,false_safe_rate,false_safe_fraction,false_safe_count,false_unsafe_rate,safe_precision,safe_recall,caution_precision,caution_recall,unsafe_precision,unsafe_recall,confusion_safe_safe,confusion_safe_caution,confusion_safe_unsafe,confusion_caution_safe,confusion_caution_caution,confusion_caution_unsafe,confusion_unsafe_safe,confusion_unsafe_caution,confusion_unsafe_unsafe,settling_median_absolute_error_s,settling_p95_absolute_error_s,peak_displacement_median_abs_relative_error,peak_displacement_p95_abs_relative_error,median_decision_margin,decision_change_probability,median_probe_force_squared_dose_n2_s
0.0,low,240,0.8791666666666667,0.012195121951219513,0.004166666666666667,1,0.012658227848101266,0.9931506849315068,0.9177215189873418,0.6052631578947368,0.6764705882352942,0.7678571428571429,0.8958333333333334,145,11,2,0,23,11,1,4,43,0.0707134319818875,0.9741129984090171,0.04645120871844691,0.16409271156536784,0.561589111839137,0.0,0.2061243370333079
0.0,nominal,240,0.8916666666666667,0.024390243902439025,0.008333333333333333,2,0.012658227848101266,0.9864864864864865,0.9240506329113924,0.6578947368421053,0.7352941176470589,0.7962962962962963,0.8958333333333334,146,10,2,0,25,9,2,3,43,0.07927826787710668,0.9394175435350842,0.04816535533468906,0.16618433967587715,0.5787847199638992,0.0,0.2061243370333079
0.0,high,240,0.8791666666666667,0.036585365853658534,0.0125,3,0.0189873417721519,0.9797297297297297,0.9177215189873418,0.6571428571428571,0.6764705882352942,0.7543859649122807,0.8958333333333334,145,10,3,0,23,11,3,2,43,0.0571468213567493,0.991631569775667,0.0471422602357075,0.19153614967933466,0.5553817711877271,0.0,0.2061243370333079
0.25,low,240,0.8791666666666667,0.024390243902439025,0.008333333333333333,2,0.0189873417721519,0.9863013698630136,0.9113924050632911,0.631578947368421,0.7058823529411765,0.7678571428571429,0.8958333333333334,144,11,3,0,24,10,2,3,43,0.06771224628023081,1.064919191240098,0.039631166244680785,0.16755955265954692,0.6120659181912844,0.03333333333333333,0.2061243370333079
0.25,nominal,240,0.8791666666666667,0.024390243902439025,0.008333333333333333,2,0.0189873417721519,0.9863013698630136,0.9113924050632911,0.631578947368421,0.7058823529411765,0.7678571428571429,0.8958333333333334,144,11,3,0,24,10,2,3,43,0.060586328110201204,0.9616204837351184,0.04640721278388314,0.17424123271521536,0.5906722911939963,0.0125,0.2061243370333079
0.25,high,240,0.9041666666666667,0.036585365853658534,0.0125,3,0.02531645569620253,0.9801324503311258,0.9367088607594937,0.7647058823529411,0.7647058823529411,0.7818181818181819,0.8958333333333334,148,6,4,0,26,8,3,2,43,0.0734069206571028,1.0078711057149552,0.048127711585791995,0.19943987552648124,0.5613220078005214,0.05,0.2061243370333079
0.5,low,240,0.8291666666666667,0.0,0.0,0,0.012658227848101266,1.0,0.8417721518987342,0.45098039215686275,0.6764705882352942,0.7678571428571429,0.8958333333333334,133,23,2,0,23,11,0,5,43,0.07137106567493505,0.8007769301664152,0.04419878746934735,0.16757257978978699,0.6101068149775589,0.07083333333333333,0.2061243370333079
0.5,nominal,240,0.8333333333333334,0.0,0.0,0,0.012658227848101266,1.0,0.8291139240506329,0.46296296296296297,0.7352941176470589,0.8,0.9166666666666666,131,25,2,0,25,9,0,4,44,0.05708782672436585,0.7779415485400937,0.0406860439215519,0.16189132434991305,0.6092991581083054,0.09166666666666666,0.2061243370333079
0.5,high,240,0.8291666666666667,0.0,0.0,0,0.006329113924050633,1.0,0.8417721518987342,0.4423076923076923,0.6764705882352942,0.7818181818181819,0.8958333333333334,133,24,1,0,23,11,0,5,43,0.0763587620494518,0.8316189538525603,0.050137626253806675,0.1839014220980597,0.6067477392160293,0.07916666666666666,0.2061243370333079
1.0,low,240,0.8166666666666667,0.0,0.0,0,0.0,1.0,0.8291139240506329,0.4074074074074074,0.6470588235294118,0.7818181818181819,0.8958333333333334,131,27,0,0,22,12,0,5,43,0.06919114003713908,1.0002770813587196,0.039914360120114276,0.18756459570238196,0.5705677231933782,0.08333333333333333,0.2061243370333079
1.0,nominal,240,0.8333333333333334,0.0,0.0,0,0.0,1.0,0.8354430379746836,0.44642857142857145,0.7352941176470589,0.8269230769230769,0.8958333333333334,132,26,0,0,25,9,0,5,43,0.061025864106495964,1.0482214570890078,0.04202416861318049,0.2020755403176577,0.5597957815546898,0.1,0.2061243370333079
1.0,high,240,0.8375,0.0,0.0,0,0.006329113924050633,1.0,0.8544303797468354,0.46153846153846156,0.7058823529411765,0.7924528301886793,0.875,135,22,1,0,24,10,0,6,42,0.07560580470463368,1.061345156809313,0.04998560347203831,0.21514165021164625,0.5523828227150037,0.07916666666666666,0.2061243370333079
1.5,low,240,0.8166666666666667,0.0,0.0,0,0.006329113924050633,1.0,0.8227848101265823,0.41818181818181815,0.6764705882352942,0.7818181818181819,0.8958333333333334,130,27,1,0,23,11,0,5,43,0.06299287764459247,0.8513939842442682,0.045748416900487705,0.16138647953958746,0.5682885667765692,0.07083333333333333,0.2061243370333079
1.5,nominal,240,0.825,0.0,0.0,0,0.006329113924050633,1.0,0.8291139240506329,0.43636363636363634,0.7058823529411765,0.7962962962962963,0.8958333333333334,131,26,1,0,24,10,0,5,43,0.0590843930118555,0.8339158398669791,0.04130158271457042,0.16708276698908717,0.5674378454830429,0.0875,0.2061243370333079
1.5,high,240,0.8333333333333334,0.0,0.0,0,0.006329113924050633,1.0,0.8417721518987342,0.4528301886792453,0.7058823529411765,0.7962962962962963,0.8958333333333334,133,24,1,0,24,10,0,5,43,0.07625113729125697,0.839750476952678,0.04889076725009002,0.18898961153930702,0.5715780770927446,0.08333333333333333,0.2061243370333079
2.0,low,240,0.8125,0.0,0.0,0,0.006329113924050633,1.0,0.8164556962025317,0.4107142857142857,0.6764705882352942,0.7818181818181819,0.8958333333333334,129,28,1,0,23,11,0,5,43,0.07311562399187001,0.8726463729600566,0.046023831582009,0.1797565690374241,0.5826486888643971,0.075,0.2061243370333079
2.0,nominal,240,0.8333333333333334,0.0,0.0,0,0.006329113924050633,1.0,0.8291139240506329,0.45614035087719296,0.7647058823529411,0.8269230769230769,0.8958333333333334,131,26,1,0,26,8,0,5,43,0.06752483891391683,0.9507961332074831,0.04398035273156442,0.17552251776559977,0.5726737859401516,0.0875,0.2061243370333079
2.0,high,240,0.8541666666666666,0.0,0.0,0,0.012658227848101266,1.0,0.8607594936708861,0.5098039215686274,0.7647058823529411,0.8113207547169812,0.8958333333333334,136,20,2,0,26,8,0,5,43,0.07632222315754245,0.9872931775528805,0.04584612223739783,0.1867130594643226,0.57071157227173,0.09166666666666666,0.2061243370333079
3.0,low,240,0.8083333333333333,0.0,0.0,0,0.006329113924050633,1.0,0.8164556962025317,0.4,0.6470588235294118,0.7678571428571429,0.8958333333333334,129,28,1,0,22,12,0,5,43,0.08873317819343016,0.893907382710816,0.04627776802892894,0.15764023868148344,0.5823167857815374,0.07916666666666666,0.2061243370333079
3.0,nominal,240,0.8458333333333333,0.0,0.0,0,0.006329113924050633,1.0,0.8481012658227848,0.4807692307692308,0.7352941176470589,0.8148148148148148,0.9166666666666666,134,23,1,0,25,9,0,4,44,0.07784783515584029,0.9388150141806869,0.04154825713446775,0.163748086584213,0.6001747274678294,0.075,0.2061243370333079
3.0,high,240,0.8458333333333333,0.0,0.0,0,0.012658227848101266,1.0,0.8481012658227848,0.49019607843137253,0.7352941176470589,0.8,0.9166666666666666,134,22,2,0,25,9,0,4,44,0.06622698458616023,0.9028731594111046,0.04405524742014902,0.1818984386774192,0.5986372378488697,0.08333333333333333,0.2061243370333079
