case_id,scenario,target,probe,random_seed,true_stiffness_n_per_m,true_damping_n_s_per_m,true_effective_mass_kg,batch_stiffness_n_per_m,batch_damping_n_s_per_m,batch_effective_mass_kg,batch_stiffness_relative_error,batch_damping_relative_error,batch_effective_mass_relative_error,batch_relative_error_rms,batch_force_rmse_n,rls_stiffness_n_per_m,rls_damping_n_s_per_m,rls_effective_mass_kg,rls_stiffness_relative_error,rls_damping_relative_error,rls_effective_mass_relative_error,rls_relative_error_rms,regression_rank,normalized_condition_number,normalized_min_singular_value,parameter_correlation_k_c,parameter_correlation_k_m,parameter_correlation_c_m,maximum_abs_parameter_correlation,peak_abs_probe_force_n,peak_abs_displacement_m,peak_abs_velocity_m_per_s,peak_abs_acceleration_m_per_s2
perfect__rigid_high_stiffness__ramp,perfect,rigid_high_stiffness,ramp,1101,2000.0,20.0,1.0,1999.999999999998,19.999999999999517,0.999999999999801,-1.0231815394945442e-15,-2.4158453015843406e-14,-1.9895196601282805e-13,1.1571021639272102e-13,1.2134887809065956e-15,1999.9999999998645,20.000000000049745,0.9999999999987914,-6.775735528208315e-14,2.4872548465282308e-12,-1.2085887846069454e-12,1.5970508842916985e-12,3,1.3267868031348835,0.8511930286295462,-0.26785945410018636,0.06922642441728721,-0.01861500088193667,0.26785945410018636,1.0,0.0005098636286815101,0.0009909298116196692,0.0218807770585408
perfect__rigid_high_stiffness__half_sine,perfect,rigid_high_stiffness,half_sine,1102,2000.0,20.0,1.0,1999.9999999999993,19.999999999999982,1.000000000000007,-3.410605131648481e-16,-8.881784197001252e-16,7.105427357601002e-15,4.1389322742709876e-15,1.6166598529789518e-16,1999.9999999998547,19.99999999999863,0.9999999999992011,-7.264588930411264e-14,-6.856737400084967e-14,-7.989164885202626e-13,4.648463780790756e-13,3,1.2693656989402302,0.875160091665641,-2.23444741521916e-05,0.23409479655294968,-9.550670244933403e-05,0.23409479655294968,1.0,0.0005021909328122982,0.0023150474635711318,0.05175673613062836
perfect__rigid_high_stiffness__sinusoid,perfect,rigid_high_stiffness,sinusoid,1103,2000.0,20.0,1.0,2000.0000000000002,20.000000000000014,1.0000000000000142,1.1368683772161603e-16,7.105427357601002e-16,1.4210854715202004e-14,8.215152411103757e-15,8.673350457765007e-16,1999.9999999990418,20.000000000000377,0.9999999999948816,-4.7907633415889e-13,1.8829382497642654e-14,-5.118350188126897e-12,2.9680171454971414e-12,3,4.950441137593598,0.2800168772336941,-0.057447864748304024,0.9215433455643671,-0.062171793850021216,0.9215433455643671,0.9999210442038162,0.0005759098882721776,0.008293724657040326,0.19918395375686934
perfect__rigid_high_stiffness__chirp,perfect,rigid_high_stiffness,chirp,1104,2000.0,20.0,1.0,2000.0000000000055,20.000000000000025,1.0,2.7284841053187848e-15,1.2434497875801752e-15,0.0,1.731164626025924e-15,3.02177157375523e-15,1999.9999999990757,19.99999999999876,0.9999999999994879,-4.621369953383692e-13,-6.199485369506874e-14,-5.121458812595847e-13,3.9987805142576715e-13,3,3.6797966981352297,0.37086693729454134,-0.007947611994764466,0.8624555479099834,-0.008063216723722764,0.8624555479099837,1.0,0.0011110710656813696,0.050209274082508665,2.38749180150072
perfect__rigid_high_stiffness__multisine,perfect,rigid_high_stiffness,multisine,1105,2000.0,20.0,1.0,1999.9999999999907,20.000000000000018,0.9999999999999964,-4.6611603465862574e-15,8.881784197001252e-16,-3.552713678800501e-15,3.4223311336643685e-15,1.4416565693565903e-15,1999.9999999995043,19.999999999998835,0.9999999999997147,-2.4783730623312296e-13,-5.826450433232821e-14,-2.8532731732866523e-13,2.207787435721983e-13,3,2.638410402951251,0.5012144348666755,-0.009652425389806298,0.7487657915651603,-0.012101303177097301,0.7487657915651607,0.9088358012080359,0.0006006592699266698,0.015872273815666853,0.6739822737428437
perfect__compliant__ramp,perfect,compliant,ramp,1201,100.0,5.0,1.0,100.00000000000003,4.999999999999991,0.9999999999999805,2.842170943040401e-16,-1.7763568394002505e-15,-1.9539925233402755e-14,1.1329090888865831e-14,7.213424311317299e-16,99.99999999999318,5.0000000000020375,0.9999999999995733,-6.821210263296962e-14,4.0749625895841747e-13,-4.2665870836344766e-13,3.429012226249623e-13,3,1.378593694378074,0.83037861498845,-0.25991729710004663,0.1819062255830984,-0.04728869171341129,0.25991729710004663,1.0,0.010741747288755892,0.019257859665778868,0.09487073205868338
perfect__compliant__half_sine,perfect,compliant,half_sine,1202,100.0,5.0,1.0,100.00000000000001,5.000000000000008,1.0000000000000018,1.4210854715202004e-16,1.5987211554602255e-15,1.7763568394002505e-15,1.3822141407868975e-15,1.9289212017927015e-16,99.99999999998845,4.999999999999669,0.9999999999996205,-1.155342488345923e-13,-6.625811010962934e-14,-3.794742298168785e-13,2.321917245899649e-13,3,1.933386798873454,0.6497079476582774,-1.0841304803506621e-05,0.5778795826146358,-1.875595694412442e-05,0.5778795826146358,1.0,0.011837083203577797,0.03919971314070859,0.22067941206897732
perfect__compliant__sinusoid,perfect,compliant,sinusoid,1203,100.0,5.0,1.0,100.00000000000009,5.000000000000002,1.0,8.526512829121202e-16,3.552713678800501e-16,0.0,5.333016516903751e-16,7.296862556557984e-16,99.99999999944465,5.000000000000914,0.9999999999963186,-5.553459914153791e-12,1.8278711877428578e-13,-3.6813885273545566e-12,3.8482441727035545e-12,3,11.522353339799144,0.12226503981119748,-0.15781708071542333,0.9850425301541204,-0.15761330039604185,0.985042530154121,0.9999210442038162,0.013434577288119871,0.16030969191720595,1.948785560721951
perfect__compliant__chirp,perfect,compliant,chirp,1204,100.0,5.0,1.0,99.99999999999991,5.0000000000000036,1.0,-8.526512829121202e-16,7.105427357601002e-16,0.0,6.408029311192671e-16,4.30453150426585e-16,99.99999999997667,4.999999999999669,0.9999999999998536,-2.3334223442361693e-13,-6.625811010962934e-14,-1.4643841694805815e-13,1.6358784131607427e-13,3,2.0681584154506285,0.6156160862605109,-0.00012154015212906689,0.621016828952807,-0.0001183581145138446,0.621016828952807,1.0,0.01388841991801081,0.15218907429031361,2.0253452212885024
perfect__compliant__multisine,perfect,compliant,multisine,1205,100.0,5.0,1.0,99.99999999999997,5.0,1.0,-2.842170943040401e-16,0.0,0.0,1.640928159047308e-16,1.1553512950866217e-16,99.99999999997755,4.999999999999777,0.9999999999997884,-2.2453150450019167e-13,-4.458655666894629e-14,-2.1160850849355484e-13,1.7998196059196194e-13,3,2.365016526371556,0.550643379132185,-0.040756416831956466,0.6963833629216815,-0.046051735326162795,0.6963833629216815,0.9088358012080359,0.006976092364378182,0.06780939837087019,0.9938424909266527
perfect__lightly_damped_flexible__ramp,perfect,lightly_damped_flexible,ramp,1301,300.0,0.5,1.0,300.0000000000003,0.5000000000001934,0.9999999999999934,9.473903143468002e-16,3.8680170177940454e-13,-6.5503158452884236e-15,2.2335275588593345e-13,1.1455159352455314e-15,299.99999999998084,0.5000000000053823,0.9999999999997587,-6.385410718697433e-14,1.0764500402160593e-11,-2.412514632510465e-13,6.216557153377877e-12,3,1.270649190589269,0.8743383024258073,-0.22385674778428644,0.07590043665201839,-0.01905404784843435,0.22385674778428644,1.0,0.0034368605174839324,0.008691606312854023,0.0752696446606711
perfect__lightly_damped_flexible__half_sine,perfect,lightly_damped_flexible,half_sine,1302,300.0,0.5,1.0,300.0,0.4999999999999951,0.9999999999999993,0.0,-9.769962616701378e-15,-6.661338147750939e-16,5.653786453664755e-15,1.0282426146543446e-16,299.9999999999714,0.4999999999999928,0.9999999999998046,-9.530746562328811e-14,-1.4432899320127035e-14,-1.9539925233402755e-13,1.2579439494537125e-13,3,1.5012158270637441,0.7840170585066407,-0.00424589347795552,0.385239130962723,-0.00873445688959647,0.385239130962723,1.0,0.003730369862153773,0.01954681786328133,0.23466589069617938
perfect__lightly_damped_flexible__sinusoid,perfect,lightly_damped_flexible,sinusoid,1303,300.0,0.5,1.0,300.0000000000005,0.4999999999999995,1.0000000000000022,1.7053025658242404e-15,-9.992007221626409e-16,2.220446049250313e-15,1.716278880000606e-15,9.164726479541058e-16,299.9999999996543,0.5000000000004782,0.9999999999982625,-1.1524055783714478e-12,9.563461134121098e-13,-1.73749903353837e-12,1.3243286849377498e-12,3,6.368788552014747,0.21936051774730175,-0.06317611196462808,0.9518630797446169,-0.06547547819578341,0.9518630797446169,0.9999210442038162,0.01135504603809052,0.1591110044355452,2.4121973255729414
perfect__lightly_damped_flexible__chirp,perfect,lightly_damped_flexible,chirp,1304,300.0,0.5,1.0,300.00000000000017,0.5000000000000011,1.0,5.684341886080802e-16,2.220446049250313e-15,0.0,1.3233162993542462e-15,1.3030866916188426e-15,299.99999999953553,0.5000000000003534,0.9999999999985185,-1.548225251705541e-12,7.067679774763747e-13,-1.4814816040598089e-12,1.3027292053188895e-12,3,6.664646937781208,0.20984231805024825,-0.04830792236957236,0.9559588454956249,-0.04752493709278919,0.9559588454956249,1.0,0.016204507480986903,0.296682309974626,5.817302513144629
perfect__lightly_damped_flexible__multisine,perfect,lightly_damped_flexible,multisine,1305,300.0,0.5,1.0,300.00000000000017,0.49999999999999933,1.0000000000000007,5.684341886080802e-16,-1.3322676295501878e-15,6.661338147750939e-16,9.20468852037305e-16,2.291823236783792e-16,299.999999999948,0.5000000000000815,0.9999999999998441,-1.7337242752546444e-13,1.6298074001497298e-13,-1.5587531265737198e-13,1.6423340437512918e-13,3,1.9783326264847898,0.6379400369567488,-0.03813077582350688,0.5925109012352979,-0.02457807469565782,0.5925109012352979,0.9088358012080359,0.0026363050114178747,0.04186675746160244,0.9647145882318646
perfect__high_damping__ramp,perfect,high_damping,ramp,1401,300.0,50.0,1.0,300.0,50.0,1.000000000000007,0.0,0.0,7.105427357601002e-15,4.1023203976182695e-15,7.020756205636713e-17,299.9999999999784,50.00000000000702,0.999999999997664,-7.200166389035682e-14,1.404032445861958e-13,-2.336020266113792e-12,1.3517751285362593e-12,3,1.4996636443465978,0.7845767593508579,-0.3250900147700742,0.22880687494150065,-0.07443106743191902,0.3250900147700742,1.0,0.0033333332169547163,0.004416026719356782,0.02179394935827919
perfect__high_damping__half_sine,perfect,high_damping,half_sine,1402,300.0,50.0,1.0,300.0,50.0,1.000000000000007,0.0,0.0,7.105427357601002e-15,4.1023203976182695e-15,1.3001413378487375e-16,299.99999999997107,49.99999999999679,0.9999999999988055,-9.644433400050427e-14,-6.423306331271305e-14,-1.194488952194206e-12,6.928759515953169e-13,3,1.8044190311182933,0.6855164167394622,-5.2393679178935556e-05,0.530067237615345,-9.885180390914184e-05,0.530067237615345,1.0,0.003046349748376349,0.008415897290134753,0.050980315706639884
perfect__high_damping__sinusoid,perfect,high_damping,sinusoid,1403,300.0,50.0,1.0,300.0000000000088,50.0,1.0000000000000426,2.936909974475081e-14,0.0,4.263256414560601e-14,2.9889125923688555e-14,3.2112891232909265e-15,299.99999999948733,49.99999999999741,0.9999999999966913,-1.7089026490187582e-12,-5.186961971048731e-14,-3.3086866579878915e-12,2.1502283694233754e-12,3,8.328605298353317,0.16858739614319035,-0.11262047476973752,0.9715586504371693,-0.10981419824647957,0.9715586504371695,0.9999210442038162,0.0018982092367794497,0.02048699371768521,0.24795875597468744
perfect__high_damping__chirp,perfect,high_damping,chirp,1404,300.0,50.0,1.0,300.00000000000074,50.00000000000001,1.000000000000007,2.4632148173016807e-15,1.4210854715202004e-16,7.105427357601002e-15,4.342607511986815e-15,2.715329204246569e-15,299.99999999995373,49.99999999999669,0.9999999999998945,-1.5423514317565908e-13,-6.622258297284134e-14,-1.0547118733938987e-13,1.1445243734814269e-13,3,1.6448338123146262,0.734669799817204,-0.002240111165202539,0.4602485035624577,-0.004057945721628701,0.4602485035624577,1.0,0.002400543373274413,0.021608322852333287,0.819329421609734
perfect__high_damping__multisine,perfect,high_damping,multisine,1405,300.0,50.0,1.0,300.0000000000004,50.000000000000014,1.0,1.3263464400855204e-15,2.842170943040401e-16,0.0,7.831505252976945e-16,2.7578213620522177e-16,299.9999999999744,49.99999999999677,0.9999999999999041,-8.526512829121202e-14,-6.465938895416911e-14,-9.592326932761353e-14,8.297038082139364e-14,3,1.3312315539590938,0.8493666894646404,-0.011418690828869494,0.27835527501048984,-0.004249621699375222,0.27835527501048984,0.9088358012080359,0.001247532240855942,0.014736972240628227,0.6232191959687562
perfect__low_effective_mass__ramp,perfect,low_effective_mass,ramp,1501,300.0,5.0,0.1,300.0000000000004,5.000000000000025,0.09999999999998632,1.3263464400855204e-15,4.973799150320701e-15,-1.3683498778505054e-13,7.905759873872928e-14,1.2749504426763099e-15,299.9999999999797,5.000000000007746,0.09999999999972142,-6.764366844436153e-14,1.5491607996409585e-12,-2.785827124540674e-12,1.8407704561633412e-12,3,1.3422837269421284,0.844876664210547,-0.2750294183517542,0.08549707895050572,-0.023656655924365343,0.2750294183517542,1.0,0.0033617585381014964,0.0053311263796243825,0.13862887797661538
perfect__low_effective_mass__half_sine,perfect,low_effective_mass,half_sine,1502,300.0,5.0,0.1,300.00000000000006,5.000000000000002,0.10000000000000142,1.8947806286936006e-16,3.552713678800501e-16,1.4155343563970746e-14,8.175896915021865e-15,1.0484092056647867e-16,299.99999999997794,4.999999999999682,0.09999999999982447,-7.351748839331169e-14,-6.359357485052896e-14,-1.7554013798104506e-12,1.015034148539244e-12,3,1.3298242577119996,0.8499590920441614,-5.4556977709113564e-05,0.277569482475572,-0.0001967376248258366,0.2775694824755723,1.0,0.0033397118658750223,0.012466597781387215,0.32678411338292807
perfect__low_effective_mass__sinusoid,perfect,low_effective_mass,sinusoid,1503,300.0,5.0,0.1,300.0000000000002,5.000000000000002,0.10000000000000231,7.579122514774402e-16,3.552713678800501e-16,2.3037127760971998e-14,1.330926875277929e-14,4.59759246752788e-16,299.99999999980236,5.000000000000056,0.0999999999988762,-6.588152245967649e-13,1.1191048088221578e-14,-1.1238093788890069e-11,6.499459330016288e-12,3,5.975083067992477,0.2334351298505796,-0.07395154589065737,0.9454730839440657,-0.07783720257096988,0.9454730839440659,0.9999210442038162,0.0034456483957240338,0.04531663597470153,1.2811532391605958
perfect__low_effective_mass__chirp,perfect,low_effective_mass,chirp,1504,300.0,5.0,0.1,299.9999999999995,4.999999999999999,0.09999999999999964,-1.7053025658242404e-15,-1.7763568394002506e-16,-3.608224830031759e-15,2.3064328663741974e-15,1.0156220147697808e-15,299.9999999999213,4.999999999999696,0.0999999999999581,-2.6242711707406365e-13,-6.075140390748857e-14,-4.191091917959966e-13,2.8764053927337187e-13,3,2.9489437331409145,0.4541627334292145,-0.01918781736006216,0.7936871881919056,-0.02394650795177848,0.7936871881919058,1.0,0.004071701779218589,0.20108311498296536,12.037939025056193
perfect__low_effective_mass__multisine,perfect,low_effective_mass,multisine,1505,300.0,5.0,0.1,300.0000000000004,5.000000000000001,0.09999999999999876,1.3263464400855204e-15,1.7763568394002506e-16,-1.2490009027033011e-14,7.252380639272929e-15,2.6015380022898092e-15,299.99999999995373,4.999999999999675,0.09999999999997292,-1.5423514317565908e-13,-6.501466032204917e-14,-2.708944180085382e-13,1.8384701172024536e-13,3,2.173617973999632,0.5910665148066782,-0.008671619271636807,0.6506166123734198,-0.009066187793785768,0.6506166123734198,0.9088358012080359,0.003321246978744569,0.07935163148697792,6.232191959687562
perfect__high_effective_mass__ramp,perfect,high_effective_mass,ramp,1601,300.0,5.0,5.0,299.99999999999983,4.999999999999959,4.999999999999998,-5.684341886080802e-16,-8.171241461241152e-15,-3.552713678800501e-16,4.7335160360110155e-15,5.653807806241886e-16,299.9999999999804,5.000000000004732,4.999999999998665,-6.536993168992921e-14,9.464429240324534e-13,-2.6698643296185767e-13,5.690076718305132e-13,3,1.3330844293483048,0.848383401608553,-0.21093130186284054,0.1925197957898601,-0.04172613468097012,0.21093130186284054,1.0,0.003606788738011185,0.008071556338043167,0.031229934443247398
perfect__high_effective_mass__half_sine,perfect,high_effective_mass,half_sine,1602,300.0,5.0,5.0,299.99999999999983,5.0,4.9999999999999964,-5.684341886080802e-16,0.0,-7.105427357601002e-16,5.253533433540941e-16,2.2939900700234446e-16,299.9999999999365,4.9999999999997815,4.9999999999982085,-2.1164699622507517e-13,-4.3698378249246164e-14,-3.582911745070305e-13,2.415757748632497e-13,3,2.5687780098861066,0.5130355108440813,-0.010637331003343492,0.7367653157095795,-0.01437521642934599,0.7367653157095803,1.0,0.005035568138258957,0.018816071694032745,0.11175508339980715
perfect__high_effective_mass__sinusoid,perfect,high_effective_mass,sinusoid,1603,300.0,5.0,5.0,299.99999999999994,5.0,4.999999999999999,-1.8947806286936006e-16,0.0,-1.7763568394002506e-16,1.499515171842393e-16,1.6019510663725326e-16,299.99999999965524,5.000000000000598,4.999999999997126,-1.1491844513026686e-12,1.1954881529163685e-13,-5.748290732299211e-13,7.450604641646697e-13,3,4.679235834406813,0.2955411988366431,-0.06447105549726621,0.912589703941439,-0.06877201169210655,0.912589703941439,0.9999210442038162,0.004443302585117536,0.041764201189426906,0.4617920103884748
perfect__high_effective_mass__chirp,perfect,high_effective_mass,chirp,1604,300.0,5.0,5.0,300.0,5.000000000000003,5.0,0.0,5.329070518200751e-16,0.0,3.0767402982137023e-16,1.0932129695221302e-16,299.99999999990604,4.999999999999743,4.999999999998846,-3.1320723792305215e-13,-5.1336712658667236e-14,-2.3074875343809255e-13,2.2655331908641992e-13,3,2.621008282147843,0.5041220738829018,-0.00765863899156057,0.7458480255805341,-0.009968227622656844,0.7458480255805341,1.0,0.005425900217165503,0.050973747471328414,0.5298308082070303
perfect__high_effective_mass__multisine,perfect,high_effective_mass,multisine,1605,300.0,5.0,5.0,300.00000000000006,5.000000000000008,5.000000000000003,1.8947806286936006e-16,1.5987211554602255e-15,5.329070518200751e-16,9.790814053837008e-16,2.7713594726902117e-16,299.9999999998721,4.999999999999941,4.999999999998353,-4.263256414560601e-13,-1.1723955140041652e-14,-3.2933655802480645e-13,3.1110211192826145e-13,3,3.171292805216468,0.4252801249640685,-0.028756213851321485,0.8190871742658759,-0.027306273322028823,0.8190871742658759,0.9088358012080359,0.0030843320956877593,0.02446842808343552,0.2578683316071121
near_ideal__rigid_high_stiffness__ramp,near_ideal,rigid_high_stiffness,ramp,11101,2000.0,20.0,1.0,1999.9258958995533,18.452035793692005,0.37321868172674044,-3.705205022333757e-05,-0.07739821031539976,-0.6267813182732596,0.3646209471351705,0.004228297732632587,1999.9258958994074,18.45203579374575,0.3732186817266116,-3.705205029632452e-05,-0.07739821031271248,-0.6267813182733883,0.36462094713505416,3,1.3012369660798133,0.8641911013741728,-0.24948655173473233,0.056933467944052914,0.00975907380435048,0.2494865517347326,1.0,0.0005098636286815101,0.0009909298116196692,0.0218807770585408
near_ideal__rigid_high_stiffness__half_sine,near_ideal,rigid_high_stiffness,half_sine,11102,2000.0,20.0,1.0,1997.7491339596475,19.619783596768873,0.7720507221192463,-0.0011254330201762742,-0.019010820161556374,-0.2279492778807537,0.13206507381975877,0.0051958763980876075,1997.7491339589849,19.61978359683876,0.772050722069143,-0.0011254330205075576,-0.019010820158061926,-0.22794927793085695,0.13206507384841876,3,1.2363713928487923,0.8894339316549903,-2.2736388953489663e-05,0.20860794238062888,-0.013358160956955368,0.20860794238062888,1.0,0.0005021909328122982,0.0023150474635711318,0.05175673613062836
near_ideal__rigid_high_stiffness__sinusoid,near_ideal,rigid_high_stiffness,sinusoid,11103,2000.0,20.0,1.0,1992.349713664288,20.003098985752143,0.9494554867731786,-0.0038251431678560264,0.00015494928760713124,-0.05054451322682141,0.029265471958564923,0.0056575415042404735,1992.3497136633866,20.003098985752494,0.94945548676838,-0.003825143168306681,0.00015494928762471716,-0.050544513231620014,0.029265471961347156,3,4.833472597172801,0.2865214356143305,-0.05899908890690748,0.9178483025538384,-0.06446673474946814,0.9178483025538384,0.9999210442038162,0.0005759098882721776,0.008293724657040326,0.19918395375686934
near_ideal__rigid_high_stiffness__chirp,near_ideal,rigid_high_stiffness,chirp,11104,2000.0,20.0,1.0,1999.2656826553643,19.99327443685501,0.999512684863948,-0.00036715867231782795,-0.0003362781572494811,-0.0004873151360520467,0.0004022290108577126,0.005797199532187211,1999.2656826544423,19.99327443685376,0.9995126848634385,-0.00036715867277882806,-0.0003362781573120088,-0.00048731513656152803,0.00040222901122115805,3,3.6785679054788,0.370982259370134,-0.008113926957399233,0.8623698789905141,-0.008286866661235558,0.8623698789905149,1.0,0.0011110710656813696,0.050209274082508665,2.38749180150072
near_ideal__rigid_high_stiffness__multisine,near_ideal,rigid_high_stiffness,multisine,11105,2000.0,20.0,1.0,1999.8888179316493,19.994378034045347,0.9999695025071844,-5.559103417533606e-05,-0.0002810982977326404,-3.0497492815584337e-05,0.00016636978204881251,0.0059231330362142075,1999.8888183872027,19.994378033879045,0.999969502864312,-5.559080639864078e-05,-0.00028109830604776674,-3.0497135688034582e-05,0.00016636973954032775,3,2.6374571811013703,0.5013725754617725,-0.009407001224773686,0.7486086813660173,-0.011634865443155345,0.7486086813660179,0.9088358012080359,0.0006006592699266698,0.015872273815666853,0.6739822737428437
near_ideal__compliant__ramp,near_ideal,compliant,ramp,11201,100.0,5.0,1.0,99.9918898940123,4.97880146833303,0.9776934574812159,-8.110105987697126e-05,-0.004239706333394011,-0.022306542518784056,0.013109329074081244,0.005075485315528188,99.99188989400496,4.978801468335045,0.9776934574806818,-8.110105995044136e-05,-0.004239706332990955,-0.022306542519318184,0.013109329074340897,3,1.3784710136839557,0.8294395608054187,-0.26096061912775087,0.1814181293225514,-0.052204689634169514,0.26096061912775115,1.0,0.010741747288755892,0.019257859665778868,0.09487073205868338
near_ideal__compliant__half_sine,near_ideal,compliant,half_sine,11202,100.0,5.0,1.0,99.89933211203969,4.998476890187456,0.9939260584735283,-0.001006678879603129,-0.0003046219625087332,-0.006073941526471671,0.0035589775017401976,0.0051012288515956405,99.8993321120285,4.998476890187135,0.9939260584731547,-0.0010066788797149684,-0.0003046219625730373,-0.006073941526845261,0.0035589775019651067,3,1.9261322695016563,0.6516361677423748,-0.0005647630344533302,0.5753700625567998,-0.0007651356400854495,0.5753700625567998,1.0,0.011837083203577797,0.03919971314070859,0.22067941206897732
near_ideal__compliant__sinusoid,near_ideal,compliant,sinusoid,11203,100.0,5.0,1.0,100.00903631382238,5.000611577695792,1.0000863432565108,9.036313822377906e-05,0.00012231553915835746,8.634325651080133e-05,0.00010096492099427324,0.005060681613874128,100.00903631326713,5.000611577696693,1.0000863432528315,9.03631326713139e-05,0.00012231553933865768,8.634325283152222e-05,0.00010096491836178934,3,11.522891618804012,0.12225943378967778,-0.15743035509614123,0.9850439460696351,-0.1572247772666564,0.9850439460696354,0.9999210442038162,0.013434577288119871,0.16030969191720595,1.948785560721951
near_ideal__compliant__chirp,near_ideal,compliant,chirp,11204,100.0,5.0,1.0,100.01909856844273,5.0014920574114345,1.000214259234883,0.00019098568442728946,0.0002984114822869088,0.00021425923488305187,0.0002390480873168277,0.0051317897830499,100.01909856841944,5.0014920574110935,1.000214259234737,0.00019098568419437356,0.0002984114822186967,0.00021425923473694652,0.00023904808718276365,3,2.068211853589364,0.6156031954384439,4.871677978506254e-05,0.621032704832388,5.10964631557184e-05,0.621032704832389,1.0,0.01388841991801081,0.15218907429031361,2.0253452212885024
near_ideal__compliant__multisine,near_ideal,compliant,multisine,11205,100.0,5.0,1.0,99.966937367138,4.998377067845356,0.9998171542200276,-0.0003306263286199851,-0.00032458643092887486,-0.00018284577997240703,0.0002875776414429058,0.005155575501168986,99.96693736621577,4.998377067850224,0.9998171542076656,-0.00033062633784226137,-0.00032458642995525366,-0.00018284579233440734,0.0002875776472308416,3,2.3642480636544247,0.5507956792781248,-0.04067756377150874,0.6962159364772948,-0.04601488944413602,0.6962159364772951,0.9088358012080359,0.006976092364378182,0.06780939837087019,0.9938424909266527
near_ideal__lightly_damped_flexible__ramp,near_ideal,lightly_damped_flexible,ramp,11301,300.0,0.5,1.0,299.8594543858854,0.4504691251719052,0.9700813302326554,-0.0004684853803820488,-0.09906174965618963,-0.029918669767344586,0.05974550617450833,0.005137800985871329,299.8594543858638,0.45046912517670984,0.970081330232372,-0.00046848538045405046,-0.09906174964658032,-0.029918669767628026,0.059745506169244886,3,1.2676607849188029,0.8748086280049356,-0.22486228706386596,0.06516250567158474,-0.024040635110393196,0.22486228706386596,1.0,0.0034368605174839324,0.008691606312854023,0.0752696446606711
near_ideal__lightly_damped_flexible__half_sine,near_ideal,lightly_damped_flexible,half_sine,11302,300.0,0.5,1.0,299.9595583907875,0.4927246358048324,0.99896874073429,-0.00013480536404169167,-0.014550728390335221,-0.0010312592657100161,0.008422299069505796,0.005161336053903273,299.9595583907611,0.4927246358048397,0.9989687407341071,-0.0001348053641296095,-0.014550728390320566,-0.0010312592658928699,0.008422299069505288,3,1.5015097346068262,0.7839075879244461,-0.004669525764088896,0.385406050570146,-0.008828600482142552,0.38540605057014615,1.0,0.003730369862153773,0.01954681786328133,0.23466589069617938
near_ideal__lightly_damped_flexible__sinusoid,near_ideal,lightly_damped_flexible,sinusoid,11303,300.0,0.5,1.0,299.97220074028314,0.5009739836496695,0.9998631643557763,-9.266419905619235e-05,0.001947967299338993,-0.00013683564422373173,0.0011286994354286557,0.005157450926497789,299.97220073993753,0.500973983650147,0.9998631643540365,-9.266420020821897e-05,0.0019479673002940068,-0.0001368356459634512,0.00112869943607989,3,6.368658709035216,0.21936497275941436,-0.06301123452118634,0.9518611880602179,-0.06531644890317809,0.9518611880602179,0.9999210442038162,0.01135504603809052,0.1591110044355452,2.4121973255729414
near_ideal__lightly_damped_flexible__chirp,near_ideal,lightly_damped_flexible,chirp,11304,300.0,0.5,1.0,300.07317033730163,0.4996017279202981,1.0001466336815623,0.00024390112433877675,-0.0007965441594037781,0.0001466336815623137,0.0004883549914090872,0.005206501548528539,300.07317033683796,0.499601727920654,1.000146633680079,0.0002439011227932042,-0.0007965441586920141,0.00014663368007905575,0.0004883549906163484,3,6.666434041550119,0.20978728116864034,-0.04837021185870824,0.9559819329415721,-0.04759229619050308,0.9559819329415721,1.0,0.016204507480986903,0.296682309974626,5.817302513144629
near_ideal__lightly_damped_flexible__multisine,near_ideal,lightly_damped_flexible,multisine,11305,300.0,0.5,1.0,299.83039976237353,0.4936370239717024,0.9989771172092867,-0.0005653341254215624,-0.012725952056595213,-0.0010228827907132754,0.0073782506423420696,0.005153018570745054,299.83039976710245,0.49363702396017856,0.9989771172329788,-0.0005653341096585033,-0.012725952079642888,-0.001022882767021227,0.007378250654095444,3,1.9776110766035149,0.6381199693214901,-0.03843930897758103,0.5922711782657688,-0.025025145361158286,0.5922711782657694,0.9088358012080359,0.0026363050114178747,0.04186675746160244,0.9647145882318646
near_ideal__high_damping__ramp,near_ideal,high_damping,ramp,11401,300.0,50.0,1.0,299.8497427926899,49.877047896939295,0.610704147306528,-0.0005008573577003971,-0.0024590420612140918,-0.389295852693472,0.22476473527542012,0.0062868515711081195,299.84974279266777,49.87704789694594,0.6107041473054089,-0.0005008573577741041,-0.00245904206108122,-0.3892958526945911,0.22476473527606577,3,1.4455786385828042,0.8058555190917652,-0.31884820076500686,0.16485699940679685,-0.04504098823698639,0.31884820076500686,1.0,0.0033333332169547163,0.004416026719356782,0.02179394935827919
near_ideal__high_damping__half_sine,near_ideal,high_damping,half_sine,11402,300.0,50.0,1.0,299.183553719015,50.037346019531796,0.893073870144633,-0.0027214876032833975,0.0007469203906359212,-0.10692612985536698,0.06175532805810247,0.006625607601813414,299.18355371899094,50.03734601952842,0.8930738701441342,-0.002721487603363547,0.0007469203905684196,-0.1069261298558658,0.06175532805839127,3,1.7347547317955812,0.7062795152433292,0.001169456504810071,0.501166717960958,0.0020964388751073017,0.501166717960958,1.0,0.003046349748376349,0.008415897290134753,0.050980315706639884
near_ideal__high_damping__sinusoid,near_ideal,high_damping,sinusoid,11403,300.0,50.0,1.0,298.8037903534526,49.97653432042844,0.990774733884173,-0.00398736548849134,-0.0004693135914311597,-0.009225266115826969,0.005808754131875412,0.007070078505745569,298.80379035296977,49.97653432042619,0.9907747338810803,-0.003987365490100766,-0.0004693135914762081,-0.009225266118919717,0.0058087541338821495,3,8.293053306538978,0.16929664593824909,-0.11746267000492198,0.9713177425047824,-0.1148330740200834,0.9713177425047824,0.9999210442038162,0.0018982092367794497,0.02048699371768521,0.24795875597468744
near_ideal__high_damping__chirp,near_ideal,high_damping,chirp,11404,300.0,50.0,1.0,299.4256916126067,49.9973749494945,0.9988944102412631,-0.001914361291310911,-5.250101011000652e-05,-0.001105589758736869,0.001276696808741997,0.007026773563327003,299.42569161255466,49.99737494949117,0.9988944102411574,-0.001914361291484473,-5.250101017665543e-05,-0.0011055897588425623,0.00127669680886017,3,1.6440511166501561,0.7349242347651158,-0.0026594532490856622,0.4598718269246031,-0.004423514766307608,0.45987182692460316,1.0,0.002400543373274413,0.021608322852333287,0.819329421609734
near_ideal__high_damping__multisine,near_ideal,high_damping,multisine,11405,300.0,50.0,1.0,299.6439268552448,50.09183566135854,0.9999932936387879,-0.001186910482517381,0.0018367132271707475,-6.706361212138745e-06,0.0012625789675177195,0.007192280631312476,299.643926940484,50.09183566136615,0.9999932948808362,-0.0011869101983866888,0.0018367132273229459,-6.705119163785689e-06,0.0012625788763585427,3,1.3295721052811738,0.8500858499127194,-0.010811745426945239,0.2771973621930867,-0.001612425946584163,0.277197362193087,0.9088358012080359,0.001247532240855942,0.014736972240628227,0.6232191959687562
near_ideal__low_effective_mass__ramp,near_ideal,low_effective_mass,ramp,11501,300.0,5.0,0.1,300.0082341315123,4.997723912438267,0.09280407715499983,2.744710504108146e-05,-0.00045521751234662845,-0.07195922845000174,0.04154651423584038,0.0012252749104810416,300.0082341314913,4.997723912448489,0.09280407715635108,2.7447104970974577e-05,-0.0004552175103022194,-0.07195922843648922,0.04154651422803159,3,1.3427309976558965,0.8454195145931285,-0.27507416400457996,0.08459382029516802,-0.01747827887409909,0.27507416400458007,1.0,0.0033617585381014964,0.0053311263796243825,0.13862887797661538
near_ideal__low_effective_mass__half_sine,near_ideal,low_effective_mass,half_sine,11502,300.0,5.0,0.1,299.97718024399774,4.994808747891786,0.099428927321207,-7.606585334087867e-05,-0.00103825042164285,-0.005710726787929998,0.0033514250898419966,0.001292411944665281,299.9771802439417,4.99480874788993,0.09942892731760365,-7.606585352770405e-05,-0.001038250422013931,-0.005710726823963536,0.003351425110348415,3,1.3267698127919545,0.8512084253975964,-0.00011697500809795353,0.2754426067737557,0.0012220247781626406,0.2754426067737557,1.0,0.0033397118658750223,0.012466597781387215,0.32678411338292807
near_ideal__low_effective_mass__sinusoid,near_ideal,low_effective_mass,sinusoid,11503,300.0,5.0,0.1,299.9523318663872,4.999247068075473,0.09974569625366403,-0.00015889377870924667,-0.00015058638490543784,-0.002543037463359765,0.0014736534002587653,0.001259620974842513,299.9523318662658,4.9992470680753645,0.09974569625302142,-0.0001588937791139718,-0.00015058638492710942,-0.002543037469785875,0.0014736534039704948,3,5.970564755189838,0.23360712915743287,-0.07334835883490698,0.9453931605953337,-0.07722197998728181,0.9453931605953337,0.9999210442038162,0.0034456483957240338,0.04531663597470153,1.2811532391605958
near_ideal__low_effective_mass__chirp,near_ideal,low_effective_mass,chirp,11504,300.0,5.0,0.1,299.9632019949325,5.000101547853313,0.09998607638991075,-0.00012266001689170025,2.0309570662568888e-05,-0.0001392361008925591,0.00010777236843788389,0.001298461106017184,299.9632019948522,5.000101547853008,0.09998607638986902,-0.00012266001715924329,2.030957060163985e-05,-0.0001392361013098642,0.0001077723687152689,3,2.949044738521446,0.45414876709533536,-0.019207146839955495,0.793699797883523,-0.023967774894925267,0.793699797883523,1.0,0.004071701779218589,0.20108311498296536,12.037939025056193
near_ideal__low_effective_mass__multisine,near_ideal,low_effective_mass,multisine,11505,300.0,5.0,0.1,299.9894174728866,5.001106001568059,0.10003812369973364,-3.5275090377998214e-05,0.00022120031361172465,0.00038123699733633165,0.000255287784589029,0.001266111436753696,299.98941747427114,5.001106001566641,0.10003812370123576,-3.527508576288104e-05,0.0002212003133282181,0.0003812370123575104,0.00025528779177192747,3,2.1736526670733336,0.5910589055368085,-0.008578425415766503,0.6506262261260625,-0.008931783995205578,0.6506262261260626,0.9088358012080359,0.003321246978744569,0.07935163148697792,6.232191959687562
near_ideal__high_effective_mass__ramp,near_ideal,high_effective_mass,ramp,11601,300.0,5.0,5.0,299.4375449189877,5.004171154600887,4.297374689878284,-0.0018748502700409138,0.0008342309201774256,-0.14052506202434323,0.08114083242878553,0.023180868698933238,299.43754491825257,5.004171154996594,4.297374689042318,-0.0018748502724914337,0.0008342309993187413,-0.14052506219153643,0.08114083252559438,3,1.3198300955155096,0.8526131949402883,-0.2110176453231043,0.17852427957915987,-0.04425558082827553,0.2110176453231043,1.0,0.003606788738011185,0.008071556338043167,0.031229934443247398
near_ideal__high_effective_mass__half_sine,near_ideal,high_effective_mass,half_sine,11602,300.0,5.0,5.0,297.7794361040702,4.843958820875878,4.900508542453199,-0.007401879653099286,-0.03120823582482437,-0.019898291509360178,0.02179207662346028,0.025984403284645186,297.77943610401036,4.843958820875704,4.900508542451496,-0.007401879653298807,-0.03120823582485919,-0.019898291509700884,0.021792076623603187,3,2.5482396567289247,0.5166212783634471,-0.015535548770465271,0.7330362233490317,-0.021275791222097162,0.7330362233490318,1.0,0.005035568138258957,0.018816071694032745,0.11175508339980715
near_ideal__high_effective_mass__sinusoid,near_ideal,high_effective_mass,sinusoid,11603,300.0,5.0,5.0,298.0401071065615,4.997728688371386,4.986189714527037,-0.006532976311461691,-0.0004542623257227874,-0.0027620570945925847,0.004103457612813854,0.02514189458142097,298.04010710622026,4.997728688372004,4.986189714524191,-0.006532976312599127,-0.00045426232559915293,-0.0027620570951617297,0.004103457613540614,3,4.670635953690618,0.2960614680624839,-0.06468535382232997,0.9122808851181556,-0.06903264162805234,0.9122808851181556,0.9999210442038162,0.004443302585117536,0.041764201189426906,0.4617920103884748
near_ideal__high_effective_mass__chirp,near_ideal,high_effective_mass,chirp,11604,300.0,5.0,5.0,299.6902475304152,4.951250901587428,4.998065271811437,-0.0010325082319493125,-0.00974981968251445,-0.00038694563771262124,0.00566494436622091,0.025123058685886396,299.69024753032215,4.951250901587174,4.9980652718103125,-0.001032508232259488,-0.009749819682565252,-0.000386945637937508,0.00566494436627402,3,2.6205963423324445,0.5041902419907116,-0.008906861302128376,0.7457758301659907,-0.011287164868940953,0.7457758301659909,1.0,0.005425900217165503,0.050973747471328414,0.5298308082070303
near_ideal__high_effective_mass__multisine,near_ideal,high_effective_mass,multisine,11605,300.0,5.0,5.0,297.4592513625174,4.993037399286998,4.9573567150626054,-0.00846916212494193,-0.0013925201426003397,-0.00852865698747891,0.006985790565048727,0.02517224437897432,297.45925137045975,4.993037399263902,4.957356715182651,-0.008469162098467488,-0.001392520147219578,-0.00852865696346985,0.006985790544886418,3,3.1584750729203996,0.42684801410805195,-0.02939815069725663,0.8177480436418662,-0.02789926397157988,0.8177480436418663,0.9088358012080359,0.0030843320956877593,0.02446842808343552,0.2578683316071121
