target_id,source_seed,source_case_index,selected_group,selection_rank,true_severity_ratio,absolute_log_distance_to_safe_boundary,actual_risk_class
boundary_s10282_c01,10282,1,SAFE,0,0.9980275811415616,0.0019743666381613124,SAFE
boundary_s10267_c10,10267,10,SAFE,1,0.9963809391554793,0.0036256254885689786,SAFE
boundary_s10246_c08,10246,8,SAFE,2,0.9939746091772326,0.006043616739109946,SAFE
boundary_s10283_c09,10283,9,SAFE,3,0.991393145664581,0.008644107213611698,SAFE
boundary_s10214_c00,10214,0,SAFE,4,0.9880778633101878,0.011993775321128112,SAFE
boundary_s10205_c10,10205,10,SAFE,5,0.9787754913950897,0.0214529871681733,SAFE
boundary_s10266_c06,10266,6,SAFE,6,0.9781354687773911,0.02210710240749163,SAFE
boundary_s10206_c05,10206,5,SAFE,7,0.9719932388771131,0.028406430433634014,SAFE
boundary_s10260_c03,10260,3,SAFE,8,0.9710000000000001,0.029428810690812053,SAFE
boundary_s10238_c04,10238,4,SAFE,9,0.9662096292836995,0.03437446077228781,SAFE
boundary_s10298_c04,10298,4,SAFE,10,0.9629955538192122,0.03770648420483378,SAFE
boundary_s10222_c07,10222,7,SAFE,11,0.9609200340770518,0.03986408463219967,SAFE
boundary_s10275_c05,10275,5,SAFE,12,0.953526853622729,0.04758769112614782,SAFE
boundary_s10208_c01,10208,1,SAFE,13,0.9517427192758801,0.04946053357712762,SAFE
boundary_s10292_c09,10292,9,SAFE,14,0.9510000000000001,0.05024121643674668,SAFE
boundary_s10267_c11,10267,11,SAFE,15,0.9411995968970581,0.06060005041518994,SAFE
boundary_s10232_c02,10232,2,SAFE,16,0.939919665060616,0.061960870071704595,SAFE
boundary_s10241_c00,10241,0,SAFE,17,0.9353393333471514,0.06684589216826793,SAFE
boundary_s10227_c07,10227,7,SAFE,18,0.9328496969106667,0.06951118767100861,SAFE
boundary_s10277_c07,10277,7,SAFE,19,0.931163531511136,0.0713203656679668,SAFE
boundary_s10203_c06,10203,6,SAFE,20,0.9219916014262137,0.08121916454922887,SAFE
boundary_s10295_c10,10295,10,SAFE,21,0.9181198880352383,0.08542729990041391,SAFE
boundary_s10228_c05,10228,5,SAFE,22,0.9141915386505142,0.08971516859602549,SAFE
boundary_s10214_c11,10214,11,SAFE,23,0.9117386789589226,0.09240186619640607,SAFE
boundary_s10207_c10,10207,10,SAFE,24,0.9099911245219596,0.09432043279137664,SAFE
boundary_s10248_c08,10248,8,SAFE,25,0.9089479932463572,0.09546739959171502,SAFE
boundary_s10233_c07,10233,7,SAFE,26,0.9051245894597363,0.0996826768462574,SAFE
boundary_s10281_c02,10281,2,SAFE,27,0.9000000000000001,0.10536051565782616,SAFE
boundary_s10276_c08,10276,8,SAFE,28,0.8984041424330198,0.10713526466802199,SAFE
boundary_s10223_c03,10223,3,SAFE,29,0.8918187875053627,0.11449232006139168,SAFE
boundary_s10218_c11,10218,11,SAFE,30,0.8910368879402079,0.1153694517620153,SAFE
boundary_s10290_c09,10290,9,SAFE,31,0.8896830005564736,0.11689005885284068,SAFE
boundary_s10291_c04,10291,4,SAFE,32,0.887,0.11991029667255755,SAFE
boundary_s10277_c01,10277,1,SAFE,33,0.8867295349821143,0.12021526427291349,SAFE
boundary_s10213_c00,10213,0,SAFE,34,0.8858542181622446,0.12120288123540077,SAFE
boundary_s10292_c00,10292,0,SAFE,35,0.8827269205795533,0.12473938942672164,SAFE
boundary_s10243_c07,10243,7,SAFE,36,0.8785839180245333,0.12944385170024786,SAFE
boundary_s10219_c03,10219,3,SAFE,37,0.8776061218620004,0.1305573943594844,SAFE
boundary_s10229_c09,10229,9,SAFE,38,0.877046475439027,0.13119529435497254,SAFE
boundary_s10288_c00,10288,0,SAFE,39,0.8748620984386469,0.13368900682939236,SAFE
boundary_s10237_c06,10237,6,SAFE,40,0.8727941265767868,0.1360555738892334,SAFE
boundary_s10258_c01,10258,1,SAFE,41,0.869193745893578,0.1401892258701363,SAFE
boundary_s10220_c04,10220,4,SAFE,42,0.8589787997494086,0.15201103745446887,SAFE
boundary_s10259_c09,10259,9,SAFE,43,0.857243462043125,0.1540333143312118,SAFE
boundary_s10289_c01,10289,1,SAFE,44,0.856820725402446,0.15452657082924293,SAFE
boundary_s10269_c10,10269,10,SAFE,45,0.8548123961686589,0.15687325380717707,SAFE
boundary_s10226_c06,10226,6,SAFE,46,0.8544276349128249,0.15732346706609485,SAFE
boundary_s10201_c11,10201,11,SAFE,47,0.8537017507174783,0.15817338422711189,SAFE
boundary_s10267_c03,10267,3,SAFE,48,0.8533744695951349,0.15855682478173863,SAFE
boundary_s10262_c10,10262,10,SAFE,49,0.8509346857330881,0.16141990337406942,SAFE
boundary_s10260_c08,10260,8,SAFE,50,0.8444301094241148,0.16909330586999186,SAFE
boundary_s10209_c08,10209,8,SAFE,51,0.8434077193963017,0.17030478500074803,SAFE
boundary_s10212_c11,10212,11,SAFE,52,0.8344151836178163,0.181024178411982,SAFE
boundary_s10236_c09,10236,9,SAFE,53,0.8321088363330408,0.18379203381590042,SAFE
boundary_s10223_c10,10223,10,SAFE,54,0.8300000000000001,0.18632957819149337,SAFE
boundary_s10255_c10,10255,10,SAFE,55,0.8296641133107154,0.1867343428558331,SAFE
boundary_s10243_c02,10243,2,SAFE,56,0.825,0.19237189264745613,SAFE
boundary_s10263_c11,10263,11,SAFE,57,0.8240000000000001,0.19358474907266526,SAFE
boundary_s10235_c01,10235,1,SAFE,58,0.8228117792601809,0.19502780523850102,SAFE
boundary_s10204_c06,10204,6,SAFE,59,0.8220765241084512,0.19592179323658307,SAFE
boundary_s10257_c06,10257,6,SAFE,60,0.8207378737055429,0.19755149736015346,SAFE
boundary_s10270_c03,10270,3,SAFE,61,0.8190599889972445,0.1995979511725895,SAFE
boundary_s10293_c02,10293,2,SAFE,62,0.8177151152023955,0.20124127296316624,SAFE
boundary_s10272_c00,10272,0,SAFE,63,0.8168523718746931,0.20229689582932384,SAFE
boundary_s10201_c06,10201,6,SAFE,64,0.816212448278161,0.20308060462200433,SAFE
boundary_s10281_c01,10281,1,SAFE,65,0.8132414231028211,0.20672726013025275,SAFE
boundary_s10259_c03,10259,3,SAFE,66,0.81,0.21072103131565253,SAFE
boundary_s10242_c03,10242,3,SAFE,67,0.8036539492488036,0.2185865138388217,SAFE
boundary_s10224_c01,10224,1,SAFE,68,0.8014476496218628,0.22133562457177758,SAFE
boundary_s10299_c01,10299,1,SAFE,69,0.7960064910666594,0.22814793856464657,SAFE
boundary_s10266_c07,10266,7,SAFE,70,0.7952282781089277,0.22912606326987756,SAFE
boundary_s10284_c03,10284,3,SAFE,71,0.7943374235889779,0.2302469412710427,SAFE
boundary_s10265_c01,10265,1,SAFE,72,0.7929283414433572,0.23202242531010173,SAFE
boundary_s10297_c03,10297,3,SAFE,73,0.7904159464880124,0.23519595753942957,SAFE
boundary_s10210_c04,10210,4,SAFE,74,0.788274546912993,0.23790884001679183,SAFE
boundary_s10228_c08,10228,8,SAFE,75,0.7874683781731143,0.2389320637893777,SAFE
boundary_s10234_c00,10234,0,SAFE,76,0.7839592717264833,0.2433982093096075,SAFE
boundary_s10294_c09,10294,9,SAFE,77,0.782503499791731,0.24525688400053877,SAFE
boundary_s10285_c05,10285,5,SAFE,78,0.7816259669113602,0.24637895604268445,SAFE
boundary_s10298_c05,10298,5,SAFE,79,0.7791043052125358,0.24961034578132663,SAFE
boundary_s10218_c09,10218,9,SAFE,80,0.7759812236746485,0.2536269553872094,SAFE
boundary_s10245_c02,10245,2,SAFE,81,0.7758263613565913,0.2538265449755902,SAFE
boundary_s10217_c09,10217,9,SAFE,82,0.7746970866123821,0.25528318201692257,SAFE
boundary_s10227_c08,10227,8,SAFE,83,0.766969407674346,0.2653083641021929,SAFE
boundary_s10271_c02,10271,2,SAFE,84,0.7545632814306507,0.2816161322824791,SAFE
boundary_s10276_c02,10276,2,SAFE,85,0.7537981482944346,0.28263065464663417,SAFE
boundary_s10283_c10,10283,10,SAFE,86,0.748905824573228,0.2891420382524162,SAFE
boundary_s10254_c08,10254,8,SAFE,87,0.7473648397427861,0.29120180646416177,SAFE
boundary_s10211_c01,10211,1,SAFE,88,0.7414921706640268,0.299090676240708,SAFE
boundary_s10274_c02,10274,2,SAFE,89,0.7382920234469125,0.30341583692104934,SAFE
boundary_s10287_c03,10287,3,SAFE,90,0.7373267274695275,0.30472416417628173,SAFE
boundary_s10231_c01,10231,1,SAFE,91,0.737,0.3051673867928005,SAFE
boundary_s10300_c06,10300,6,SAFE,92,0.73660190841116,0.30570768413667876,SAFE
boundary_s10245_c05,10245,5,SAFE,93,0.7355942864606663,0.30707655346448176,SAFE
boundary_s10221_c09,10221,9,SAFE,94,0.7351858797815936,0.30763191408049156,SAFE
boundary_s10240_c10,10240,10,SAFE,95,0.7301681877133681,0.31448037724844996,SAFE
boundary_s10202_c04,10202,4,SAFE,96,0.7286172109771765,0.31660677270317056,SAFE
boundary_s10250_c07,10250,7,SAFE,97,0.7213351851546972,0.3266513604671646,SAFE
boundary_s10247_c04,10247,4,SAFE,98,0.7181021405816179,0.33114346297402913,SAFE
boundary_s10251_c07,10251,7,SAFE,99,0.7138944751425359,0.3370201214831669,SAFE
boundary_s10257_c05,10257,5,SAFE,100,0.7123871992196867,0.3391336962574225,SAFE
boundary_s10252_c01,10252,1,SAFE,101,0.7100165337842407,0.3424670221978571,SAFE
boundary_s10249_c05,10249,5,SAFE,102,0.7090928436072189,0.34376881094251927,SAFE
boundary_s10286_c03,10286,3,SAFE,103,0.708705137691645,0.34431572373313096,SAFE
boundary_s10268_c03,10268,3,SAFE,104,0.7068690658326334,0.3469098270787197,SAFE
boundary_s10209_c00,10209,0,SAFE,105,0.7060000000000001,0.3481400414888949,SAFE
boundary_s10263_c04,10263,4,SAFE,106,0.7025077098533281,0.3530989029542774,SAFE
boundary_s10216_c05,10216,5,SAFE,107,0.7020073849933067,0.3538113550781747,SAFE
boundary_s10278_c07,10278,7,SAFE,108,0.7004340835468058,0.3560550167807068,SAFE
boundary_s10279_c02,10279,2,SAFE,109,0.6938047811367243,0.36556465323828596,SAFE
boundary_s10300_c05,10300,5,SAFE,110,0.6913907752326802,0.36905009374057685,SAFE
boundary_s10242_c01,10242,1,SAFE,111,0.6880000000000001,0.3739664410487933,SAFE
boundary_s10211_c06,10211,6,SAFE,112,0.686722422192288,0.3758251117955381,SAFE
boundary_s10271_c05,10271,5,SAFE,113,0.6804594135002652,0.38498710084376325,SAFE
boundary_s10250_c04,10250,4,SAFE,114,0.6714376599479231,0.398334104338261,SAFE
boundary_s10233_c06,10233,6,SAFE,115,0.6693474035228908,0.4014520658600312,SAFE
boundary_s10264_c05,10264,5,SAFE,116,0.6689743824414952,0.4020095119017339,SAFE
boundary_s10256_c05,10256,5,SAFE,117,0.6675960994175069,0.4040719299054938,SAFE
boundary_s10284_c01,10284,1,SAFE,118,0.6612441819916263,0.4136320943487111,SAFE
boundary_s10276_c06,10276,6,SAFE,119,0.6601538869521334,0.4152823090910248,SAFE
boundary_s10248_c00,10248,0,SAFE,120,0.6601534786292527,0.41528292761803054,SAFE
boundary_s10283_c07,10283,7,SAFE,121,0.658222409715287,0.41821239608303995,SAFE
boundary_s10216_c07,10216,7,SAFE,122,0.6573591061150641,0.4195248251704856,SAFE
boundary_s10262_c04,10262,4,SAFE,123,0.657,0.4200712604975265,SAFE
boundary_s10273_c10,10273,10,SAFE,124,0.6535943154197069,0.4252684328124357,SAFE
boundary_s10205_c08,10205,8,SAFE,125,0.6497344040547076,0.4311916087425229,SAFE
boundary_s10224_c03,10224,3,SAFE,126,0.6492025625771666,0.43201049606488484,SAFE
boundary_s10229_c07,10229,7,SAFE,127,0.6476480415644641,0.4344078759207906,SAFE
boundary_s10297_c07,10297,7,SAFE,128,0.6451387946130576,0.43828979988883104,SAFE
boundary_s10287_c05,10287,5,SAFE,129,0.644081367539755,0.4399302137474867,SAFE
boundary_s10291_c07,10291,7,SAFE,130,0.6435951474090666,0.4406854036545042,SAFE
boundary_s10202_c10,10202,10,SAFE,131,0.6434327386264045,0.44093778168809056,SAFE
boundary_s10258_c06,10258,6,SAFE,132,0.6367046943571478,0.4514493190365215,SAFE
boundary_s10226_c03,10226,3,SAFE,133,0.6364993397052494,0.45177189836895404,SAFE
boundary_s10241_c09,10241,9,SAFE,134,0.6357013143383615,0.45302645749690346,SAFE
boundary_s10247_c01,10247,1,SAFE,135,0.63,0.4620354595965587,SAFE
boundary_s10239_c00,10239,0,SAFE,136,0.6281693915663327,0.4649454170914951,SAFE
boundary_s10282_c04,10282,4,SAFE,137,0.6270366794516635,0.46675024013736177,SAFE
boundary_s10231_c07,10231,7,SAFE,138,0.6250486649837509,0.469925768302976,SAFE
boundary_s10246_c04,10246,4,SAFE,139,0.6196584485710569,0.47858684213983815,SAFE
boundary_s10209_c11,10209,11,SAFE,140,0.6174677767316278,0.48212839527216966,SAFE
boundary_s10297_c09,10297,9,SAFE,141,0.615,0.4861330111756192,SAFE
boundary_s10212_c07,10212,7,SAFE,142,0.611628213077804,0.4916306760405554,SAFE
boundary_s10296_c03,10296,3,SAFE,143,0.6102315891462781,0.493916739527092,SAFE
boundary_s10238_c00,10238,0,SAFE,144,0.6081089570293775,0.49740120743095917,SAFE
boundary_s10217_c04,10217,4,SAFE,145,0.6043527418198832,0.5035972418790147,SAFE
boundary_s10205_c02,10205,2,SAFE,146,0.6038859967947995,0.5043698458907618,SAFE
boundary_s10275_c00,10275,0,SAFE,147,0.5971023983353045,0.515666658797993,SAFE
boundary_s10244_c08,10244,8,SAFE,148,0.5947266048509059,0.51965346667884,SAFE
boundary_s10270_c07,10270,7,SAFE,149,0.589122891034078,0.5291204735722279,SAFE
boundary_s10214_c07,10214,7,SAFE,150,0.5854836337923373,0.5353170488673462,SAFE
boundary_s10257_c07,10257,7,SAFE,151,0.5810727516965275,0.5428793119030411,SAFE
boundary_s10210_c02,10210,2,SAFE,152,0.5802040378725964,0.5443754478695563,SAFE
boundary_s10219_c02,10219,2,SAFE,153,0.5785056409485964,0.5473069814044229,SAFE
boundary_s10232_c09,10232,9,SAFE,154,0.5757664542154273,0.5520531619395078,SAFE
boundary_s10213_c07,10213,7,SAFE,155,0.5750000000000001,0.5533852381847865,SAFE
boundary_s10204_c09,10204,9,SAFE,156,0.5748415020956682,0.553660924712098,SAFE
boundary_s10262_c00,10262,0,SAFE,157,0.5738035131002908,0.5554682529365521,SAFE
boundary_s10261_c07,10261,7,SAFE,158,0.5733196246409025,0.5563119086386626,SAFE
boundary_s10208_c06,10208,6,SAFE,159,0.572390006533322,0.5579346903388287,SAFE
boundary_s10249_c10,10249,10,SAFE,160,0.5697462157808522,0.5625642527724735,SAFE
boundary_s10230_c01,10230,1,SAFE,161,0.5678654967365312,0.5658706898230842,SAFE
boundary_s10203_c07,10203,7,SAFE,162,0.5666431042996002,0.5680256191182028,SAFE
boundary_s10236_c04,10236,4,SAFE,163,0.5661919424628907,0.568822137308299,SAFE
boundary_s10206_c06,10206,6,SAFE,164,0.5614948397948675,0.5771526948817227,SAFE
boundary_s10209_c04,10209,4,SAFE,165,0.561,0.5780343734594406,SAFE
boundary_s10280_c07,10280,7,SAFE,166,0.5557940439637364,0.5873574778813204,SAFE
boundary_s10268_c05,10268,5,SAFE,167,0.5478853825479046,0.601689169844755,SAFE
boundary_s10207_c00,10207,0,SAFE,168,0.547879616815407,0.6016996935108715,SAFE
boundary_s10279_c09,10279,9,SAFE,169,0.5464588926874727,0.6042961934307499,SAFE
boundary_s10253_c00,10253,0,SAFE,170,0.5449989705278776,0.6069713732603511,SAFE
boundary_s10280_c02,10280,2,SAFE,171,0.5400085089098664,0.6161703823074677,SAFE
boundary_s10263_c06,10263,6,SAFE,172,0.532,0.6311117896404926,SAFE
boundary_s10297_c05,10297,5,SAFE,173,0.5310635375769179,0.6328736084447546,SAFE
boundary_s10224_c11,10224,11,SAFE,174,0.5304862410556787,0.6339612570690023,SAFE
boundary_s10225_c08,10225,8,SAFE,175,0.5295875795667037,0.6356567271141415,SAFE
boundary_s10278_c06,10278,6,SAFE,176,0.5282416382616121,0.638201451742134,SAFE
boundary_s10255_c01,10255,1,SAFE,177,0.5278387510320139,0.638964437691362,SAFE
boundary_s10277_c08,10277,8,SAFE,178,0.5264659532816447,0.6415686156307803,SAFE
boundary_s10266_c00,10266,0,SAFE,179,0.5262872902052033,0.6419080362485975,SAFE
boundary_s10230_c00,10230,0,SAFE,180,0.5259386811781146,0.6425706487469095,SAFE
boundary_s10228_c00,10228,0,SAFE,181,0.5247597107393582,0.6448148149940989,SAFE
boundary_s10269_c04,10269,4,SAFE,182,0.524081689829609,0.6461077101903191,SAFE
boundary_s10289_c10,10289,10,SAFE,183,0.5229313184181579,0.6483051458769653,SAFE
boundary_s10242_c09,10242,9,SAFE,184,0.5228564548042826,0.6484483175909977,SAFE
boundary_s10252_c04,10252,4,SAFE,185,0.5225616671353083,0.6490122788818935,SAFE
boundary_s10222_c08,10222,8,SAFE,186,0.5218349477267676,0.6504039331930733,SAFE
boundary_s10227_c00,10227,0,SAFE,187,0.5208364503841357,0.652319201320058,SAFE
boundary_s10219_c10,10219,10,SAFE,188,0.5178561017905758,0.6580578710861357,SAFE
boundary_s10212_c04,10212,4,SAFE,189,0.512485530510228,0.6684828015189113,SAFE
boundary_s10284_c06,10284,6,SAFE,190,0.511,0.6713856887784326,SAFE
boundary_s10240_c02,10240,2,SAFE,191,0.5091836408388252,0.6749465399971718,SAFE
boundary_s10246_c11,10246,11,SAFE,192,0.5065287012508852,0.680174291053072,SAFE
boundary_s10260_c11,10260,11,SAFE,193,0.5029429998769251,0.6872784356278354,SAFE
boundary_s10292_c07,10292,7,SAFE,194,0.4968222756109014,0.6995229111818749,SAFE
boundary_s10254_c11,10254,11,SAFE,195,0.4946653405256855,0.7038738248045088,SAFE
boundary_s10264_c03,10264,3,SAFE,196,0.49461179820073503,0.7039820701543845,SAFE
boundary_s10270_c04,10270,4,SAFE,197,0.4903143420403259,0.7127085791918341,SAFE
boundary_s10245_c09,10245,9,SAFE,198,0.48808236448875997,0.7172711076805974,SAFE
boundary_s10215_c02,10215,2,SAFE,199,0.4842491460900741,0.7251557400624635,SAFE
boundary_s10270_c11,10270,11,NON_SAFE,0,1.0106712838442833,0.010614747549090055,CAUTION
boundary_s10217_c01,10217,1,NON_SAFE,1,1.0112018935405582,0.011139616976501551,CAUTION
boundary_s10219_c04,10219,4,NON_SAFE,2,1.025682296550456,0.025358046311412086,CAUTION
boundary_s10286_c07,10286,7,NON_SAFE,3,1.028303083195695,0.02790995159111226,CAUTION
boundary_s10223_c04,10223,4,NON_SAFE,4,1.032083985646962,0.03158004518893575,CAUTION
boundary_s10253_c05,10253,5,NON_SAFE,5,1.032871951516642,0.03234322458055789,CAUTION
boundary_s10215_c08,10215,8,NON_SAFE,6,1.0363731483773717,0.03572726081882671,CAUTION
boundary_s10300_c01,10300,1,NON_SAFE,7,1.0400205976070993,0.03924051834859876,CAUTION
boundary_s10278_c04,10278,4,NON_SAFE,8,1.0428186608127994,0.04192729782772227,CAUTION
boundary_s10224_c02,10224,2,NON_SAFE,9,1.0447037040616103,0.043733308429472824,CAUTION
boundary_s10243_c05,10243,5,NON_SAFE,10,1.049989071723062,0.048779756232471515,CAUTION
boundary_s10241_c11,10241,11,NON_SAFE,11,1.0559722472537105,0.054461903928974126,CAUTION
boundary_s10209_c03,10209,3,NON_SAFE,12,1.0571882801938743,0.05561281798268561,CAUTION
boundary_s10210_c00,10210,0,NON_SAFE,13,1.0614505687829867,0.059636433750444744,CAUTION
boundary_s10208_c08,10208,8,NON_SAFE,14,1.0651301158797892,0.06309696623370112,CAUTION
boundary_s10289_c02,10289,2,NON_SAFE,15,1.0714042948434495,0.06897021308413794,CAUTION
boundary_s10229_c04,10229,4,NON_SAFE,16,1.0783927855079973,0.07547177115723414,CAUTION
boundary_s10273_c06,10273,6,NON_SAFE,17,1.0811087255953404,0.07798711231846482,CAUTION
boundary_s10248_c06,10248,6,NON_SAFE,18,1.0867964854665373,0.08323436472836862,CAUTION
boundary_s10212_c08,10212,8,NON_SAFE,19,1.0906362667223708,0.08676125687437472,CAUTION
boundary_s10201_c02,10201,2,NON_SAFE,20,1.1041879896887636,0.09911021387400668,CAUTION
boundary_s10293_c06,10293,6,NON_SAFE,21,1.1056650184546515,0.10044698060047434,CAUTION
boundary_s10294_c11,10294,11,NON_SAFE,22,1.1061595649927647,0.10089416483927482,CAUTION
boundary_s10239_c05,10239,5,NON_SAFE,23,1.1072186696193547,0.10185116775080633,CAUTION
boundary_s10237_c04,10237,4,NON_SAFE,24,1.109,0.10345870836822997,CAUTION
boundary_s10295_c04,10295,4,NON_SAFE,25,1.109889874911762,0.10426079861122212,CAUTION
boundary_s10261_c05,10261,5,NON_SAFE,26,1.1130490062479275,0.10710310209490616,CAUTION
boundary_s10291_c11,10291,11,NON_SAFE,27,1.1152849729833716,0.10910995340778955,CAUTION
boundary_s10239_c03,10239,3,NON_SAFE,28,1.116,0.10975086395911929,CAUTION
boundary_s10261_c01,10261,1,NON_SAFE,29,1.1160386412951917,0.10978548817617409,CAUTION
boundary_s10221_c07,10221,7,NON_SAFE,30,1.1217568694941844,0.1148960897635482,CAUTION
boundary_s10211_c07,10211,7,NON_SAFE,31,1.1275256616222495,0.12002555188935522,CAUTION
boundary_s10218_c10,10218,10,NON_SAFE,32,1.128431656726774,0.12082875427786043,CAUTION
boundary_s10288_c04,10288,4,NON_SAFE,33,1.1302009172458225,0.1223954197916012,CAUTION
boundary_s10253_c11,10253,11,NON_SAFE,34,1.1315907902580977,0.12362442172189216,CAUTION
boundary_s10296_c07,10296,7,NON_SAFE,35,1.1371145540004852,0.12849396079315892,CAUTION
boundary_s10204_c01,10204,1,NON_SAFE,36,1.1395873037867292,0.13066618264126942,CAUTION
boundary_s10263_c08,10263,8,NON_SAFE,37,1.140089646079039,0.13110689622612204,CAUTION
boundary_s10235_c09,10235,9,NON_SAFE,38,1.1499064118939175,0.13968055810173768,CAUTION
boundary_s10236_c02,10236,2,NON_SAFE,39,1.16,0.14842000511827322,CAUTION
boundary_s10291_c08,10291,8,NON_SAFE,40,1.164,0.15186234930924603,CAUTION
boundary_s10236_c00,10236,0,NON_SAFE,41,1.1814545758713442,0.16674637075369583,CAUTION
boundary_s10231_c10,10231,10,NON_SAFE,42,1.1814891607606688,0.16677564346873422,CAUTION
boundary_s10238_c07,10238,7,NON_SAFE,43,1.181695436240118,0.16695021762619516,CAUTION
boundary_s10247_c07,10247,7,NON_SAFE,44,1.1872119102473513,0.1716076255970913,CAUTION
boundary_s10249_c01,10249,1,NON_SAFE,45,1.188332221978653,0.17255082997638235,CAUTION
boundary_s10262_c05,10262,5,NON_SAFE,46,1.1894435184536585,0.17348556619815744,CAUTION
boundary_s10259_c08,10259,8,NON_SAFE,47,1.1908096885331418,0.174633486281191,CAUTION
boundary_s10292_c11,10292,11,NON_SAFE,48,1.191010290731691,0.17480193074867376,CAUTION
boundary_s10240_c05,10240,5,NON_SAFE,49,1.1983495567717521,0.18094524074851698,CAUTION
boundary_s10280_c00,10280,0,NON_SAFE,50,1.1989618274305993,0.18145603853323064,CAUTION
boundary_s10247_c00,10247,0,NON_SAFE,51,1.201,0.18315454309784654,CAUTION
boundary_s10215_c05,10215,5,NON_SAFE,52,1.204,0.18564934688662926,CAUTION
boundary_s10220_c11,10220,11,NON_SAFE,53,1.206,0.18730909830499368,CAUTION
boundary_s10272_c06,10272,6,NON_SAFE,54,1.210055171290696,0.19066595467719197,CAUTION
boundary_s10287_c10,10287,10,NON_SAFE,55,1.2114406580456571,0.19181027785905705,CAUTION
boundary_s10256_c07,10256,7,NON_SAFE,56,1.2158741262283814,0.19546326357114985,CAUTION
boundary_s10220_c10,10220,10,NON_SAFE,57,1.2168389078241728,0.1962564369811388,CAUTION
boundary_s10288_c10,10288,10,NON_SAFE,58,1.217,0.19638881400539018,CAUTION
boundary_s10203_c03,10203,3,NON_SAFE,59,1.239858637336002,0.21499737096982124,CAUTION
boundary_s10265_c11,10265,11,NON_SAFE,60,1.24171028559616,0.21648969188558156,CAUTION
boundary_s10207_c06,10207,6,NON_SAFE,61,1.2418349663974355,0.21659009738556612,CAUTION
boundary_s10230_c03,10230,3,NON_SAFE,62,1.2465995873508697,0.22041951437288063,CAUTION
boundary_s10268_c02,10268,2,NON_SAFE,63,1.2537728207235415,0.22615726210126877,CAUTION
boundary_s10276_c11,10276,11,NON_SAFE,64,1.2539374701237453,0.22628857663233037,CAUTION
boundary_s10237_c09,10237,9,NON_SAFE,65,1.262215549729227,0.2328685496367431,CAUTION
boundary_s10296_c11,10296,11,NON_SAFE,66,1.2626807087596117,0.23323700757562552,CAUTION
boundary_s10223_c00,10223,0,NON_SAFE,67,1.2628989144657532,0.23340980411284637,CAUTION
boundary_s10234_c06,10234,6,NON_SAFE,68,1.265969845253608,0.23583850452330793,CAUTION
boundary_s10206_c00,10206,0,NON_SAFE,69,1.2664432740218254,0.23621239989616744,CAUTION
boundary_s10276_c01,10276,1,NON_SAFE,70,1.268375498741959,0.2377369468303639,CAUTION
boundary_s10285_c00,10285,0,NON_SAFE,71,1.2694687208651387,0.23859848291863392,CAUTION
boundary_s10225_c02,10225,2,NON_SAFE,72,1.269889892737409,0.2389301980799948,CAUTION
boundary_s10254_c10,10254,10,NON_SAFE,73,1.280118668762254,0.2469527836047331,CAUTION
boundary_s10300_c03,10300,3,NON_SAFE,74,1.2801671448801841,0.24699065134409057,CAUTION
boundary_s10298_c02,10298,2,NON_SAFE,75,1.2806394228178286,0.24735950227485298,CAUTION
boundary_s10271_c06,10271,6,NON_SAFE,76,1.2832869168864443,0.24942469031756784,CAUTION
boundary_s10254_c03,10254,3,NON_SAFE,77,1.2873987154593034,0.2526236828568713,CAUTION
boundary_s10253_c10,10253,10,NON_SAFE,78,1.2906891770138915,0.25517632146233177,CAUTION
boundary_s10215_c07,10215,7,NON_SAFE,79,1.296713843175774,0.2598332512123112,CAUTION
boundary_s10213_c09,10213,9,NON_SAFE,80,1.3096029756037022,0.2697240192191999,CAUTION
boundary_s10244_c04,10244,4,NON_SAFE,81,1.3351306809752808,0.2890291754324557,CAUTION
boundary_s10290_c00,10290,0,NON_SAFE,82,1.3417130899771526,0.2939472228290153,CAUTION
boundary_s10265_c06,10265,6,NON_SAFE,83,1.3447529610435314,0.29621032409742526,CAUTION
boundary_s10205_c07,10205,7,NON_SAFE,84,1.346,0.2971372312225361,CAUTION
boundary_s10228_c06,10228,6,NON_SAFE,85,1.356,0.3045391895182039,CAUTION
boundary_s10244_c09,10244,9,NON_SAFE,86,1.357,0.30527638085273207,CAUTION
boundary_s10271_c01,10271,1,NON_SAFE,87,1.357707403959742,0.3057975449197854,CAUTION
boundary_s10260_c06,10260,6,NON_SAFE,88,1.3624474085583609,0.3092826475870715,CAUTION
boundary_s10260_c02,10260,2,NON_SAFE,89,1.3680888700765916,0.31341478059660194,CAUTION
boundary_s10244_c02,10244,2,NON_SAFE,90,1.3710331164186493,0.31556455522546784,CAUTION
boundary_s10228_c07,10228,7,NON_SAFE,91,1.3747614791565326,0.3182802463665853,CAUTION
boundary_s10228_c01,10228,1,NON_SAFE,92,1.3800200528775137,0.32209803013420046,CAUTION
boundary_s10216_c10,10216,10,NON_SAFE,93,1.3804544175308866,0.3224127330315567,CAUTION
boundary_s10249_c06,10249,6,NON_SAFE,94,1.3837373865703064,0.32478808960281824,CAUTION
boundary_s10207_c02,10207,2,NON_SAFE,95,1.393,0.3314596947976687,CAUTION
boundary_s10260_c10,10260,10,NON_SAFE,96,1.3980000000000001,0.33504264381161863,CAUTION
boundary_s10264_c04,10264,4,NON_SAFE,97,1.4040821501410883,0.3393838153883902,CAUTION
boundary_s10251_c11,10251,11,NON_SAFE,98,1.4063948539356907,0.3410295889088693,CAUTION
boundary_s10263_c09,10263,9,NON_SAFE,99,1.4088642140291396,0.34278385781777904,CAUTION
boundary_s10261_c06,10261,6,NON_SAFE,100,1.4100000000000001,0.343589704390077,UNSAFE
boundary_s10272_c09,10272,9,NON_SAFE,101,1.410507110604625,0.3439492926415531,CAUTION
boundary_s10275_c03,10275,3,NON_SAFE,102,1.4306687273483818,0.3581419764639708,CAUTION
boundary_s10231_c02,10231,2,NON_SAFE,103,1.4307377036664792,0.3581901879430275,CAUTION
boundary_s10282_c11,10282,11,NON_SAFE,104,1.446,0.3688011237365729,UNSAFE
boundary_s10205_c11,10205,11,NON_SAFE,105,1.4465224142659514,0.3691623408314208,CAUTION
boundary_s10238_c02,10238,2,NON_SAFE,106,1.4477130248302392,0.3699850870498978,CAUTION
boundary_s10230_c07,10230,7,NON_SAFE,107,1.4507490579551503,0.37208001473813734,CAUTION
boundary_s10211_c00,10211,0,NON_SAFE,108,1.455,0.3750059006234559,UNSAFE
boundary_s10245_c04,10245,4,NON_SAFE,109,1.4583889662374363,0.3773323786909402,CAUTION
boundary_s10269_c05,10269,5,NON_SAFE,110,1.464,0.3811724155391198,UNSAFE
boundary_s10269_c03,10269,3,NON_SAFE,111,1.4640175087197198,0.3811843749756108,CAUTION
boundary_s10219_c01,10219,1,NON_SAFE,112,1.4704601293624728,0.38557536498399264,CAUTION
boundary_s10294_c05,10294,5,NON_SAFE,113,1.4706992085180417,0.3857379397571552,CAUTION
boundary_s10281_c11,10281,11,NON_SAFE,114,1.472,0.38662202030668447,UNSAFE
boundary_s10290_c04,10290,4,NON_SAFE,115,1.474,0.38797979376714486,UNSAFE
boundary_s10267_c08,10267,8,NON_SAFE,116,1.475,0.38865798979178323,UNSAFE
boundary_s10287_c02,10287,2,NON_SAFE,117,1.477,0.3900130035492428,UNSAFE
boundary_s10264_c06,10264,6,NON_SAFE,118,1.4774540136698944,0.39032034539404215,CAUTION
boundary_s10297_c00,10297,0,NON_SAFE,119,1.479198096604786,0.39150011431654963,CAUTION
boundary_s10209_c07,10209,7,NON_SAFE,120,1.4795802692510922,0.39175844569604185,CAUTION
boundary_s10296_c05,10296,5,NON_SAFE,121,1.481,0.3927175352856618,UNSAFE
boundary_s10243_c11,10243,11,NON_SAFE,122,1.485,0.395414772254663,UNSAFE
boundary_s10226_c09,10226,9,NON_SAFE,123,1.488044270067434,0.3974626873577408,CAUTION
boundary_s10286_c11,10286,11,NON_SAFE,124,1.49,0.3987761199573678,UNSAFE
boundary_s10259_c06,10259,6,NON_SAFE,125,1.495,0.4021262068426498,UNSAFE
boundary_s10268_c09,10268,9,NON_SAFE,126,1.4955441060293961,0.4024900911500592,CAUTION
boundary_s10216_c03,10216,3,NON_SAFE,127,1.4960108673005226,0.4028021437642183,CAUTION
boundary_s10202_c02,10202,2,NON_SAFE,128,1.5,0.4054651081081644,UNSAFE
boundary_s10206_c09,10206,9,NON_SAFE,129,1.5,0.4054651081081644,UNSAFE
boundary_s10210_c01,10210,1,NON_SAFE,130,1.5,0.4054651081081644,UNSAFE
boundary_s10210_c05,10210,5,NON_SAFE,131,1.5,0.4054651081081644,UNSAFE
boundary_s10211_c03,10211,3,NON_SAFE,132,1.5,0.4054651081081644,UNSAFE
boundary_s10213_c06,10213,6,NON_SAFE,133,1.5,0.4054651081081644,UNSAFE
boundary_s10213_c11,10213,11,NON_SAFE,134,1.5,0.4054651081081644,UNSAFE
boundary_s10214_c04,10214,4,NON_SAFE,135,1.5,0.4054651081081644,UNSAFE
boundary_s10215_c01,10215,1,NON_SAFE,136,1.5,0.4054651081081644,UNSAFE
boundary_s10217_c05,10217,5,NON_SAFE,137,1.5,0.4054651081081644,UNSAFE
boundary_s10218_c08,10218,8,NON_SAFE,138,1.5,0.4054651081081644,UNSAFE
boundary_s10220_c09,10220,9,NON_SAFE,139,1.5,0.4054651081081644,UNSAFE
boundary_s10222_c11,10222,11,NON_SAFE,140,1.5,0.4054651081081644,UNSAFE
boundary_s10225_c09,10225,9,NON_SAFE,141,1.5,0.4054651081081644,UNSAFE
boundary_s10225_c11,10225,11,NON_SAFE,142,1.5,0.4054651081081644,UNSAFE
boundary_s10230_c04,10230,4,NON_SAFE,143,1.5,0.4054651081081644,UNSAFE
boundary_s10231_c05,10231,5,NON_SAFE,144,1.5,0.4054651081081644,UNSAFE
boundary_s10231_c09,10231,9,NON_SAFE,145,1.5,0.4054651081081644,UNSAFE
boundary_s10232_c04,10232,4,NON_SAFE,146,1.5,0.4054651081081644,UNSAFE
boundary_s10237_c05,10237,5,NON_SAFE,147,1.5,0.4054651081081644,UNSAFE
boundary_s10238_c08,10238,8,NON_SAFE,148,1.5,0.4054651081081644,UNSAFE
boundary_s10241_c06,10241,6,NON_SAFE,149,1.5,0.4054651081081644,UNSAFE
boundary_s10244_c01,10244,1,NON_SAFE,150,1.5,0.4054651081081644,UNSAFE
boundary_s10245_c11,10245,11,NON_SAFE,151,1.5,0.4054651081081644,UNSAFE
boundary_s10247_c09,10247,9,NON_SAFE,152,1.5,0.4054651081081644,UNSAFE
boundary_s10249_c09,10249,9,NON_SAFE,153,1.5,0.4054651081081644,UNSAFE
boundary_s10251_c03,10251,3,NON_SAFE,154,1.5,0.4054651081081644,UNSAFE
boundary_s10252_c11,10252,11,NON_SAFE,155,1.5,0.4054651081081644,UNSAFE
boundary_s10254_c05,10254,5,NON_SAFE,156,1.5,0.4054651081081644,UNSAFE
boundary_s10255_c04,10255,4,NON_SAFE,157,1.5,0.4054651081081644,UNSAFE
boundary_s10258_c03,10258,3,NON_SAFE,158,1.5,0.4054651081081644,UNSAFE
boundary_s10258_c04,10258,4,NON_SAFE,159,1.5,0.4054651081081644,UNSAFE
boundary_s10265_c04,10265,4,NON_SAFE,160,1.5,0.4054651081081644,UNSAFE
boundary_s10266_c10,10266,10,NON_SAFE,161,1.5,0.4054651081081644,UNSAFE
boundary_s10269_c01,10269,1,NON_SAFE,162,1.5,0.4054651081081644,UNSAFE
boundary_s10272_c01,10272,1,NON_SAFE,163,1.5,0.4054651081081644,UNSAFE
boundary_s10273_c03,10273,3,NON_SAFE,164,1.5,0.4054651081081644,UNSAFE
boundary_s10273_c04,10273,4,NON_SAFE,165,1.5,0.4054651081081644,UNSAFE
boundary_s10274_c05,10274,5,NON_SAFE,166,1.5,0.4054651081081644,UNSAFE
boundary_s10274_c07,10274,7,NON_SAFE,167,1.5,0.4054651081081644,UNSAFE
boundary_s10277_c09,10277,9,NON_SAFE,168,1.5,0.4054651081081644,UNSAFE
boundary_s10278_c03,10278,3,NON_SAFE,169,1.5,0.4054651081081644,UNSAFE
boundary_s10279_c11,10279,11,NON_SAFE,170,1.5,0.4054651081081644,UNSAFE
boundary_s10280_c05,10280,5,NON_SAFE,171,1.5,0.4054651081081644,UNSAFE
boundary_s10284_c09,10284,9,NON_SAFE,172,1.5,0.4054651081081644,UNSAFE
boundary_s10285_c09,10285,9,NON_SAFE,173,1.5,0.4054651081081644,UNSAFE
boundary_s10286_c00,10286,0,NON_SAFE,174,1.5,0.4054651081081644,UNSAFE
boundary_s10286_c01,10286,1,NON_SAFE,175,1.5,0.4054651081081644,UNSAFE
boundary_s10287_c01,10287,1,NON_SAFE,176,1.5,0.4054651081081644,UNSAFE
boundary_s10287_c04,10287,4,NON_SAFE,177,1.5,0.4054651081081644,UNSAFE
boundary_s10291_c01,10291,1,NON_SAFE,178,1.5,0.4054651081081644,UNSAFE
boundary_s10293_c01,10293,1,NON_SAFE,179,1.5,0.4054651081081644,UNSAFE
boundary_s10293_c05,10293,5,NON_SAFE,180,1.5,0.4054651081081644,UNSAFE
boundary_s10294_c00,10294,0,NON_SAFE,181,1.5,0.4054651081081644,UNSAFE
boundary_s10295_c06,10295,6,NON_SAFE,182,1.5,0.4054651081081644,UNSAFE
boundary_s10296_c06,10296,6,NON_SAFE,183,1.5,0.4054651081081644,UNSAFE
boundary_s10297_c06,10297,6,NON_SAFE,184,1.5,0.4054651081081644,UNSAFE
boundary_s10298_c07,10298,7,NON_SAFE,185,1.5,0.4054651081081644,UNSAFE
boundary_s10298_c11,10298,11,NON_SAFE,186,1.5,0.4054651081081644,UNSAFE
boundary_s10300_c00,10300,0,NON_SAFE,187,1.5,0.4054651081081644,UNSAFE
boundary_s10300_c09,10300,9,NON_SAFE,188,1.5,0.4054651081081644,UNSAFE
boundary_s10247_c11,10247,11,NON_SAFE,189,1.5003715535571358,0.40571277980642095,CAUTION
boundary_s10280_c11,10280,11,NON_SAFE,190,1.50932592494687,0.4116631438374685,CAUTION
boundary_s10282_c05,10282,5,NON_SAFE,191,1.5197638506775262,0.4185549613919888,CAUTION
boundary_s10218_c02,10218,2,NON_SAFE,192,1.520669327641177,0.4191505850661923,CAUTION
boundary_s10284_c02,10284,2,NON_SAFE,193,1.521266003156639,0.41954288500569026,CAUTION
boundary_s10242_c06,10242,6,NON_SAFE,194,1.5258235140148788,0.42253427349696615,UNSAFE
boundary_s10217_c08,10217,8,NON_SAFE,195,1.5270293462759228,0.42332424430717924,CAUTION
boundary_s10220_c08,10220,8,NON_SAFE,196,1.5274238757891996,0.42358257500454977,CAUTION
boundary_s10214_c08,10214,8,NON_SAFE,197,1.5288093178387239,0.42448920879631274,CAUTION
boundary_s10299_c10,10299,10,NON_SAFE,198,1.5302331358734194,0.42542010018409726,UNSAFE
boundary_s10234_c07,10234,7,NON_SAFE,199,1.5405377680004708,0.4321315554697136,UNSAFE
