target,pipeline,sweep_channel,timing_offset_s,timing_offset_ms,trial_count,failure_fraction,stiffness_relative_bias,stiffness_median_abs_relative_error,stiffness_p95_abs_relative_error,damping_relative_bias,damping_median_abs_relative_error,damping_p95_abs_relative_error,effective_mass_relative_bias,effective_mass_median_abs_relative_error,effective_mass_p95_abs_relative_error
rigid_high_stiffness,direct,displacement,-0.02,-20.0,20,0.0,-0.10635065197226463,0.10625388164693612,0.1228660495750484,-1.717982504126884,1.7178817886553106,1.7591862517819654,-0.2174789238115097,0.2198124650889941,0.23622291139593676
rigid_high_stiffness,direct,displacement,-0.01,-10.0,20,0.0,-0.072883736282031,0.0722172470857015,0.09314099404617444,-0.8541517717028014,0.8519194001754964,0.8919038266314266,-0.21733076019874006,0.21900169627271548,0.23756933206938077
rigid_high_stiffness,direct,displacement,-0.005,-5.0,20,0.0,-0.0720884030788107,0.0711474582557832,0.09431930927434447,-0.4447568928348181,0.44408552610653673,0.47873379385277537,-0.17763820212998072,0.1767489451503863,0.20179153618395285
rigid_high_stiffness,direct,displacement,-0.0025,-2.5,20,0.0,-0.0735213379165045,0.07232073792747593,0.09684549804283148,-0.23838156368064828,0.23554009258102707,0.2700221037371743,-0.14622365362109785,0.14411493257069896,0.17397803716496804
rigid_high_stiffness,direct,displacement,-0.001,-1.0,20,0.0,-0.07499937036584779,0.07360779308581306,0.09899675712154234,-0.11234901976381198,0.10828893314649585,0.1425432947834604,-0.12321008179319355,0.12074327753461134,0.15339638798840616
rigid_high_stiffness,direct,displacement,0.0,0.0,20,0.0,-0.07625789973167194,0.07475045388028843,0.10073697118456951,-0.026598207766399467,0.022961461477020606,0.05578233563718358,-0.10639366679447644,0.10364600624430054,0.13832371349414974
rigid_high_stiffness,direct,displacement,0.001,1.0,20,0.0,-0.07774652417583511,0.07610718284646162,0.10268179400646393,0.060698160121766064,0.06421572820471236,0.09835955579975961,-0.08823127822839041,0.08566120878592365,0.12076926414997277
rigid_high_stiffness,direct,displacement,0.0025,2.5,20,0.0,-0.08052477058282113,0.0790818104821256,0.10618893771747223,0.19524884735863599,0.19929819941136512,0.23455040982242198,-0.05873686191465115,0.05558491846067248,0.09225384236322541
rigid_high_stiffness,direct,displacement,0.005,5.0,20,0.0,-0.08698407553478679,0.0859980877856758,0.11385244261514359,0.42951331328855324,0.43382383700272276,0.4719225477456075,-0.0021858179424501857,0.008653021588902021,0.04228676337075772
rigid_high_stiffness,direct,displacement,0.01,10.0,20,0.0,-0.11070294719277922,0.11069592510399537,0.139684542318564,0.9461457191275707,0.9484973616190795,1.0087613902250312,0.13548437435080488,0.14093860940779024,0.15732638500469032
rigid_high_stiffness,direct,displacement,0.02,20.0,20,0.0,-0.2700746964783508,0.2701916780060775,0.29715865877153425,2.0099806562263125,2.0291309012240695,2.09599950602338,0.42109834619800673,0.4342215167255219,0.4594392026177818
rigid_high_stiffness,direct,acceleration,-0.02,-20.0,20,0.0,-0.3450345622380961,0.34289119599598394,0.3621796198487498,1.109338505268561,1.0994770190460148,1.199182698235491,-0.34129799107366915,0.34538468202972794,0.3659971485444398
rigid_high_stiffness,direct,acceleration,-0.01,-10.0,20,0.0,-0.13481705641152214,0.13220056477098852,0.15736795994223865,0.8300861197882453,0.8357155239543272,0.8889844047642358,-0.12662678724099727,0.12420116703668072,0.15637200417972857
rigid_high_stiffness,direct,acceleration,-0.005,-5.0,20,0.0,-0.09184196500815787,0.09236115306784433,0.11454089016477861,0.42177421581709007,0.4261528741257645,0.4683953745198203,-0.11378292173208013,0.11249008437276053,0.14406618657168124
rigid_high_stiffness,direct,acceleration,-0.0025,-2.5,20,0.0,-0.08080080132401332,0.08136793952949131,0.10475705044547047,0.20032111875226621,0.20328275481461944,0.2416685158869929,-0.11020872125754674,0.1084604470600663,0.14180078364781962
rigid_high_stiffness,direct,acceleration,-0.001,-1.0,20,0.0,-0.07746885780264687,0.07687448388827817,0.1018372331193858,0.06519139920169145,0.06843600308598424,0.10151549075151164,-0.1085616290423875,0.10689643960570372,0.1406234305299984
rigid_high_stiffness,direct,acceleration,0.0,0.0,20,0.0,-0.07625789973167194,0.07475045388028843,0.10073697118456951,-0.026598207766399467,0.022961461477020606,0.05578233563718358,-0.10639366679447644,0.10364600624430054,0.13832371349414974
rigid_high_stiffness,direct,acceleration,0.001,1.0,20,0.0,-0.07599905222716602,0.07392002998790331,0.10045657966675986,-0.11795028557580398,0.11478375335160314,0.14805038538282445,-0.10486909023421305,0.10143945590906256,0.13649480773629358
rigid_high_stiffness,direct,acceleration,0.0025,2.5,20,0.0,-0.07746662436459649,0.07495989022682983,0.10171921794995614,-0.25441127292375143,0.25104136040409103,0.2859852549557904,-0.10155962131101379,0.09782040882436505,0.1324486614902174
rigid_high_stiffness,direct,acceleration,0.005,5.0,20,0.0,-0.08481700589307285,0.08170413485224946,0.10823115789379176,-0.48092844958260345,0.4763920017590517,0.5140024138741562,-0.09567685710200165,0.09291226598680513,0.1252418724257061
rigid_high_stiffness,direct,acceleration,0.01,10.0,20,0.0,-0.12016969899762286,0.11684671128312737,0.1418995498588914,-0.9098696661689731,0.9082625931062993,0.9502787132824634,-0.08711606085891252,0.0857705239221172,0.11260416710187947
rigid_high_stiffness,direct,acceleration,0.02,20.0,20,0.0,-0.3180329113321973,0.32036384121505646,0.3364668627340398,-1.2889531156432927,1.276788061645958,1.3865322146078827,-0.24621263248516612,0.2571311441895916,0.2823748005419201
rigid_high_stiffness,direct,force,-0.02,-20.0,20,0.0,-0.21888579602306435,0.21858698618604763,0.24421744280954422,-0.43487831577937114,0.43466173859466395,0.45445714788691544,-0.01756868148692705,0.017242285128928003,0.04547489665954805
rigid_high_stiffness,direct,force,-0.01,-10.0,20,0.0,-0.12022894214783922,0.11798392072035932,0.14729912066640397,-0.16810966450931655,0.1646013455591519,0.1899150073654996,0.008358798914484123,0.015918982507384882,0.030330733564402135
rigid_high_stiffness,direct,force,-0.005,-5.0,20,0.0,-0.08956485631989083,0.08744216212457884,0.11590657660561701,-0.07603437691059194,0.07108164722676484,0.10135824791218316,-0.029883351001522042,0.02575234822828243,0.06166010508110853
rigid_high_stiffness,direct,force,-0.0025,-2.5,20,0.0,-0.08061597057608588,0.07865619697003189,0.10599057363182258,-0.0458697237002776,0.041753229904432664,0.07320946110592667,-0.06295401186414651,0.059044139682848495,0.09481588808689949
rigid_high_stiffness,direct,force,-0.001,-1.0,20,0.0,-0.07726960041991937,0.07538383439726641,0.10209735152242624,-0.0334553443043394,0.02972959862396829,0.0619846508964212,-0.08732023142925716,0.08405683182337853,0.1191957414609611
rigid_high_stiffness,direct,force,0.0,0.0,20,0.0,-0.07625789973167194,0.07475045388028843,0.10073697118456951,-0.026598207766399467,0.022961461477020606,0.05578233563718358,-0.10639366679447644,0.10364600624430054,0.13832371349414974
rigid_high_stiffness,direct,force,0.001,1.0,20,0.0,-0.07602521628076189,0.07509749740368796,0.1001913591086668,-0.022667133002026895,0.019516605196363557,0.05246742016574777,-0.12604768881715084,0.1239746804332782,0.15764610682934527
rigid_high_stiffness,direct,force,0.0025,2.5,20,0.0,-0.07706458523400958,0.07698860624990192,0.10070069284020246,-0.02184326076759758,0.019348682235175295,0.05219940336990039,-0.15874569154968085,0.15744422294920746,0.1898203171592696
rigid_high_stiffness,direct,force,0.005,5.0,20,0.0,-0.08202216493019428,0.08227525944188978,0.10460707485234437,-0.030664058846792457,0.027578688217125613,0.061749001292365206,-0.21924130808934522,0.21754276004790363,0.24909846486783813
rigid_high_stiffness,direct,force,0.01,10.0,20,0.0,-0.1013725875753793,0.10138617213952755,0.121473148724074,-0.09495139482510263,0.09150087473709227,0.1264780083262269,-0.3526354027406019,0.35266199837574064,0.37951833335468904
rigid_high_stiffness,direct,force,0.02,20.0,20,0.0,-0.1557692101457136,0.155973322618317,0.1722537680231179,-0.4017481876961351,0.39716984232399033,0.4308671332951102,-0.6117308707875833,0.6136047193813994,0.629978715839409
rigid_high_stiffness,direct,filter_group_delay,0.0,0.0,20,0.0,-0.07625789973167194,0.07475045388028843,0.10073697118456951,-0.026598207766399467,0.022961461477020606,0.05578233563718358,-0.10639366679447644,0.10364600624430054,0.13832371349414974
rigid_high_stiffness,direct,filter_group_delay,0.0025,2.5,20,0.0,-0.08006276453567754,0.0778795287781345,0.10556323267870349,-0.043862575974246705,0.0398458701236926,0.0728461298435646,-0.06283594067863536,0.05748673450826658,0.0946358711271131
rigid_high_stiffness,direct,filter_group_delay,0.005,5.0,20,0.0,-0.08825916564156695,0.08577789537809105,0.11396972127051476,-0.07374268006463623,0.07334142304977628,0.10217753678489326,-0.027523375847508545,0.023017502061827955,0.05836966337437311
rigid_high_stiffness,direct,filter_group_delay,0.01,10.0,20,0.0,-0.11621548702290521,0.11347432917513317,0.13796555435351557,-0.16223629662377534,0.16107620485832666,0.1961818817718873,0.015817476337655022,0.018664345903967927,0.05046321149956885
rigid_high_stiffness,direct,filter_group_delay,0.02,20.0,20,0.0,-0.20756195482872908,0.20768340706487753,0.22997627847770757,-0.419172271125466,0.41950499521461104,0.4606925185794776,0.003972445158519378,0.017015062810054715,0.04016548725605704
rigid_high_stiffness,direct,filter_group_delay,0.04,40.0,20,0.0,-0.410622262876553,0.4142283768265529,0.42414378626480775,-0.9647744677465386,0.9621877654678421,1.0032081834564872,-0.23555960890739858,0.23501904479444014,0.26339216112193603
compliant,direct,displacement,-0.02,-20.0,20,0.0,-0.016844891882397343,0.01843748961681186,0.029125387027612654,-0.3283699562368766,0.32466716348863256,0.3694250533568532,-0.12407428190426359,0.12190147330448053,0.14555613701946754
compliant,direct,displacement,-0.01,-10.0,20,0.0,-0.01977763585482296,0.02113087095603781,0.03278473881947855,-0.16602068928946587,0.1629782336456797,0.20514210686054848,-0.0920183462064594,0.09046488884912662,0.11295664284981735
compliant,direct,displacement,-0.005,-5.0,20,0.0,-0.020470270773564947,0.021726051885335166,0.033898528548692596,-0.08385129392608943,0.08114846268109935,0.12240838173238693,-0.07162091409554608,0.0704151131333921,0.09238432008653928
compliant,direct,displacement,-0.0025,-2.5,20,0.0,-0.020735642196410702,0.021942427686851576,0.03439342932673997,-0.04145835096953176,0.03881882770664058,0.07988802612724544,-0.06051603033527379,0.05923036537824378,0.08122534821777026
compliant,direct,displacement,-0.001,-1.0,20,0.0,-0.020898983440699667,0.022074409773076765,0.034699731548234684,-0.015514473101548135,0.016748656373225757,0.05392373885263453,-0.05358176526787597,0.05222180588655112,0.07427021458225642
compliant,direct,displacement,0.0,0.0,20,0.0,-0.021015205029072233,0.02217006097722475,0.03491633279208071,0.0020541696041499686,0.018805139974562214,0.045039256876072624,-0.04886965714772647,0.04745437064461666,0.06954779562126734
compliant,direct,displacement,0.001,1.0,20,0.0,-0.021141197777090642,0.02227299761030075,0.03514107974715934,0.019836870148035184,0.02214769151364724,0.06325305722316892,-0.044085520825302794,0.04261323438828857,0.06475839285160312
compliant,direct,displacement,0.0025,2.5,20,0.0,-0.021360059021949224,0.02245743104857837,0.035515897486761934,0.04695508267649134,0.04939297818392152,0.09104418651648316,-0.03680512180752822,0.03523704480707002,0.05747672145631553
compliant,direct,displacement,0.005,5.0,20,0.0,-0.021836237924075408,0.022869720344222702,0.0362596513041591,0.09320878628150085,0.09549735118060143,0.13850982287391508,-0.024363687944465928,0.022614008327356494,0.04505779550178248
compliant,direct,displacement,0.01,10.0,20,0.0,-0.023448598075364608,0.024324589497952187,0.038437888554466185,0.18995131313801716,0.19153016845224063,0.2379878843662175,0.0011498198843640673,0.008805267893657653,0.02025569022872165
compliant,direct,displacement,0.02,20.0,20,0.0,-0.03132549688846557,0.031813423762737755,0.04747745659080755,0.3951092438830265,0.39701319099607657,0.4490637735155512,0.05153725374916611,0.055128750240527324,0.06858749804891176
compliant,direct,acceleration,-0.02,-20.0,20,0.0,-0.14247062375698505,0.1448922949671272,0.1501061999075698,0.6535046484295246,0.650289526475597,0.6920222772445874,-0.2601096828650899,0.2570647293839712,0.2759163744627008
compliant,direct,acceleration,-0.01,-10.0,20,0.0,-0.05765288166496755,0.06077145611435278,0.06990699593206065,0.421465693629119,0.42693736551456196,0.465944167350791,-0.10767281031750228,0.10598547372316558,0.12905566062751994
compliant,direct,acceleration,-0.005,-5.0,20,0.0,-0.03211676397897158,0.034816920897004944,0.046091152169980124,0.22574397379523314,0.2295545728884914,0.27007286149728915,-0.06510664450470079,0.06203734140657069,0.08595150560079388
compliant,direct,acceleration,-0.0025,-2.5,20,0.0,-0.024609004290871934,0.026326176625007563,0.0387579164917548,0.11614352769243741,0.11960794516320847,0.15991038970163338,-0.05333047352010163,0.05101590809057077,0.0744151680069729
compliant,direct,acceleration,-0.001,-1.0,20,0.0,-0.02186172436094127,0.02292107735817531,0.03594532878880083,0.047954234889944894,0.0507323152414938,0.09126281296551632,-0.04997460284013662,0.0481420174900653,0.07093982274969872
compliant,direct,acceleration,0.0,0.0,20,0.0,-0.021015205029072233,0.02217006097722475,0.03491633279208071,0.0020541696041499686,0.018805139974562214,0.045039256876072624,-0.04886965714772647,0.04745437064461666,0.06954779562126734
compliant,direct,acceleration,0.001,1.0,20,0.0,-0.020819173952380084,0.022012337740880808,0.034622574462635426,-0.043298180094199105,0.04131580957635315,0.08165295548882567,-0.04894941003772786,0.04793764397518219,0.06931000438502702
compliant,direct,acceleration,0.0025,2.5,20,0.0,-0.021393307280011816,0.02216672041306097,0.03484720693119855,-0.11167420712371398,0.11036234074039655,0.15005239285218674,-0.05109025567355976,0.050478907384418736,0.07064469374295983
compliant,direct,acceleration,0.005,5.0,20,0.0,-0.025908851417712358,0.027105678621881707,0.03879927143340709,-0.22286911913142382,0.22216093537780685,0.26148727888595635,-0.06087914120217168,0.06023317004351125,0.0793337544826964
compliant,direct,acceleration,0.01,10.0,20,0.0,-0.0464714692780089,0.04837542358735398,0.06048360359357355,-0.42209199394369296,0.4212576207449512,0.461469520763535,-0.10010421910658289,0.10093343329876558,0.11874387242398698
compliant,direct,acceleration,0.02,20.0,20,0.0,-0.12743589808824501,0.13062777052661412,0.1400631353219352,-0.6646709508685394,0.6647531519448278,0.6972397233240756,-0.2492264677519927,0.25066359984817066,0.2681761618842976
compliant,direct,force,-0.02,-20.0,20,0.0,-0.13123515837954308,0.1326866811605184,0.1423534165863701,-0.5461313965380844,0.5453770033393183,0.5790524004949295,-0.21489101604876687,0.2164662219532929,0.22727637169983675
compliant,direct,force,-0.01,-10.0,20,0.0,-0.05003093090808397,0.05080436893606852,0.06287978997386304,-0.2846872421067344,0.2841117252066844,0.3231200763177048,-0.07383665506237413,0.07411677011164985,0.09051112489857085
compliant,direct,force,-0.005,-5.0,20,0.0,-0.02745322710380759,0.028449634953184103,0.04112328629963587,-0.14142052266562752,0.14008858149481399,0.1806813406603672,-0.043389090156416524,0.04280542105695884,0.0631576552561395
compliant,direct,force,-0.0025,-2.5,20,0.0,-0.022051375226178494,0.023306544099443015,0.035902098778866354,-0.06957917595479927,0.06752553329918003,0.10857114711651403,-0.04141632579905306,0.04050241694201917,0.06173195075681601
compliant,direct,force,-0.001,-1.0,20,0.0,-0.021015566484761623,0.02221524503505066,0.034898591516471185,-0.026454071196741084,0.02499451449119707,0.0651380194774043,-0.044526248127201094,0.04333377880396916,0.06505681390597325
compliant,direct,force,0.0,0.0,20,0.0,-0.021015205029072233,0.02217006097722475,0.03491633279208071,0.0020541696041499686,0.018805139974562214,0.045039256876072624,-0.04886965714772647,0.04745437064461666,0.06954779562126734
compliant,direct,force,0.001,1.0,20,0.0,-0.02175101977531959,0.022878136157983276,0.03556801540764956,0.029620238947743065,0.03210100296239728,0.07220150101371905,-0.054815257766372215,0.053186727026874436,0.07555680975239643
compliant,direct,force,0.0025,2.5,20,0.0,-0.02458415911871186,0.025784331247593287,0.03826281290291871,0.07099326144620799,0.07353250322748997,0.11280436086229481,-0.06688711495398988,0.06485397089084177,0.08775109365245184
compliant,direct,force,0.005,5.0,20,0.0,-0.032278801989082936,0.034033292239592325,0.045418797253273704,0.1379127069819245,0.14049215075390453,0.17833810581991974,-0.09391007793523949,0.09121180482790248,0.11489212962194992
compliant,direct,force,0.01,10.0,20,0.0,-0.05777628915834546,0.060278434175089546,0.06918438304677445,0.2591003380125643,0.26242117629207895,0.2956942235487482,-0.17160122095536606,0.16934341145835008,0.19222951517198322
compliant,direct,force,0.02,20.0,20,0.0,-0.1327673674101775,0.1342982119843697,0.13936522070849006,0.43746509210643686,0.4406623256081672,0.4651789237577102,-0.38645654087780384,0.38794008484703424,0.4019674072676135
compliant,direct,filter_group_delay,0.0,0.0,20,0.0,-0.021015205029072233,0.02217006097722475,0.03491633279208071,0.0020541696041499686,0.018805139974562214,0.045039256876072624,-0.04886965714772647,0.04745437064461666,0.06954779562126734
compliant,direct,filter_group_delay,0.0025,2.5,20,0.0,-0.02164248786547619,0.022413871282138585,0.03532244468984145,-0.06852344275597329,0.06735168294076921,0.10661914971137708,-0.04028825316093656,0.03974553645000434,0.05976794138619186
compliant,direct,filter_group_delay,0.005,5.0,20,0.0,-0.026309549999471875,0.027495194959498905,0.0396116419985228,-0.14056291945746244,0.14061466916271073,0.17793929176457285,-0.04137893668389079,0.04131962737410988,0.06063622030209921
compliant,direct,filter_group_delay,0.01,10.0,20,0.0,-0.04665507281586834,0.04849655334916897,0.06141636197118104,-0.28212676906189527,0.28391062875406703,0.31716673021740033,-0.06865397428915712,0.07024187485982791,0.08706429667874467
compliant,direct,filter_group_delay,0.02,20.0,20,0.0,-0.12178275409408383,0.1251259940768307,0.1368062838736356,-0.5355338409258519,0.5403020355488743,0.561825422900574,-0.20176525220588354,0.20312819809700355,0.22091941816789842
compliant,direct,filter_group_delay,0.04,40.0,20,0.0,-0.3046567347799402,0.30289990517551346,0.3138376318820303,-0.8370756097278104,0.8365055395338249,0.8585764207614772,-0.5511104137031324,0.5485425232433825,0.5672862008306894
lightly_damped_flexible,direct,displacement,-0.02,-20.0,20,0.0,-0.040658607547252264,0.04072287923018554,0.054151171552394316,-11.831051626646067,11.835119244541737,12.142904211351595,0.002871729322702521,0.007079812327089652,0.016798383522997985
lightly_damped_flexible,direct,displacement,-0.01,-10.0,20,0.0,-0.03253866377870414,0.03238737810683015,0.046450726283584716,-5.800258122204103,5.805569445781324,6.0371680391803055,-0.028287105652472534,0.028350975937701306,0.04563200033747934
lightly_damped_flexible,direct,displacement,-0.005,-5.0,20,0.0,-0.031528649893468486,0.03124602508466296,0.045508661370838685,-2.887511126484268,2.909396378840675,3.0874304730249786,-0.03559251032397491,0.03592051115046918,0.05241707776874906
lightly_damped_flexible,direct,displacement,-0.0025,-2.5,20,0.0,-0.03134739113580311,0.031004992989790026,0.045374253298319615,-1.4456389869139366,1.4711900065531414,1.627474391762247,-0.0368907520743407,0.03735404100582379,0.05355492728291306
lightly_damped_flexible,direct,displacement,-0.001,-1.0,20,0.0,-0.0313157791974472,0.03093522673921313,0.04537930136142358,-0.582458086930196,0.6046425638718451,0.7535593512300208,-0.03683148973013653,0.037376019906226854,0.0534261829830373
lightly_damped_flexible,direct,displacement,0.0,0.0,20,0.0,-0.031320231219690374,0.030913624270633593,0.04541336404801918,-0.007098637145583625,0.09695583883389047,0.34172754668994204,-0.036485734774772946,0.037084702561139105,0.05305941966093158
lightly_damped_flexible,direct,displacement,0.001,1.0,20,0.0,-0.03134773693830121,0.030913028625507384,0.04547230270995825,0.5685703465964924,0.5467155196095733,0.8149845340649992,-0.035878406330667474,0.03649050731964104,0.052424548913707715
lightly_damped_flexible,direct,displacement,0.0025,2.5,20,0.0,-0.03143101622212211,0.030951783832737098,0.045611519392892486,1.4333807865924475,1.4081478619877676,1.6854194798708317,-0.03451165207022249,0.03512992024403838,0.05105584402647464
lightly_damped_flexible,direct,displacement,0.005,5.0,20,0.0,-0.0317189254047955,0.03115336193678369,0.04601479399027582,2.8806917923342734,2.8517807737315293,3.1431124710716096,-0.030855927606298676,0.03147003054516184,0.04745007434066308
lightly_damped_flexible,direct,displacement,0.01,10.0,20,0.0,-0.03309837399835019,0.03230451766223032,0.04771791801249282,5.814444170432388,5.790569826031758,6.101103419677027,-0.018983222166509606,0.019487285887581418,0.03593025282931213
lightly_damped_flexible,direct,displacement,0.02,20.0,20,0.0,-0.0429667539434446,0.041390530984415835,0.058614761036103476,11.916573687943963,11.925765659947619,12.258280629584563,0.020343487209133926,0.02074788115192705,0.03388733154688413
lightly_damped_flexible,direct,acceleration,-0.02,-20.0,20,0.0,-0.21754127997108097,0.2157550424086854,0.22801389656222798,10.295281199502925,10.291473930477851,10.488058290026478,-0.20139409988251492,0.20050576404082365,0.2147228573076947
lightly_damped_flexible,direct,acceleration,-0.01,-10.0,20,0.0,-0.0828599861079255,0.08237763914426807,0.09968403808503873,5.998707648634143,6.007626622367298,6.292718525901762,-0.08282955847017774,0.08263423233258549,0.10032268060194437
lightly_damped_flexible,direct,acceleration,-0.005,-5.0,20,0.0,-0.04545271928154542,0.04429557394471838,0.06091008880679876,3.1095667627245964,3.0820582820571363,3.3769054971997585,-0.05006258410143979,0.04916262017943385,0.06831027543033792
lightly_damped_flexible,direct,acceleration,-0.0025,-2.5,20,0.0,-0.035228687035805714,0.03391772084537753,0.05026683373621087,1.567747593646877,1.5397245300497018,1.8223987005450015,-0.04054953615705729,0.039987354105890494,0.058238885323569876
lightly_damped_flexible,direct,acceleration,-0.001,-1.0,20,0.0,-0.03218031317614322,0.03126023761903781,0.04677037818749181,0.622111981777186,0.5987150121504938,0.8698002584763791,-0.03753248268375155,0.03738422666718488,0.05468326612285061
lightly_damped_flexible,direct,acceleration,0.0,0.0,20,0.0,-0.031320231219690374,0.030913624270633593,0.04541336404801918,-0.007098637145583625,0.09695583883389047,0.34172754668994204,-0.036485734774772946,0.037084702561139105,0.05305941966093158
lightly_damped_flexible,direct,acceleration,0.001,1.0,20,0.0,-0.03148604857514727,0.0316829011559049,0.045062077506627655,-0.6335200823289175,0.654909725302123,0.8029220980630265,-0.036227383525444724,0.03686724331964025,0.05240802629095378
lightly_damped_flexible,direct,acceleration,0.0025,2.5,20,0.0,-0.03348744083481579,0.03325729553070014,0.046036724743413804,-1.5767383973915563,1.6023624569357613,1.751317148439421,-0.0371772031493537,0.03778437427429043,0.05246198295232588
lightly_damped_flexible,direct,acceleration,0.005,5.0,20,0.0,-0.04220138433017067,0.04217989341863841,0.05508607765784297,-3.118061267269499,3.1417139436928045,3.291524775906146,-0.04358820042076178,0.04465839549267481,0.057290815520865825
lightly_damped_flexible,direct,acceleration,0.01,10.0,20,0.0,-0.07752950553325903,0.07743729407365066,0.0921890010149903,-5.985204799516313,5.98666067101732,6.169117914592211,-0.07131664376735783,0.07430671599662309,0.08391358800528395
lightly_damped_flexible,direct,acceleration,0.02,20.0,20,0.0,-0.21330495201784355,0.21431448194395275,0.22627452360419298,-10.135512895973925,10.136320489233462,10.379279137517257,-0.18683914840558682,0.18996823499094972,0.20459098057308517
lightly_damped_flexible,direct,force,-0.02,-20.0,20,0.0,-0.1993550858309839,0.19941732151982255,0.2128664569448173,-1.0292135396187967,1.0506706109872592,1.1763349040497246,-0.21711447846451365,0.21803941247961423,0.226515568483797
lightly_damped_flexible,direct,force,-0.01,-10.0,20,0.0,-0.07855493919739535,0.078454797936018,0.09184500076769217,-0.5547025945706203,0.5773705535987089,0.7226531076317906,-0.08367235947317536,0.08406604980223703,0.09646997164249473
lightly_damped_flexible,direct,force,-0.005,-5.0,20,0.0,-0.04323719333267943,0.0432855592657729,0.0558780811030063,-0.28473287081668913,0.3061570685803263,0.4575166604750654,-0.04643624566239465,0.047165506407599034,0.061857201946805246
lightly_damped_flexible,direct,force,-0.0025,-2.5,20,0.0,-0.0341455085047397,0.034447923896536475,0.04754504587532475,-0.14788735794010907,0.1782268818959305,0.3205801180644927,-0.037879285932598636,0.03851221264069543,0.053874124917926265
lightly_damped_flexible,direct,force,-0.001,-1.0,20,0.0,-0.03162086198509307,0.0314740941091884,0.045415782039541275,-0.06097956008382917,0.10941511336646359,0.293023693934363,-0.03610939701080976,0.03671615021021124,0.052421137852111825
lightly_damped_flexible,direct,force,0.0,0.0,20,0.0,-0.031320231219690374,0.030913624270633593,0.04541336404801918,-0.007098637145583625,0.09695583883389047,0.34172754668994204,-0.036485734774772946,0.037084702561139105,0.05305941966093158
lightly_damped_flexible,direct,force,0.001,1.0,20,0.0,-0.03210611599500329,0.0314110320222801,0.04644443311247949,0.043837279009588115,0.10503923492780265,0.3873741578862907,-0.03819055510761559,0.038405477793171494,0.05489444004997989
lightly_damped_flexible,direct,force,0.0025,2.5,20,0.0,-0.035473335953092336,0.034376051314760424,0.05021135412477773,0.12754946259094888,0.10984615066976644,0.3748847929847739,-0.0433191336651495,0.04295649475658869,0.06026699976646447
lightly_damped_flexible,direct,force,0.005,5.0,20,0.0,-0.045750423823369364,0.044302490715369534,0.061083275478527016,0.26240219131161346,0.24060413399625824,0.5026688318465381,-0.05714841487913032,0.05638716746188632,0.07415387022525682
lightly_damped_flexible,direct,force,0.01,10.0,20,0.0,-0.08238196467752308,0.08040338706186058,0.09861240009073509,0.5063138985877571,0.48433795342050323,0.73632057136173,-0.10364721732356239,0.10270208206551729,0.12021131740751378
lightly_damped_flexible,direct,force,0.02,20.0,20,0.0,-0.19789112424366714,0.1997208107483529,0.2149169699142114,0.863388537002964,0.8459799998794876,1.0554776289266328,-0.24606342685243562,0.2450396396264246,0.2607123322119071
lightly_damped_flexible,direct,filter_group_delay,0.0,0.0,20,0.0,-0.031320231219690374,0.030913624270633593,0.04541336404801918,-0.007098637145583625,0.09695583883389047,0.34172754668994204,-0.036485734774772946,0.037084702561139105,0.05305941966093158
lightly_damped_flexible,direct,filter_group_delay,0.0025,2.5,20,0.0,-0.03344274840593593,0.033305027630668935,0.04607081058043712,-0.1423569509192925,0.16808681317736718,0.3099934973702943,-0.036992299533817906,0.03771629981233726,0.052180452756796065
lightly_damped_flexible,direct,filter_group_delay,0.005,5.0,20,0.0,-0.04188734510881263,0.04177310485106024,0.05474321720415187,-0.278424474191859,0.2962894003843164,0.44084969404163876,-0.044993205306025644,0.04575736859398133,0.05874606736826517
lightly_damped_flexible,direct,filter_group_delay,0.01,10.0,20,0.0,-0.07512807135071957,0.07484311436968785,0.08984128822033982,-0.532332067666508,0.5483425659569804,0.6834904078033435,-0.08000900228911285,0.0831674538381027,0.09387031690837849
lightly_damped_flexible,direct,filter_group_delay,0.02,20.0,20,0.0,-0.1905058103975122,0.19214700899928805,0.20298004601682673,-0.9558443690264653,0.9702649077856715,1.1245448648823455,-0.2078311407497942,0.21016347694035914,0.2251187638691294
lightly_damped_flexible,direct,filter_group_delay,0.04,40.0,20,0.0,-0.454813339735594,0.45504808155523446,0.4642992537840276,-1.3149893300000928,1.3151526747800322,1.4677660536639192,-0.5087644503652804,0.5077296950989085,0.5202480316472147
high_damping,direct,displacement,-0.02,-20.0,20,0.0,0.02107850907018016,0.018927916719832846,0.041553962670680025,-0.08269884316811661,0.07845356745442125,0.10619713885485711,-0.8220752575892198,0.8238435010253404,0.8453812355302838
high_damping,direct,displacement,-0.01,-10.0,20,0.0,-0.004871033590593953,0.009100543990956661,0.024748541533794178,-0.06982565589130127,0.06953086908027017,0.09072881805716247,-0.5409224159750525,0.5410468226346801,0.5711745873933957
high_damping,direct,displacement,-0.005,-5.0,20,0.0,-0.010836788298844035,0.015846339615542982,0.02946608824756195,-0.0775508776858618,0.07871722932168765,0.09902259963799313,-0.35365124946263504,0.353174569270962,0.39356396824327183
high_damping,direct,displacement,-0.0025,-2.5,20,0.0,-0.01321944115224818,0.01755423830434277,0.03228074600054185,-0.07772803006958887,0.07936448848914446,0.09961381755987896,-0.256676454357326,0.2553803121059133,0.30151874389071587
high_damping,direct,displacement,-0.001,-1.0,20,0.0,-0.0146353116058491,0.017835570986283453,0.034417682053374116,-0.07629123880540752,0.07805016155527766,0.09854798192849265,-0.19816299156787984,0.19601570736180918,0.24606455901838836
high_damping,direct,displacement,0.0,0.0,20,0.0,-0.015613434701071469,0.0183313542575209,0.03588000817376702,-0.0744906559322453,0.07635624171289834,0.09698465453623577,-0.15916521400280031,0.1564340627924281,0.20908884219783916
high_damping,direct,displacement,0.001,1.0,20,0.0,-0.016620312828813204,0.019560399151544536,0.037376459045672876,-0.0720522359361451,0.07456528980884997,0.09493413269786993,-0.12025021354900253,0.11691142377231145,0.17229686144341053
high_damping,direct,displacement,0.0025,2.5,20,0.0,-0.018262134010900623,0.021530813426830185,0.03975587878988007,-0.06712490927332287,0.07064680743341555,0.0905679533309922,-0.062314613933965646,0.058115053386849524,0.11752502482397134
high_damping,direct,displacement,0.005,5.0,20,0.0,-0.021455654825861932,0.025255107338299845,0.044175415101479945,-0.05644332090774212,0.06053920804980009,0.0817909047999186,0.03296330518836506,0.03923305404858368,0.06524105027765614
high_damping,direct,displacement,0.01,10.0,20,0.0,-0.030469674366819445,0.03527552210081922,0.05544749220860368,-0.028177898669781994,0.03240427795795568,0.058858591792196664,0.21295435093980614,0.2218682118382631,0.24689507962888052
high_damping,direct,displacement,0.02,20.0,20,0.0,-0.06538022262090404,0.07143590371745281,0.09260736113094001,-0.0027261910278214576,0.027077180693521045,0.04122428088983456,0.46462138752932913,0.47429115933493193,0.5101071009099151
high_damping,direct,acceleration,-0.02,-20.0,20,0.0,-0.0706078642563326,0.07153789515750769,0.09032671365118822,0.09145126748058088,0.08980420722131377,0.11832701344778276,-0.5558451804978087,0.555514412905314,0.5897837252923217
high_damping,direct,acceleration,-0.01,-10.0,20,0.0,-0.034947313608845294,0.037860626953647815,0.056263945271099666,0.08343054737177386,0.0869212529275446,0.11344922520836559,-0.26773598527376913,0.2644567046753252,0.30795038689435933
high_damping,direct,acceleration,-0.005,-5.0,20,0.0,-0.02280620984497956,0.025474235250838147,0.04326124914949001,0.015681805473097665,0.015839130253364003,0.04604621629972892,-0.19488564222943872,0.1923643733656739,0.2444336394034135
high_damping,direct,acceleration,-0.0025,-2.5,20,0.0,-0.018571160765253513,0.021183844051038722,0.039012309863920215,-0.02752902099495208,0.02904500174496661,0.052300972725203496,-0.172771569652026,0.16930653356537206,0.2232149515874415
high_damping,direct,acceleration,-0.001,-1.0,20,0.0,-0.016469403865393955,0.019141628108856612,0.0368443422838566,-0.05534488381205081,0.057698370040411506,0.0787346439151857,-0.16419833883184404,0.16164532114938623,0.21451099875357826
high_damping,direct,acceleration,0.0,0.0,20,0.0,-0.015613434701071469,0.0183313542575209,0.03588000817376702,-0.0744906559322453,0.07635624171289834,0.09698465453623577,-0.15916521400280031,0.1564340627924281,0.20908884219783916
high_damping,direct,acceleration,0.001,1.0,20,0.0,-0.015011935063901477,0.01804992330763573,0.03518140376851826,-0.0932268965257437,0.0955914518255257,0.11477849426959107,-0.1564045314013928,0.15387869723005565,0.20634149961029066
high_damping,direct,acceleration,0.0025,2.5,20,0.0,-0.014122570502776951,0.017775274437425805,0.03409363542673155,-0.1217131056267013,0.12513426532168426,0.14345407240587182,-0.1540286566849307,0.15263650503606385,0.20333996289807957
high_damping,direct,acceleration,0.005,5.0,20,0.0,-0.013985314848709162,0.017271764471663006,0.033914162962340386,-0.16785390445879814,0.17214558462636786,0.19005649005420994,-0.1569146066547482,0.15548315406323,0.20393456596650025
high_damping,direct,acceleration,0.01,10.0,20,0.0,-0.018266546956496627,0.020692722737341664,0.038534049351849974,-0.24588180159923664,0.2505155995699569,0.26765270562848104,-0.18830686229416785,0.1873000447922344,0.219668519211098
high_damping,direct,acceleration,0.02,20.0,20,0.0,-0.04650446627805621,0.0490301250097221,0.06484408737094571,-0.29145223988626273,0.292437976463795,0.30780127007806285,-0.3906660283081241,0.39177921259086546,0.42419983033258857
high_damping,direct,force,-0.02,-20.0,20,0.0,-0.059017535999866054,0.0636635769346636,0.07892343216894983,-0.548277701179867,0.5548211707688606,0.567368155280352,0.10643652004255824,0.10781057070137123,0.13636309767132213
high_damping,direct,force,-0.01,-10.0,20,0.0,-0.02736112600971836,0.0316969403934408,0.04959769910570874,-0.289992607878984,0.29616559176343904,0.30951317154061697,0.11376642676292299,0.11356733967298993,0.14751258942809678
high_damping,direct,force,-0.005,-5.0,20,0.0,-0.01870698956581685,0.022566738821122194,0.04046031561876576,-0.17250780174690858,0.1772428592912682,0.19321198640790999,0.015178040479911203,0.023086709819018836,0.049100482038769405
high_damping,direct,force,-0.0025,-2.5,20,0.0,-0.016387419144014936,0.019719104430451183,0.037510271060960824,-0.12087429570038846,0.12503802387395532,0.1422996969442268,-0.06202798239003826,0.06037507910570028,0.11397597985961241
high_damping,direct,force,-0.001,-1.0,20,0.0,-0.015938682340925072,0.018920265067583274,0.036566521079122435,-0.09234547013028889,0.09520971456328362,0.11446037566729032,-0.11718663449810691,0.11414791617410103,0.1678750538307707
high_damping,direct,force,0.0,0.0,20,0.0,-0.015613434701071469,0.0183313542575209,0.03588000817376702,-0.0744906559322453,0.07635624171289834,0.09698465453623577,-0.15916521400280031,0.1564340627924281,0.20908884219783916
high_damping,direct,force,0.001,1.0,20,0.0,-0.015478177690336412,0.018021013302106988,0.03532025375088235,-0.05846517632833823,0.06002574129456065,0.08132570232200563,-0.20286917147655786,0.20066008862454154,0.2514849955582914
high_damping,direct,force,0.0025,2.5,20,0.0,-0.016149860092643808,0.018727829844162044,0.035346902659580404,-0.0363481703272824,0.03742951197512007,0.05964022901018918,-0.27446013785612955,0.27238981343565527,0.32121002727845077
high_damping,direct,force,0.005,5.0,20,0.0,-0.017793937433623577,0.020049129124833767,0.036246379929483485,-0.00563354448336483,0.012268166498189856,0.029606872884530563,-0.4045440146015299,0.40290374460967016,0.4466532498047883
high_damping,direct,force,0.01,10.0,20,0.0,-0.022154350158939705,0.02405584030009123,0.036842035897571034,0.027267775066937165,0.031995985135713875,0.047482636542023386,-0.6881085582885718,0.6859427301455767,0.7187339097212891
high_damping,direct,force,0.02,20.0,20,0.0,-0.02618918221253926,0.02794812360653964,0.035795850209095516,-0.0215286260187368,0.020918089145453463,0.03979098898374729,-1.2422470398749177,1.2449844477004781,1.2653467642607261
high_damping,direct,filter_group_delay,0.0,0.0,20,0.0,-0.015613434701071469,0.0183313542575209,0.03588000817376702,-0.0744906559322453,0.07635624171289834,0.09698465453623577,-0.15916521400280031,0.1564340627924281,0.20908884219783916
high_damping,direct,filter_group_delay,0.0025,2.5,20,0.0,-0.01634685679860957,0.01974047387988681,0.03745840385190953,-0.1195025237921316,0.12397340131900067,0.14338552239509425,-0.06110291027276702,0.05694493853276228,0.11506095829023835
high_damping,direct,filter_group_delay,0.005,5.0,20,0.0,-0.017961772371729787,0.02175852616767164,0.040028004193605894,-0.17112831801433753,0.17643163686521646,0.1977579209207587,0.019251938322506136,0.028368660374461285,0.044267064244457546
high_damping,direct,filter_group_delay,0.01,10.0,20,0.0,-0.02423420871406171,0.027068628209754215,0.04822881390555325,-0.286178615569109,0.29163600739336626,0.3185760830994873,0.12540560266858308,0.12997846655933643,0.15683361079666228
high_damping,direct,filter_group_delay,0.02,20.0,20,0.0,-0.04799152672367375,0.05138279666003456,0.07110413857243238,-0.5353098471522013,0.5371659283821504,0.5662999011926808,0.13933781571837045,0.13209652770835767,0.18722639154434087
high_damping,direct,filter_group_delay,0.04,40.0,20,0.0,-0.11542309825496455,0.1177287867721129,0.12608058475019998,-0.9294985357493168,0.932537559048725,0.951491270251693,-0.2774749150979824,0.2833076874756342,0.32469047108445015
low_effective_mass,direct,displacement,-0.02,-20.0,20,0.0,0.019471112354680808,0.019893190363879494,0.023518882508100265,-1.1469944915508745,1.1472234417327802,1.1534246117086033,-0.4027178063003184,0.4021575029307342,0.41513379401251593
low_effective_mass,direct,displacement,-0.01,-10.0,20,0.0,0.004042720200213884,0.0036588560685831342,0.007819967650654529,-0.5273329884015358,0.5264692331496177,0.5322247429935993,-0.3640669473855392,0.36313884607163477,0.37257823839635035
low_effective_mass,direct,displacement,-0.005,-5.0,20,0.0,-0.00012181305541179197,0.001672831363770797,0.003977815953969393,-0.2756110251355978,0.2747592579541672,0.28080270772054,-0.21772525130477544,0.2168530494090684,0.22547510930663456
low_effective_mass,direct,displacement,-0.0025,-2.5,20,0.0,-0.0008370183007582833,0.002193668668146434,0.003873282231339763,-0.14370670421304332,0.14281737449724244,0.14916377955605079,-0.11963399453955463,0.11859516204577952,0.12739981336133926
low_effective_mass,direct,displacement,-0.001,-1.0,20,0.0,-0.00102465189196811,0.002300401787927342,0.003948129986386411,-0.0602093650229202,0.059344442051805404,0.06589011007746834,-0.052114541337883,0.05124997315673868,0.059976306526504486
low_effective_mass,direct,displacement,0.0,0.0,20,0.0,-0.0010995118599554982,0.0024132810707473596,0.0040070561630427435,-0.0016832207011156617,0.0018774122455007536,0.007546647823604865,-0.0038028439665516722,0.004989823027884144,0.011749967865394563
low_effective_mass,direct,displacement,0.001,1.0,20,0.0,-0.0011632880593041364,0.0024659744287195435,0.004054813717954896,0.05936589034922059,0.05985431760672055,0.06429226095484443,0.04745662199370311,0.04745175717787736,0.056366672459306544
low_effective_mass,direct,displacement,0.0025,2.5,20,0.0,-0.0013796037330351678,0.0025568681912692647,0.004241426852466456,0.15651281954320873,0.15714247072743498,0.16164451044909595,0.12958904917419373,0.12889487301732755,0.13877442290929437
low_effective_mass,direct,displacement,0.005,5.0,20,0.0,-0.002424648106352369,0.003187352221921079,0.005213122356954651,0.33390569140245274,0.33446949368215895,0.3395687974968241,0.2840116599488271,0.28327317523047485,0.29377353633603537
low_effective_mass,direct,displacement,0.01,10.0,20,0.0,-0.012701576076167214,0.013587863918154615,0.0160127798205392,0.7600065966723578,0.7603445154287576,0.7686928938017584,0.6565057515917346,0.6555283038264966,0.6676878469575874
low_effective_mass,direct,displacement,0.02,20.0,20,0.0,-0.17585277244465877,0.17625403874903853,0.1802751437637721,1.6026952589258783,1.6043421284326325,1.6224769086672004,1.3378559644274046,1.3393544333866687,1.3588335878383855
low_effective_mass,direct,acceleration,-0.02,-20.0,20,0.0,-0.18899113073938248,0.1891061721880149,0.19239401888874502,0.43663405351766515,0.43726091152003355,0.44931009094909485,-0.45754692995664625,0.45879871229090347,0.4700963999647985
low_effective_mass,direct,acceleration,-0.01,-10.0,20,0.0,-0.038304602191626076,0.03897219531296429,0.041520712980139145,0.45905134961272565,0.45842087759878736,0.4665889696960291,-0.03398399157932323,0.03374078660303065,0.04379417095330901
low_effective_mass,direct,acceleration,-0.005,-5.0,20,0.0,-0.009691276002385847,0.010776098476113513,0.012776664921586644,0.24457861679036216,0.24464214893708897,0.2506118884084334,-0.010546464814036371,0.011947535395168407,0.018155346813991058
low_effective_mass,direct,acceleration,-0.0025,-2.5,20,0.0,-0.0028875447514067976,0.003761213141165172,0.005671634107542919,0.12280274595955125,0.12314566804498056,0.1280287699777992,-0.006378329607340361,0.00719903971793473,0.013316754641465924
low_effective_mass,direct,acceleration,-0.001,-1.0,20,0.0,-0.001384806014883452,0.0026262646737518483,0.00411947079066411,0.048286847217481256,0.04883114635232148,0.05323986717075392,-0.0063193948936271505,0.006341101199923982,0.013696651591215638
low_effective_mass,direct,acceleration,0.0,0.0,20,0.0,-0.0010995118599554982,0.0024132810707473596,0.0040070561630427435,-0.0016832207011156617,0.0018774122455007536,0.007546647823604865,-0.0038028439665516722,0.004989823027884144,0.011749967865394563
low_effective_mass,direct,acceleration,0.001,1.0,20,0.0,-0.0014753349255731698,0.002528469232768676,0.0045980680529771785,-0.05207848160732238,0.05123535711279806,0.05795916622531025,-0.0034458382475440197,0.005083134444765491,0.011935319581776906
low_effective_mass,direct,acceleration,0.0025,2.5,20,0.0,-0.0034988745923726786,0.00426539861010743,0.0068942286027236154,-0.12630953403677256,0.12553629104595238,0.13227145279940844,-0.0024450125107594034,0.004177387787565046,0.011598539469277526
low_effective_mass,direct,acceleration,0.005,5.0,20,0.0,-0.010665481297846459,0.011181006786456654,0.014379935061962935,-0.24603103383329222,0.2453096206176948,0.25212624948331325,-0.0021124328877991094,0.0044202359838743654,0.012311781124533074
low_effective_mass,direct,acceleration,0.01,10.0,20,0.0,-0.039701900274363024,0.03966267513823425,0.04426239336949483,-0.4555560451108359,0.4554734130877567,0.4623454419653599,-0.015887409709870293,0.013551456520168037,0.028529762831531358
low_effective_mass,direct,acceleration,0.02,20.0,20,0.0,-0.18787632560032988,0.18756944074056797,0.1918646578513058,-0.4260563349815115,0.42613122689438054,0.4427392184447052,-0.4212385481428006,0.42043053782508416,0.43729946957556126
low_effective_mass,direct,force,-0.02,-20.0,20,0.0,-0.13901071597932946,0.13946477598874357,0.14217385213531547,-0.22009099648961844,0.2185619162052153,0.22652816408044052,0.49446621516811806,0.4955712592541203,0.5030157410973165
low_effective_mass,direct,force,-0.01,-10.0,20,0.0,-0.040899294984181676,0.04133211412111516,0.04405585811972565,-0.022641227032101606,0.02173119016536438,0.028871889326969064,0.3741070042372207,0.37389706507278214,0.3831186322912678
low_effective_mass,direct,force,-0.005,-5.0,20,0.0,-0.011895383877972582,0.012581203779742318,0.014954579856641469,0.015468931946509796,0.016023289061892942,0.02026855448962534,0.2180392898330869,0.21844010000883068,0.22697161521057957
low_effective_mass,direct,force,-0.0025,-2.5,20,0.0,-0.0041740914926415,0.004901257998460361,0.0071772191678360475,0.014364064843348725,0.014931421222502638,0.019170532648954356,0.11572605543650911,0.11629522388614338,0.12458372928146971
low_effective_mass,direct,force,-0.001,-1.0,20,0.0,-0.001633992767128774,0.0026946616685725646,0.004581284558731189,0.006643490720155461,0.007610397141476622,0.01143460969299909,0.0472858365576085,0.047856821175785436,0.05605415946703024
low_effective_mass,direct,force,0.0,0.0,20,0.0,-0.0010995118599554982,0.0024132810707473596,0.0040070561630427435,-0.0016832207011156617,0.0018774122455007536,0.007546647823604865,-0.0038028439665516722,0.004989823027884144,0.011749967865394563
low_effective_mass,direct,force,0.001,1.0,20,0.0,-0.0014086781343621243,0.0025989068258020134,0.004285766344631034,-0.012196828973415525,0.011457104480909397,0.018032168465907678,-0.0550904116043172,0.054745053548409806,0.06304608046930144
low_effective_mass,direct,force,0.0025,2.5,20,0.0,-0.0031537131100187613,0.0040028408942998795,0.0060351196760632326,-0.033887662320410655,0.033078450981933204,0.03966424210556536,-0.13599833876202722,0.13581493439465492,0.14396207617038442
low_effective_mass,direct,force,0.005,5.0,20,0.0,-0.008616807629950282,0.00955557995117393,0.011680654268663025,-0.08314020550526699,0.08214729085499464,0.08883405678625007,-0.2768556673793992,0.27681525346297337,0.28468282596413014
low_effective_mass,direct,force,0.01,10.0,20,0.0,-0.02598172137681521,0.026718810413103995,0.02940427772214129,-0.23163193530230003,0.23057163668657343,0.23707467477719324,-0.5542430648097845,0.5542544758694237,0.5624911975747688
low_effective_mass,direct,force,0.02,20.0,20,0.0,-0.05957078565568839,0.059847512275463734,0.06343345999883936,-0.6948356700712034,0.6942596775566303,0.6993793908487129,-0.9520330068384313,0.951622322622734,0.9603131447199419
low_effective_mass,direct,filter_group_delay,0.0,0.0,20,0.0,-0.0010995118599554982,0.0024132810707473596,0.0040070561630427435,-0.0016832207011156617,0.0018774122455007536,0.007546647823604865,-0.0038028439665516722,0.004989823027884144,0.011749967865394563
low_effective_mass,direct,filter_group_delay,0.0025,2.5,20,0.0,-0.003693652626024402,0.004479719423532913,0.007006975895294346,0.015075089197936417,0.016026183002845064,0.019939662930939274,0.1148632776716609,0.11519744857436537,0.12410533958686182
low_effective_mass,direct,filter_group_delay,0.005,5.0,20,0.0,-0.011150607054577127,0.011556947050938314,0.01456009614936671,0.017848546454115235,0.018983514306350546,0.02276177033050659,0.21942498690620477,0.2200463833992225,0.22886377261323382
low_effective_mass,direct,filter_group_delay,0.01,10.0,20,0.0,-0.03773856905564431,0.03786089691893124,0.04187840094348426,-0.014060817294654021,0.013093148710075919,0.021009734258291047,0.3810861269575229,0.3821688673241583,0.38889648330480536
low_effective_mass,direct,filter_group_delay,0.02,20.0,20,0.0,-0.12668182053571359,0.1268154398549715,0.13257646926893363,-0.19281152769824814,0.1928054624443477,0.19932239547391983,0.5256257820274223,0.5260925758706588,0.5341614489241614
low_effective_mass,direct,filter_group_delay,0.04,40.0,20,0.0,-0.3265785250615166,0.3276958497849829,0.33022606143047545,-0.7332084614501417,0.7329485547971505,0.7403833490509979,0.35498351428629976,0.3538387569998022,0.363779654472509
high_effective_mass,direct,displacement,-0.02,-20.0,20,0.0,-0.3715421034358827,0.36960223806408765,0.3969804048123641,-0.19980167090878792,0.15890555567393727,0.49502539397256395,-0.5222214268990842,0.5157397358369744,0.5415044697157162
high_effective_mass,direct,displacement,-0.01,-10.0,20,0.0,-0.3723445290053188,0.3703526173388644,0.39785195405638335,-0.05834706343238535,0.05988006784800044,0.3611801870368059,-0.5152575039868542,0.5083410374840667,0.5351704062332057
high_effective_mass,direct,displacement,-0.005,-5.0,20,0.0,-0.3732173941261347,0.3716008701968291,0.39871218377049217,0.002455747990915485,0.09956557901343369,0.30208444776855375,-0.511998655056477,0.5050190914035056,0.5321618029627618
high_effective_mass,direct,displacement,-0.0025,-2.5,20,0.0,-0.3738163752843503,0.37242448807312495,0.3992934483882312,0.031533627372655984,0.12468567515992746,0.2706782342414467,-0.5104934732802476,0.5035133743765989,0.53076362080151
high_effective_mass,direct,displacement,-0.001,-1.0,20,0.0,-0.37424611774611793,0.37298685855972286,0.3997098632785898,0.048783932219349964,0.13755292880916692,0.256982179775372,-0.5096386940015399,0.502659678404134,0.5299656527464177
high_effective_mass,direct,displacement,0.0,0.0,20,0.0,-0.37455646946019866,0.3733847503272394,0.40000934596566773,0.06025803459126783,0.13894416321119663,0.24695231354484642,-0.5090917650860294,0.5021161310728078,0.5294546101166758
high_effective_mass,direct,displacement,0.001,1.0,20,0.0,-0.3748901263155863,0.37380469244353887,0.4003316623361846,0.07173165434683862,0.14444282670060654,0.2427219499082566,-0.508564153640093,0.5016041195641334,0.5289595381708134
high_effective_mass,direct,displacement,0.0025,2.5,20,0.0,-0.37543000811122035,0.3744722925694319,0.4008515767597615,0.08902882586551211,0.1601248178290769,0.25961023409630524,-0.5078112542195263,0.5008818364263358,0.5282528283752294
high_effective_mass,direct,displacement,0.005,5.0,20,0.0,-0.3764675710470183,0.3757172547012422,0.4018509278523289,0.1181600069412243,0.16921120159044678,0.2883177217098942,-0.5066585861933599,0.4998195321104276,0.5271661940878811
high_effective_mass,direct,displacement,0.01,10.0,20,0.0,-0.37902301681871864,0.3787669134224969,0.4043039571297908,0.17902111890959274,0.20857318712700829,0.3496299096168707,-0.5047656420363781,0.49821403454662994,0.5253774317448068
high_effective_mass,direct,displacement,0.02,20.0,20,0.0,-0.38616133650445483,0.387186414517004,0.41108767852790434,0.31776349374570334,0.34892802631017594,0.5109183703921255,-0.5025815545551124,0.49621993699110567,0.5233521664749887
high_effective_mass,direct,acceleration,-0.02,-20.0,20,0.0,-0.4596444514033065,0.45882186543269166,0.4851258564119916,0.7679048712243752,0.7858979261587784,0.9403996664228149,-0.6145346882413503,0.6112573478048104,0.6430362635995837
high_effective_mass,direct,acceleration,-0.01,-10.0,20,0.0,-0.40094165965037004,0.39759009158186975,0.4283519459343513,0.49216908563992423,0.5244199328552237,0.6785520900487422,-0.5401224407876295,0.5339243923672156,0.5636697452309691
high_effective_mass,direct,acceleration,-0.005,-5.0,20,0.0,-0.38240827102563935,0.3799587924170862,0.4084002627211856,0.2880961252414316,0.3150436685175737,0.4714694056657437,-0.5176303553744673,0.5103647419408763,0.5394957097553005
high_effective_mass,direct,acceleration,-0.0025,-2.5,20,0.0,-0.37712243361580067,0.37373821714013944,0.4028549020101858,0.17593168730490322,0.20436652944159625,0.3533049771704246,-0.511528913749263,0.5047041345542499,0.5330277443380621
high_effective_mass,direct,acceleration,-0.001,-1.0,20,0.0,-0.375203360363311,0.37306932277043975,0.4007505879398199,0.1068260735033502,0.17056216537928748,0.2805659789923442,-0.5096247937073914,0.5030820921398893,0.5305898567108049
high_effective_mass,direct,acceleration,0.0,0.0,20,0.0,-0.37455646946019866,0.3733847503272394,0.40000934596566773,0.06025803459126783,0.13894416321119663,0.24695231354484642,-0.5090917650860294,0.5021161310728078,0.5294546101166758
high_effective_mass,direct,acceleration,0.001,1.0,20,0.0,-0.37435903665507725,0.37409281951097145,0.3996778420650448,0.014201844491782138,0.10371821788419214,0.2815291881517522,-0.5091066398200339,0.5029685427498172,0.528850703810165
high_effective_mass,direct,acceleration,0.0025,2.5,20,0.0,-0.3749444902947163,0.3749924394634147,0.40015190532071954,-0.05459143173173257,0.061118175579772324,0.3532486975379761,-0.5102409398784211,0.5049978877248411,0.5292956754551291
high_effective_mass,direct,acceleration,0.005,5.0,20,0.0,-0.37823341859152987,0.3783114018473528,0.4036221424732096,-0.1668809491984899,0.13692503609395912,0.46481054645833697,-0.5152261512826948,0.5127332898549024,0.5348164653864388
high_effective_mass,direct,acceleration,0.01,10.0,20,0.0,-0.3933505337170282,0.3946742393751006,0.41975682534094005,-0.36913716363179183,0.34411202615097003,0.6539712277710642,-0.5356574370434756,0.534622487310701,0.5573606094928166
high_effective_mass,direct,acceleration,0.02,20.0,20,0.0,-0.4497882810682373,0.4529219202956011,0.4779260893990961,-0.6317861503163963,0.629814267282555,0.8725054777250888,-0.6085946644835248,0.6084997068900284,0.6351764169213482
high_effective_mass,direct,force,-0.02,-20.0,20,0.0,-0.4493810309825359,0.44766421753950947,0.47595996969671595,-0.5780036924604011,0.5488663577539196,0.7903503013392155,-0.6033409117293387,0.6039437221617319,0.627972452458328
high_effective_mass,direct,force,-0.01,-10.0,20,0.0,-0.39399348480265184,0.395325380435833,0.41897204829495505,-0.28416075935770196,0.2562565412328415,0.5498487954492001,-0.5323843678686869,0.5326750420244476,0.5523759034604285
high_effective_mass,direct,force,-0.005,-5.0,20,0.0,-0.3788586333162238,0.37879001985037986,0.40371726659666,-0.11595600703926909,0.09662773521864336,0.4045823954279216,-0.5133801576677451,0.5104696558648281,0.5314303180453278
high_effective_mass,direct,force,-0.0025,-2.5,20,0.0,-0.3751347727620139,0.37496909155966496,0.4003483002914122,-0.028886851053312422,0.0607203008914496,0.3238989275187447,-0.5092435783550953,0.5037183255682378,0.5279053662550369
high_effective_mass,direct,force,-0.001,-1.0,20,0.0,-0.37445084941033946,0.3742477122276148,0.39984017966579993,0.024253674051954673,0.11258783744899059,0.27028577655255226,-0.5085941636596863,0.5023867640741297,0.5282377091756317
high_effective_mass,direct,force,0.0,0.0,20,0.0,-0.37455646946019866,0.3733847503272394,0.40000934596566773,0.06025803459126783,0.13894416321119663,0.24695231354484642,-0.5090917650860294,0.5021161310728078,0.5294546101166758
high_effective_mass,direct,force,0.001,1.0,20,0.0,-0.37519431316452106,0.3731173313514845,0.4007304441060446,0.09525911424911519,0.1683407957990185,0.26825868209149334,-0.5103723748913984,0.503874867039386,0.5313132996649633
high_effective_mass,direct,force,0.0025,2.5,20,0.0,-0.3771804919682943,0.37369466815564256,0.4027209500036549,0.14796620311760852,0.17875433759065418,0.3230425222160639,-0.5137293956133131,0.5070214865235217,0.5356675419035896
high_effective_mass,direct,force,0.005,5.0,20,0.0,-0.3827346683380598,0.38055793797507476,0.4078970172726506,0.2361202479283376,0.2674929711948583,0.4119461787033568,-0.5221306739997591,0.5159873091432984,0.5457315833387034
high_effective_mass,direct,force,0.01,10.0,20,0.0,-0.40044839467641136,0.39794646907885933,0.42376463723847974,0.40354278114089076,0.4373671454974999,0.5734147480080155,-0.5488920533026999,0.5430957644505345,0.5776387688462064
high_effective_mass,direct,force,0.02,20.0,20,0.0,-0.45176169926251575,0.4490999040715419,0.48084442714101155,0.6843863269547,0.7125226659158683,0.820164016030667,-0.6276870368724176,0.6232435048387288,0.6603899777069602
high_effective_mass,direct,filter_group_delay,0.0,0.0,20,0.0,-0.37455646946019866,0.3733847503272394,0.40000934596566773,0.06025803459126783,0.13894416321119663,0.24695231354484642,-0.5090917650860294,0.5021161310728078,0.5294546101166758
high_effective_mass,direct,filter_group_delay,0.0025,2.5,20,0.0,-0.3755838403084884,0.375494792796894,0.40074645388080093,-0.02640821230677154,0.05991023217983509,0.31594907480947215,-0.5089403557634774,0.5037091573661026,0.5279684824724099
high_effective_mass,direct,filter_group_delay,0.005,5.0,20,0.0,-0.3791992391406615,0.378850008170321,0.4043886382942082,-0.11298922993193969,0.09212918114146014,0.3960403153510605,-0.5127027777797232,0.5102903359091204,0.5320858500239939
high_effective_mass,direct,filter_group_delay,0.01,10.0,20,0.0,-0.3940001469720341,0.39512561773776944,0.419899323569451,-0.2788745869503652,0.24117703432657178,0.54258803304757,-0.5308310093935209,0.5298008564477665,0.5519037933450164
high_effective_mass,direct,filter_group_delay,0.02,20.0,20,0.0,-0.44610833451871795,0.4497472140213904,0.4742807434473358,-0.5623675120795804,0.5476678035017548,0.7755143218455598,-0.5984797780548938,0.5991020089333224,0.6236817893252028
high_effective_mass,direct,filter_group_delay,0.04,40.0,20,0.0,-0.5672401406700008,0.5697730508659532,0.591453583984744,-0.8856762970410065,0.8913579214011063,1.0063983976657853,-0.7572885708674908,0.7563626012657306,0.7858542911421946
