target,pipeline,timing_profile,trial_count,failure_fraction,stiffness_relative_bias,stiffness_median_abs_relative_error,stiffness_p95_abs_relative_error,damping_relative_bias,damping_median_abs_relative_error,damping_p95_abs_relative_error,effective_mass_relative_bias,effective_mass_median_abs_relative_error,effective_mass_p95_abs_relative_error
rigid_high_stiffness,backward_difference,synchronized,20,0.0,-0.612812785621397,0.6142015206657665,0.6189699680084173,-0.5009145728626339,0.4970644879286888,0.5225338868546291,-1.0221367290643606,1.0222403969141807,1.0231398242162688
rigid_high_stiffness,causal_low_pass,synchronized,20,0.0,-0.42013485385373234,0.421246224523423,0.4295601313438485,-0.32606793493244335,0.3241184675144501,0.34359073345496455,-0.8972400684475257,0.8967541106880104,0.9135191497708
rigid_high_stiffness,causal_polynomial,synchronized,20,0.0,-0.269504506609892,0.2704066048425072,0.28310550835803067,-2.5301066800126986,2.5324585315906716,2.5633034427853447,-0.13264517697629313,0.13298361378581802,0.15208867369147133
rigid_high_stiffness,alpha_beta_gamma,synchronized,20,0.0,-0.20013372400483095,0.20210129192513426,0.20784137330420638,-2.5909363477316187,2.5880075988107034,2.617266028560054,-0.23204528696158544,0.23312037571164979,0.24025833735884472
rigid_high_stiffness,centered_savitzky_golay,synchronized,20,0.0,0.04041839824963062,0.039734032577257036,0.056781162248236434,-0.05784366437656463,0.056110639496665365,0.07598640531083428,0.5116892063547045,0.5107111737453138,0.5405808451542035
rigid_high_stiffness,backward_difference,exp_0002_nominal_timing,20,0.0,-0.5879944901554737,0.5883388946906701,0.5937161945031884,-0.4976817198351492,0.4980093605288649,0.5224311258858728,-1.0227482537135337,1.0225377346510394,1.0240595023260655
rigid_high_stiffness,causal_low_pass,exp_0002_nominal_timing,20,0.0,-0.4040537737070299,0.40455547792350144,0.41302946134574614,-0.31854027195485124,0.31792898674461445,0.33760901381588687,-0.9040603390024696,0.9035079799378947,0.9200534440548669
rigid_high_stiffness,causal_polynomial,exp_0002_nominal_timing,20,0.0,-0.24623443047683863,0.24552478855756082,0.2615070942121936,-2.4959856518137116,2.496860425783832,2.535206622746126,-0.1382830907211961,0.13448066200363407,0.15723844725298017
rigid_high_stiffness,alpha_beta_gamma,exp_0002_nominal_timing,20,0.0,-0.1838587660747002,0.18614918776574535,0.19172301497811997,-2.5993525231734163,2.5963654205336013,2.624153580187289,-0.22771764638267306,0.2295650859055307,0.2367591425804319
rigid_high_stiffness,centered_savitzky_golay,exp_0002_nominal_timing,20,0.0,0.03801780618505933,0.037226293634488115,0.054229832289461474,-0.0695272078879542,0.06959406160814652,0.08921351859012798,0.44969161332400487,0.44898935337153567,0.4771992465884253
rigid_high_stiffness,backward_difference,exp_0002_nominal_plus_mismatch,20,0.0,-0.5829066795026321,0.583461124822078,0.6195127389766023,-0.5009498566812685,0.5051602116829439,0.5234762670782335,-1.0227070477980338,1.0227028096690418,1.0244254379674158
rigid_high_stiffness,causal_low_pass,exp_0002_nominal_plus_mismatch,20,0.0,-0.40082318091336777,0.4028621977102592,0.426024981545645,-0.3241659080215452,0.32584002659356837,0.3444810498788184,-0.9050933201194798,0.9042389691979471,0.9228903723744425
rigid_high_stiffness,causal_polynomial,exp_0002_nominal_plus_mismatch,20,0.0,-0.24074980717137598,0.24414185784485512,0.28801861164466763,-2.4924163690396988,2.4952773774551806,2.537852761790922,-0.13924397825701576,0.13745269624781642,0.15627817686685824
rigid_high_stiffness,alpha_beta_gamma,exp_0002_nominal_plus_mismatch,20,0.0,-0.18121994792398283,0.18353440559593082,0.211722645377931,-2.600916058098549,2.595101693549024,2.637411454869957,-0.22858899834653404,0.23090811878718576,0.23641387408990458
rigid_high_stiffness,centered_savitzky_golay,exp_0002_nominal_plus_mismatch,20,0.0,0.03668477219223543,0.037012523406157016,0.054154267127206224,-0.07823556441426734,0.0767440066608332,0.10786394275138864,0.43537926730455023,0.4258469686498909,0.5799909846727213
rigid_high_stiffness,backward_difference,corrected_common_delay,20,0.0,-0.6096055081154315,0.609629863651798,0.6153054249861877,-0.5046345215746807,0.5048549449375898,0.5305053469016123,-1.022085079543001,1.0218645263178212,1.0233998272687186
rigid_high_stiffness,causal_low_pass,corrected_common_delay,20,0.0,-0.42021281062619986,0.42056184278958925,0.4291473636612329,-0.3153294577729338,0.31518140451983223,0.33505481025974243,-0.9000515325923046,0.8993126652763834,0.9166596595372115
rigid_high_stiffness,causal_polynomial,corrected_common_delay,20,0.0,-0.2734402919762445,0.27269597829203074,0.2883969349799344,-2.5007662882077706,2.500513383033259,2.5384388260637816,-0.14619093247475182,0.14286120333678554,0.1671471845066856
rigid_high_stiffness,alpha_beta_gamma,corrected_common_delay,20,0.0,-0.19987477227201544,0.2020854454038944,0.20804322157679975,-2.5844732607799608,2.581643242890557,2.6077399511067654,-0.23062609318685504,0.23241891297027628,0.23877568366801113
rigid_high_stiffness,centered_savitzky_golay,corrected_common_delay,20,0.0,0.039967303798348605,0.03916708390952919,0.05627579138068874,-0.057089022968228334,0.05763567994092069,0.07753513650462221,0.5117195071933122,0.5107275376748337,0.5386788592075845
compliant,backward_difference,synchronized,20,0.0,-0.4851944094426666,0.4860432060825851,0.488638337560781,-0.25163967740128845,0.2538517437736387,0.26629850474084044,-1.0014297700225816,1.0015624741031943,1.0028303211448548
compliant,causal_low_pass,synchronized,20,0.0,-0.37647602062259333,0.37648064492998945,0.38826301745483904,-0.17283854793721984,0.1738160625972151,0.1819893673195992,-0.808538334826714,0.8079260866119622,0.8304354631855214
compliant,causal_polynomial,synchronized,20,0.0,-0.2937944868406165,0.2948552251760942,0.30890577195399294,-0.8191105447092193,0.8190954956337605,0.8379723446615246,-0.6545172917862461,0.6553784232456368,0.6796936171454799
compliant,alpha_beta_gamma,synchronized,20,0.0,-0.22082879640800143,0.22074273098712943,0.22926975878402392,-0.8577439854941769,0.8586240031196619,0.865448263136074,-0.5257883955497501,0.5252505100397089,0.538007154809022
compliant,centered_savitzky_golay,synchronized,20,0.0,0.05117140397702308,0.05094047266223306,0.05524285873309031,-0.0025946090745971873,0.005837660247962617,0.01465433341659231,0.1533880690725204,0.15394872816403016,0.16000898124258084
compliant,backward_difference,exp_0002_nominal_timing,20,0.0,-0.48514550095199394,0.48601279715767987,0.4888710935555895,-0.18782503634731307,0.18788881745004976,0.20303541468304415,-1.0022514515711562,1.002384537590638,1.0037386566789865
compliant,causal_low_pass,exp_0002_nominal_timing,20,0.0,-0.37476691481080016,0.3748402259589761,0.3862820628827849,-0.125313292369996,0.1246345337040153,0.1361948389870467,-0.8098819069673528,0.8091055923908215,0.8311299155747128
compliant,causal_polynomial,exp_0002_nominal_timing,20,0.0,-0.2778712924203236,0.27759330734082277,0.2887397636502592,-0.7639158669184998,0.761377404362676,0.7835289388538366,-0.6255393946928414,0.6221876241710907,0.641644233766399
compliant,alpha_beta_gamma,exp_0002_nominal_timing,20,0.0,-0.20951657903593746,0.21001213611087585,0.21990714617493085,-0.824302791029436,0.8238697187641109,0.8341607996312386,-0.5078581826138816,0.5097961068764555,0.5247046957451054
compliant,centered_savitzky_golay,exp_0002_nominal_timing,20,0.0,0.04867086759383475,0.04835281298444677,0.05263765837002283,0.04139560880609913,0.04222562231013889,0.05281715257970421,0.13906100979571018,0.1386495322026935,0.1454915847282737
compliant,backward_difference,exp_0002_nominal_plus_mismatch,20,0.0,-0.484538584524807,0.48457901965511857,0.49123953790559627,-0.17642585897079793,0.16639264841412765,0.3145845789073712,-1.0024508646868275,1.002338645756498,1.0041682513736996
compliant,causal_low_pass,exp_0002_nominal_plus_mismatch,20,0.0,-0.37439323114997436,0.37596011726892725,0.3840464894723633,-0.11705159329900268,0.11490781928608965,0.22345255143309917,-0.8107465969308493,0.809655053524232,0.834510106539639
compliant,causal_polynomial,exp_0002_nominal_plus_mismatch,20,0.0,-0.2740128027434431,0.26938842107265804,0.31134020176486293,-0.7523084859975924,0.7438852886937974,0.8471590075366103,-0.6200023739356204,0.6145525995833421,0.6813407602641933
compliant,alpha_beta_gamma,exp_0002_nominal_plus_mismatch,20,0.0,-0.2074817321663877,0.20314652387049537,0.22946884677233,-0.8166109124458106,0.8114682787385583,0.8889307010697574,-0.5058047424119724,0.49918191575302656,0.5363834644078317
compliant,centered_savitzky_golay,exp_0002_nominal_plus_mismatch,20,0.0,0.046972615287041594,0.04632836994383624,0.05376989493771415,0.0497787605675218,0.06812583479194041,0.13011146877214583,0.13345147641775074,0.13390074390339057,0.16046065963271647
compliant,backward_difference,corrected_common_delay,20,0.0,-0.4891617224229418,0.4900338892593339,0.49287216616545726,-0.2396263029594828,0.23930815688826385,0.2548061334704471,-1.001627861238616,1.0017638923551269,1.0031123383680733
compliant,causal_low_pass,corrected_common_delay,20,0.0,-0.37850197046802847,0.3785838140498378,0.39007546447600416,-0.16445603058608121,0.16369640931577428,0.17549926207877975,-0.8088640866978978,0.8080642571714234,0.8301722506491062
compliant,causal_polynomial,corrected_common_delay,20,0.0,-0.29812849580140777,0.29810952889232933,0.30890012657559246,-0.803548787423144,0.8006650325240747,0.8227568501316594,-0.6535755235106955,0.6500454408464168,0.6685976752279259
compliant,alpha_beta_gamma,corrected_common_delay,20,0.0,-0.22186765922677507,0.22253350866017982,0.2322016277844373,-0.8522426500049584,0.8516971230424165,0.8622845850296468,-0.5216890707319183,0.5236173628309857,0.5390263060291856
compliant,centered_savitzky_golay,corrected_common_delay,20,0.0,0.050157687771051694,0.050032890055862395,0.054230714758249865,-0.003893817062292673,0.006261970847918619,0.016108413387724927,0.15186846661940206,0.15153553900156336,0.15727364018412987
lightly_damped_flexible,backward_difference,synchronized,20,0.0,-0.8712803572712107,0.8710641503405405,0.8739718393249558,-0.286844447978961,0.29338844008126364,0.34794655658273227,-0.990459946259613,0.990774247767346,0.9921520959568402
lightly_damped_flexible,causal_low_pass,synchronized,20,0.0,-0.6381942986354237,0.6369214683003004,0.6615744697046684,-1.0428178535891786,1.0487181471951552,1.0994548383689304,-0.7390056091574099,0.7379675669245732,0.7651582047535763
lightly_damped_flexible,causal_polynomial,synchronized,20,0.0,-0.458567088178214,0.45930520767119043,0.4804309991991738,-5.1202846317506205,5.12799572193454,5.184710888208271,-0.613152361911364,0.6141274036017741,0.633091040627864
lightly_damped_flexible,alpha_beta_gamma,synchronized,20,0.0,-0.3643192906393021,0.3628456441301114,0.3742106325755187,-9.632004338912004,9.631246507570975,9.780782871008086,-0.4265389614355102,0.42551154706156424,0.4376372426044805
lightly_damped_flexible,centered_savitzky_golay,synchronized,20,0.0,0.07249626894491731,0.07292675123754927,0.07567950935232982,3.3024247882540436e-05,0.019857345883228072,0.05457374535148445,0.16190048017598607,0.16285477875543342,0.16621157435447
lightly_damped_flexible,backward_difference,exp_0002_nominal_timing,20,0.0,-0.8690851038227299,0.8691638115511588,0.8716599025511915,-0.283639517062115,0.2925391264399446,0.3259451977996519,-0.9904429820470788,0.990746854309614,0.992253184884315
lightly_damped_flexible,causal_low_pass,exp_0002_nominal_timing,20,0.0,-0.6356005932629596,0.634197279864122,0.6586518249984505,-1.0232074309797246,1.0327672639659828,1.0811988995108222,-0.7385695558830397,0.7373966095991153,0.7643198956821918
lightly_damped_flexible,causal_polynomial,exp_0002_nominal_timing,20,0.0,-0.4253195654786567,0.4221392921099586,0.43978463440631727,-5.395400534707035,5.403341556419685,5.452169718582469,-0.5845604707387562,0.5812549806318292,0.5977968658524807
lightly_damped_flexible,alpha_beta_gamma,exp_0002_nominal_timing,20,0.0,-0.34372979034891893,0.3444630309845831,0.3567905176679036,-9.935913879196798,9.939033042042771,10.09221790244118,-0.40559774193231257,0.40602749635273794,0.420077327772313
lightly_damped_flexible,centered_savitzky_golay,exp_0002_nominal_timing,20,0.0,0.07070385154528783,0.07137566282791141,0.07414367232456458,0.07450175673552203,0.07739997064099868,0.12317026942286154,0.15795241289103212,0.15908927957388852,0.16242007962276708
lightly_damped_flexible,backward_difference,exp_0002_nominal_plus_mismatch,20,0.0,-0.8687684151487499,0.8689397528692343,0.8713762080451819,-0.26371500638514067,0.2321079816512429,0.553881434454795,-0.9905175790088208,0.9907587676132776,0.9922493241806669
lightly_damped_flexible,causal_low_pass,exp_0002_nominal_plus_mismatch,20,0.0,-0.6357207573809209,0.6346409993761779,0.6574075144879583,-1.0078022813620113,0.9856734740180966,1.211766422019328,-0.7390930372173953,0.73858053586654,0.7642667851939583
lightly_damped_flexible,causal_polynomial,exp_0002_nominal_plus_mismatch,20,0.0,-0.4186261639896105,0.4146058189695834,0.4847285798718426,-5.423093825346625,5.424191133210948,5.615608944342255,-0.5788632155617193,0.5748502914954109,0.6366313866918643
lightly_damped_flexible,alpha_beta_gamma,exp_0002_nominal_plus_mismatch,20,0.0,-0.34062298384206996,0.33474797940191514,0.37819480643462855,-9.9645106358912,10.053933187388282,10.203193496605785,-0.40254246281983264,0.395124771464475,0.44105595779212686
lightly_damped_flexible,centered_savitzky_golay,exp_0002_nominal_plus_mismatch,20,0.0,0.06877766388533935,0.0687796592306959,0.0737799877764598,0.09116427371563007,0.12521799204904505,0.2171454074289625,0.15517593771362356,0.1556857578798495,0.16379881777749358
lightly_damped_flexible,backward_difference,corrected_common_delay,20,0.0,-0.8701073742566278,0.8702072750765035,0.8726378720560731,-0.4063943975647931,0.4160221548250189,0.44871211589262167,-0.9903810807378598,0.990681140741491,0.9921772584063033
lightly_damped_flexible,causal_low_pass,corrected_common_delay,20,0.0,-0.6374818024064198,0.6360598259394907,0.6604508791088065,-1.0972588987213994,1.10702476221068,1.1542829151687206,-0.7395135051024373,0.7383285735906188,0.7651496967322717
lightly_damped_flexible,causal_polynomial,corrected_common_delay,20,0.0,-0.45531554146989095,0.4522663309916968,0.4692059867523089,-5.273724972867119,5.281957217976791,5.333397000418559,-0.6107525931250343,0.6075602098415049,0.6229252282451857
lightly_damped_flexible,alpha_beta_gamma,corrected_common_delay,20,0.0,-0.3601248478565407,0.3606299109326754,0.37374879095835395,-9.770851905400333,9.779933617808013,9.929209554822341,-0.4225132699374843,0.4228976442681658,0.43760333997858425
lightly_damped_flexible,centered_savitzky_golay,corrected_common_delay,20,0.0,0.07148664428448435,0.07253287323366266,0.07531184793561349,-0.013760459051362094,0.025785996029768388,0.05667515242998525,0.16060410699888378,0.16183592170939054,0.1644676104720587
high_damping,backward_difference,synchronized,20,0.0,-0.11990958108130054,0.12008546857014456,0.12592407647343573,-0.6033676441078029,0.5998205622352348,0.6335549555207494,-1.047880880726434,1.048123045845836,1.0511568481605358
high_damping,causal_low_pass,synchronized,20,0.0,-0.096865373427396,0.09762018324159327,0.10291403163182564,-0.16838169007709594,0.1683551621422154,0.1835464720648668,-1.0424052076953931,1.0427802021015573,1.0488940149510733
high_damping,causal_polynomial,synchronized,20,0.0,-0.06962069663449513,0.07068892767576727,0.07794879929121391,-0.8521637534976364,0.8555297457807578,0.8697056749992612,-0.5150728832542126,0.513737724542696,0.5501963222463497
high_damping,alpha_beta_gamma,synchronized,20,0.0,-0.02861748867668417,0.028919822015349816,0.035504864582633765,-0.8245718116502523,0.8261788798750733,0.8365446606157819,-0.5606863697774898,0.5616000993271308,0.578923710850147
high_damping,centered_savitzky_golay,synchronized,20,0.0,0.0154356221141884,0.01452945608221114,0.022085526707108876,-0.03881541524335348,0.041104219234801745,0.05116715561350899,0.32010925558049763,0.3184338436109222,0.3713089693103388
high_damping,backward_difference,exp_0002_nominal_timing,20,0.0,-0.11545845105302928,0.11625756953154555,0.12250854851852293,-0.5813339867370028,0.5827728901059253,0.6074987654922449,-1.0508165141449886,1.050819846075676,1.0543600604191314
high_damping,causal_low_pass,exp_0002_nominal_timing,20,0.0,-0.09332953848522241,0.09407626741155288,0.09944391947076339,-0.1376172478667816,0.13921443947538625,0.15334482562392737,-1.0510704233775776,1.0513301254546477,1.0582864926856441
high_damping,causal_polynomial,exp_0002_nominal_timing,20,0.0,-0.06737502020500494,0.06803205440381258,0.07440942602795701,-0.7892700441394964,0.7867587569163044,0.8208157771495282,-0.5413497408039444,0.5402214089503747,0.5794757726661841
high_damping,alpha_beta_gamma,exp_0002_nominal_timing,20,0.0,-0.02579342889384975,0.02593678994678006,0.03321760313226706,-0.7927392277436166,0.7932298312361039,0.8060153106373035,-0.5803197241725825,0.5799671424063959,0.6005060075413503
high_damping,centered_savitzky_golay,exp_0002_nominal_timing,20,0.0,0.013461898341576175,0.012604355040579378,0.01987625019732018,-0.01744710506512449,0.01886514118120331,0.029907757303899756,0.18590454736813306,0.1886559967296293,0.23822858913056708
high_damping,backward_difference,exp_0002_nominal_plus_mismatch,20,0.0,-0.11368094475035703,0.11530494733289515,0.1295018828519975,-0.5784662693829701,0.5756658410613775,0.6247143263685496,-1.051254230405104,1.0517569268121179,1.0571323315456873
high_damping,causal_low_pass,exp_0002_nominal_plus_mismatch,20,0.0,-0.0920395256973093,0.09323456292762311,0.10436425117754704,-0.1341923193731667,0.12836572822715184,0.18111164145415307,-1.0527476977496193,1.0536625230822594,1.0653551210890828
high_damping,causal_polynomial,exp_0002_nominal_plus_mismatch,20,0.0,-0.06624652034655723,0.06590486164542454,0.08328302472846376,-0.7769286384878356,0.7691292022171138,0.8744852060202536,-0.5488636421307483,0.5456286032803934,0.6034256245533809
high_damping,alpha_beta_gamma,exp_0002_nominal_plus_mismatch,20,0.0,-0.025006680004412463,0.024901337664368365,0.03951484861564989,-0.7869073572256738,0.7812356182111901,0.8328008317626107,-0.5881063345596473,0.5867150189901427,0.6329837542790299
high_damping,centered_savitzky_golay,exp_0002_nominal_plus_mismatch,20,0.0,0.012481467987038305,0.011298574063084176,0.02167305414012534,-0.01613426029927319,0.01873153054516294,0.04908949491362721,0.15344335116754698,0.12475979495291512,0.5257920920305541
high_damping,backward_difference,corrected_common_delay,20,0.0,-0.12492242120611682,0.12573581529069996,0.13195265430213504,-0.6017707812850535,0.6036330124092251,0.6271786784648138,-1.0480909229053526,1.0481794709873213,1.0515228801952825
high_damping,causal_low_pass,corrected_common_delay,20,0.0,-0.10059960130688612,0.10138648349135877,0.10672074040390556,-0.16451563294959448,0.16548843351090325,0.18167313423860354,-1.0436521333603175,1.0441136168541192,1.0513146502525192
high_damping,causal_polynomial,corrected_common_delay,20,0.0,-0.07646187291821484,0.07719645973628862,0.08327417302596882,-0.8385892278938186,0.8373136611842389,0.8717910263957276,-0.5313765835550697,0.5292211138532985,0.5737575301504341
high_damping,alpha_beta_gamma,corrected_common_delay,20,0.0,-0.032622568648861774,0.03269561317008434,0.040443903745994735,-0.8183960410748685,0.8184102140291538,0.8336923108330441,-0.5596338710054837,0.5588850418304938,0.578801850947492
high_damping,centered_savitzky_golay,corrected_common_delay,20,0.0,0.015808522255495984,0.014815662690743163,0.022162776707286044,-0.0396902678709891,0.04028287738788123,0.05470272964909638,0.31946847347974944,0.32299595844588325,0.3705703346907409
low_effective_mass,backward_difference,synchronized,20,0.0,-0.2833146829291387,0.28335113319383876,0.2918800725998671,-0.18899824041697594,0.18851357083436265,0.19651994857665023,-0.9088575432264744,0.9083307937610599,0.9376628452837239
low_effective_mass,causal_low_pass,synchronized,20,0.0,-0.04608116959026773,0.04541660047025431,0.05329680635360608,-0.21265594761298737,0.2120301162248372,0.219457527252467,-0.11034427784538851,0.10646345271628027,0.13683499810398453
low_effective_mass,causal_polynomial,synchronized,20,0.0,-0.16787452176163553,0.16784110788404055,0.17123623911893293,-1.6211235210397503,1.6207872868182136,1.630062572624632,0.18967683885123438,0.18884440588568946,0.20353471707802412
low_effective_mass,alpha_beta_gamma,synchronized,20,0.0,-0.08777205900175969,0.08788999271595599,0.09159453964873107,-1.8710151349865594,1.8710643735377197,1.8768858999648261,0.15737776552799193,0.15589943795869393,0.16547429865560787
low_effective_mass,centered_savitzky_golay,synchronized,20,0.0,0.020773862715130976,0.02091861098930669,0.02446833346848257,-0.06709735340860656,0.06557679370961714,0.07309712337567631,0.5313494730021134,0.5327916508275629,0.5427239343750249
low_effective_mass,backward_difference,exp_0002_nominal_timing,20,0.0,-0.25851085288272274,0.2587820430810972,0.266406734744686,-0.20610108994309337,0.20541030204752514,0.2126204942974586,-0.9225552908097561,0.9240374400827291,0.9480994253127835
low_effective_mass,causal_low_pass,exp_0002_nominal_timing,20,0.0,-0.04119061092923217,0.040581333730791674,0.048407499702696734,-0.234093752674349,0.2348145320898759,0.24036934844919136,-0.18986059985473586,0.18814315722620517,0.21429382078163922
low_effective_mass,causal_polynomial,exp_0002_nominal_timing,20,0.0,-0.14597752956744584,0.1464330272499986,0.15002041915964232,-1.567424544135998,1.566802091286347,1.578012224526768,0.12970497277071774,0.12893876824666334,0.14283517644993354
low_effective_mass,alpha_beta_gamma,exp_0002_nominal_timing,20,0.0,-0.07746293407417351,0.07754285460214513,0.08114296396775886,-1.8552115327370522,1.8549712163869803,1.8616343541948481,0.11668890606984435,0.11625666393032835,0.12552288835306985
low_effective_mass,centered_savitzky_golay,exp_0002_nominal_timing,20,0.0,0.019209040296880035,0.01927556672447546,0.02317630067664637,-0.10613256254912155,0.10563497096239036,0.11166316633083456,0.38211460542113057,0.38347744728763095,0.39613266536402353
low_effective_mass,backward_difference,exp_0002_nominal_plus_mismatch,20,0.0,-0.25400616889895095,0.25324787191236464,0.30683943378817496,-0.21605087121545435,0.21274419661060545,0.2448747028842676,-0.9254846480786709,0.9269588440068213,0.9558728096539943
low_effective_mass,causal_low_pass,exp_0002_nominal_plus_mismatch,20,0.0,-0.040974716704651415,0.043125452159769394,0.05022109524840998,-0.24527152012352488,0.24352133138867105,0.2929775162904099,-0.20656524559450823,0.21134249228019014,0.3180431649754759
low_effective_mass,causal_polynomial,exp_0002_nominal_plus_mismatch,20,0.0,-0.14172307586845972,0.14240934094658012,0.19461892294981,-1.5586472611793438,1.5589400605705541,1.6721020607635293,0.11591221675387482,0.12035990824239867,0.2265972041159487
low_effective_mass,alpha_beta_gamma,exp_0002_nominal_plus_mismatch,20,0.0,-0.07595788546236709,0.07558985778963186,0.10384124086683467,-1.85365035809088,1.8539240597179112,1.8656272710953121,0.10734516015140723,0.11099823471370923,0.17433363214436953
low_effective_mass,centered_savitzky_golay,exp_0002_nominal_plus_mismatch,20,0.0,0.018300939127940404,0.018376143626816298,0.025492757893117366,-0.12075090824171815,0.11822686420742007,0.19764951134302086,0.354682196978522,0.357694289465563,0.7232563209358921
low_effective_mass,backward_difference,corrected_common_delay,20,0.0,-0.28327943054252197,0.2835928193010766,0.29172254055765473,-0.1979247236743807,0.19758884172661118,0.20395270125934115,-0.9100170854413872,0.9116370111636587,0.93731223268874
low_effective_mass,causal_low_pass,corrected_common_delay,20,0.0,-0.04688645529786474,0.046357523583920965,0.05433929555764835,-0.21245584320931615,0.21339992150458506,0.2185752283020454,-0.11498264446561017,0.11380388209334319,0.14200594485314283
low_effective_mass,causal_polynomial,corrected_common_delay,20,0.0,-0.16994634046248364,0.17053071168082232,0.1742839532575585,-1.6127519625198752,1.611788189335087,1.623321254405398,0.17434906746461393,0.1740125056934158,0.18687213500053396
low_effective_mass,alpha_beta_gamma,corrected_common_delay,20,0.0,-0.09018439423544462,0.09033819336523313,0.09375342333188376,-1.8601930423119335,1.8599048492432826,1.866724709764597,0.14491070615081897,0.14491014986981104,0.15369634261233361
low_effective_mass,centered_savitzky_golay,corrected_common_delay,20,0.0,0.021401257923800952,0.021435344173694186,0.025372286110834228,-0.06420118382721819,0.06375674025494052,0.06982230110217409,0.5347529931569203,0.5359403869601794,0.5491282037729411
high_effective_mass,backward_difference,synchronized,20,0.0,-0.7389717739840984,0.739120684744387,0.7414539969553693,-0.3150825438924601,0.3172833429093285,0.37439829971617367,-1.0013662802647256,1.0013447188969273,1.0015130867867472
high_effective_mass,causal_low_pass,synchronized,20,0.0,-0.7246700304645344,0.724903406047732,0.7279272339685553,-0.06224598659381671,0.05401801699828832,0.10567918286747922,-0.9890332441582391,0.9890351038061982,0.9906886959160713
high_effective_mass,causal_polynomial,synchronized,20,0.0,-0.5557832647300085,0.5531985792795896,0.5962038435973359,-0.9733039240075219,0.9716884084155237,1.0391337680797523,-0.7746923459168468,0.7715884758654246,0.8225867822902241
high_effective_mass,alpha_beta_gamma,synchronized,20,0.0,-0.38719187177134357,0.38602590597938324,0.42416047921527683,-1.2699190606243231,1.2766159250804587,1.297817078369968,-0.5413596782930805,0.5424999207477513,0.5875946885552227
high_effective_mass,centered_savitzky_golay,synchronized,20,0.0,0.017139199323393098,0.017329922079865032,0.030498193871090963,-0.007379481022557172,0.030892723467429127,0.07209898734601013,0.040253119651938646,0.03970699373810316,0.05779331346169544
high_effective_mass,backward_difference,exp_0002_nominal_timing,20,0.0,-0.743169077405553,0.7433198982174705,0.7460488180629735,-0.23798046347451218,0.24743364327968723,0.28589985005338847,-1.0015498198110921,1.0015686983991696,1.0017367446348464
high_effective_mass,causal_low_pass,exp_0002_nominal_timing,20,0.0,-0.7263587863606847,0.7265229341923471,0.7295760384936718,0.004326216345025201,0.023128878379025865,0.04357666144282469,-0.9891321164268909,0.9890557334703366,0.9908146073593178
high_effective_mass,causal_polynomial,exp_0002_nominal_timing,20,0.0,-0.545944064863493,0.5403702549876671,0.58823119676999,-0.9046147010189977,0.8928342889170511,0.9875154910185726,-0.7562449424929417,0.7519199133537071,0.8070598553885787
high_effective_mass,alpha_beta_gamma,exp_0002_nominal_timing,20,0.0,-0.3739029340853233,0.37470454111058515,0.41773928717546127,-1.235902765906198,1.2392702270909357,1.2704619362595309,-0.5209582368428369,0.522235666473264,0.575479232757875
high_effective_mass,centered_savitzky_golay,exp_0002_nominal_timing,20,0.0,0.01456257936191677,0.015247495906142394,0.026612925839482528,0.05476976321420416,0.053372115966225486,0.09379934317876526,0.03603229881550279,0.03673707737568854,0.05085192728201509
high_effective_mass,backward_difference,exp_0002_nominal_plus_mismatch,20,0.0,-0.7432018255471438,0.7428779359408393,0.7458049257657955,-0.22464016380914723,0.20839903049375805,0.3858683184076025,-1.0015874893635872,1.0015921460580213,1.0017985282789792
high_effective_mass,causal_low_pass,exp_0002_nominal_plus_mismatch,20,0.0,-0.726211937156229,0.7258412088981685,0.7297052960007254,0.015830362163171664,0.04049735002694792,0.1375686034280103,-0.9891907748542984,0.9891433570946733,0.9908960127586379
high_effective_mass,causal_polynomial,exp_0002_nominal_plus_mismatch,20,0.0,-0.5429163474888613,0.5397247266087087,0.5760075158622836,-0.8919339222314762,0.8845174602323953,0.9826851102529611,-0.7524297083415898,0.7494263505307486,0.7918018609719087
high_effective_mass,alpha_beta_gamma,exp_0002_nominal_plus_mismatch,20,0.0,-0.37159344430836094,0.36621837589914863,0.4174552576063476,-1.2274154423405819,1.2318627484477185,1.2868412499491508,-0.5182234931938517,0.5137252039934066,0.5739726467122162
high_effective_mass,centered_savitzky_golay,exp_0002_nominal_plus_mismatch,20,0.0,0.01264406649344165,0.012439911536088269,0.023025700896324445,0.06748968816015374,0.09523338027271483,0.17689012473874902,0.033100309127489784,0.03283333872914644,0.05026288332003021
high_effective_mass,backward_difference,corrected_common_delay,20,0.0,-0.744416990397416,0.7445746457418414,0.7472788677249154,-0.29126569596543833,0.2995178523805723,0.33818178089768797,-1.0014194809751684,1.0014380456844307,1.0016064719539615
high_effective_mass,causal_low_pass,corrected_common_delay,20,0.0,-0.7276914525810125,0.7278617243685107,0.7308833811187231,-0.04552328047985087,0.04449807476076088,0.0909515560442856,-0.9890459339309225,0.9889667015951262,0.9907243125205883
high_effective_mass,causal_polynomial,corrected_common_delay,20,0.0,-0.5604872110476647,0.555116078731438,0.6020708608138895,-0.9443068327530308,0.9320932445516248,1.0271415628809357,-0.7724522058315928,0.7684175348855931,0.8225841369527342
high_effective_mass,alpha_beta_gamma,corrected_common_delay,20,0.0,-0.3859169299450755,0.3867741072280454,0.43071716406880556,-1.2634463120701824,1.2677149636148495,1.2980978815947875,-0.5342744122702706,0.5365801902347844,0.589561576894259
high_effective_mass,centered_savitzky_golay,corrected_common_delay,20,0.0,0.015816362768732377,0.016612885222862986,0.02608298073770497,-0.005550605828625921,0.02478353104560709,0.06445382009587841,0.03931927531515926,0.0417044319943531,0.05328104286000314
