actual_risk_class,actual_severity_ratio,boundary_case,case_index,contact_fraction,contact_loss_count,damping_n_s_per_m,effective_mass_kg,future_contact_loss_proxy,future_hold_settling_time_s,future_late_hold_oscillation_rms_m,future_peak_displacement_m,future_peak_velocity_m_per_s,future_realized_sustained_force_rms_error_n,minimum_actuator_reserve,motor_saturation_fraction,peak_angular_rate_rad_s,peak_attitude_deg,peak_contact_force_n,peak_contact_torque_nm,peak_penetration_m,peak_target_acceleration_m_per_s2,peak_target_displacement_m,peak_target_velocity_m_per_s,perturbation,perturbation_value,probe_cross_correlation_lag_s,probe_delivery_bandwidth_hz,probe_peak_tracking_error_n,probe_relative_rms_tracking_error,probe_rms_tracking_error_n,probe_weighted_phase_lag_rad,seed,stiffness_n_per_m,stratum,trial_id
SAFE,0.24446498524872434,False,0,0.21292902365878041,6.0,12.0,1.2,False,0.05500000000000005,5.95453519888845e-09,0.0011792779880541939,0.02933579822984692,0.35183227031113135,0.7250296449917693,0.0,0.15540455877048903,1.7303312553182084,2.613518618445364,0.21686970687294382,0.0005153176288634628,1.8986873110964628,0.0010078885461369798,0.033754208023152744,nominal,1.0,0.13,2.665778073975342,2.613518618445364,1.6931922220091618,0.44388409952130126,-0.6985596244451325,13000,2200.0,representative,representative_stiff
UNSAFE,2.76560745882569,False,1,0.37054315228257245,16.0,3.0,1.2,True,3.0,0.0033304749786420003,0.03318728950590828,0.10287040629663355,0.42598102693608236,0.7407439102640756,0.0,0.2182808245931751,1.8853297196680556,1.627917201790585,0.1300107647742617,0.0003205642307649646,1.1068055073145742,0.007667469490000757,0.04711443581012804,nominal,1.0,0.243,4.665111629456848,1.2617571546990116,1.2317831290902723,0.3229219564999914,2.9480863120496474,13000,90.0,representative,representative_compliant
UNSAFE,2.062471792606632,False,2,0.15928023992002666,8.0,0.5,1.0,False,3.0,0.0030937076889099475,0.00845832415034169,0.057113070408787006,0.7159630360396763,0.7165888435926759,0.0,0.19342311445599766,1.8543081744962289,2.9943050056141036,0.23867283025751124,0.0005888261529974335,3.270846354228029,0.0029540260344143943,0.06383175273387284,nominal,1.0,0.134,0.0,2.9943050056141036,1.7986473824275584,0.4715300267312959,-1.7583942308861948,13000,450.0,representative,representative_lightly_damped
SAFE,0.37225773914827043,False,3,0.30989670109963346,7.0,55.0,1.0,False,0.546,5.243738000875942e-07,0.004467092869779245,0.02570362578586065,0.3589544022585894,0.7238321427156801,0.0,0.16484084707989552,1.6863432993397505,2.75370188031056,0.22699845479857356,0.0005436147277269119,1.7233873475276498,0.0012077887641981449,0.03093594467700436,nominal,1.0,0.226,0.0,2.75370188031056,1.46683559315374,0.3845428699407991,-0.4343898567937198,13000,450.0,representative,representative_highly_damped
SAFE,0.8240000000000001,True,4,0.2262579140286571,4.0,8.0,0.12,False,1.6480000000000001,6.262581107267014e-05,0.0059162252931700635,0.04575444282440203,0.3975233823361696,0.7440623205544848,0.0,0.18081779581148427,1.65839050477682,1.3110207102225833,0.10546624219058949,0.00024534806700344223,8.519853297986197,0.002376230556215831,0.06911883928075982,nominal,1.0,0.194,1.9993335554815064,1.1134253446800975,1.2780173019030954,0.3350426205919749,2.630483519707759,13000,450.0,representative,representative_low_mass
UNSAFE,1.5,False,5,0.20359880039986672,7.0,8.0,5.5,False,3.0,0.00111246252221798,0.007663021190127422,0.029683422929708738,0.38835907367545935,0.7215259093946224,0.0,0.16818630726037756,1.6785303346461338,3.3150824651210193,0.26806796295139274,0.0006567116512165821,0.48814263496735694,0.002415834999027972,0.019580226919541456,nominal,1.0,-0.055,2.665778073975342,3.0957252928581247,1.680164204273452,0.44046869880897044,0.394574385011354,13000,450.0,representative,representative_high_mass
UNSAFE,3.4522660907925635,False,6,0.2559146951016328,9.0,2.0,2.5,True,3.0,0.005178399136188845,0.020283491746611215,0.06771455804831174,0.3941512707388289,0.7376135012866637,0.0,0.19631475692157577,1.7318882276072352,1.7396004034491628,0.13795475565134488,0.00034383862856036474,0.48965961313741035,0.0049341999492089955,0.03491080279746732,nominal,1.0,0.181,0.0,1.5790694376266667,1.3628174342834665,0.35727366436341534,2.8243250701468856,13000,170.0,representative,representative_boundary
UNSAFE,18.068721031349057,False,0,0.3822059313562146,7.0,0.3,0.1,True,3.0,0.027103081547023587,0.07127238494717536,0.48764455947648394,1.3389029263557934,0.7364657242329714,0.0,0.28373472196482935,2.893186884505279,1.7669475332666535,0.13961543710999677,0.0003150384821417748,18.047871536249687,0.011141936038466131,0.11510404657812806,nominal,1.0,0.25,0.0,1.7669475332666535,1.3289932376161284,0.3484063763588101,-0.15560837135798672,13001,75.0,structured_grid,grid_000
UNSAFE,10.804966607134714,False,1,0.22292569143618793,7.0,0.3,0.7745966692414834,True,3.0,0.01620744991070207,0.04623971107463335,0.17088950213592477,0.5679982832677586,0.6894047008852147,0.0,0.25115511534540563,2.2367139595389838,4.9942176886364305,0.4028749706142552,0.0009784111288141648,6.245964132509242,0.010145863299344639,0.07269521933650605,nominal,1.0,0.158,0.0,4.9942176886364305,2.032384658623186,0.5328061529856111,2.07362968163454,13001,75.0,structured_grid,grid_001
UNSAFE,4.1153529319296105,False,2,0.18527157614128623,8.0,0.3,6.0,True,3.0,0.006173029397894415,0.04296338907819348,0.07606580267546943,0.3976146471297548,0.713000359566512,0.0,0.1685782259657134,1.6705716340636672,3.2154051331870246,0.2728077653336822,0.0006373684143124729,0.49961374907337763,0.006223230972725763,0.018600883838606443,nominal,1.0,0.23800000000000002,3.9986671109630127,3.2154051331870246,1.6683826834802864,0.4373800773988979,1.7487421233582954,13001,75.0,structured_grid,grid_002
UNSAFE,2.910254755678637,False,3,0.3972009330223259,6.0,4.242640687119285,0.1,True,3.0,0.0037534725147777754,0.034923057068143644,0.12187166038039846,0.5362579974567753,0.7446585664118566,0.0,0.2368402178435786,2.3246972553031364,0.9248801750307996,0.07384399793353959,0.00016876269581386452,7.997161244357445,0.008839971530764268,0.06463442933615722,nominal,1.0,0.25,0.0,0.8075794567135461,1.2152889911083091,0.3185978842001458,3.5099786191057647,13001,75.0,structured_grid,grid_003
UNSAFE,2.990412533744146,False,4,0.4335221592802399,13.0,4.242640687119285,0.7745966692414834,True,3.0,0.0018962477274362696,0.03588495040492975,0.11178691943541845,0.4314952446226093,0.7391275869042719,0.0,0.2227512949470022,1.9455875128385776,1.9919906690541809,0.15939310945709873,0.00039023605224317135,2.3282891515228923,0.008308738882877476,0.047560203246939096,nominal,1.0,0.203,0.0,1.53344932343756,1.2332897852674773,0.32331693865961486,0.444933877123581,13001,75.0,structured_grid,grid_004
UNSAFE,3.199303651559694,False,5,0.22759080306564478,9.0,4.242640687119285,6.0,True,3.0,0.003202160570259328,0.038391643818716334,0.06814619233798425,0.38840715310237417,0.7145593380557379,0.0,0.16795661732740913,1.6721848523003202,3.1186479844131623,0.26455584518591757,0.0006181759050989948,0.495239378053632,0.005543366983226218,0.01635270508597247,nominal,1.0,0.222,0.0,3.1186479844131623,1.6337263661133838,0.4282946421912652,2.1741915160399206,13001,75.0,structured_grid,grid_005
UNSAFE,1.9575663523018263,False,6,0.348217260913029,6.0,60.0,0.1,True,1.846,0.0003631887679701343,0.023490796227621916,0.028524386905687937,0.36319125149749715,0.7355242887226148,0.0,0.1620768448476763,1.6723875887471873,1.8990822973538142,0.15672211762658989,0.00037667614709083826,4.3655801978080895,0.0022155639657694183,0.02974807389116652,nominal,1.0,0.178,0.0,1.8990822973538142,1.3094894489527187,0.3432932996770389,-1.0052271728528686,13001,75.0,structured_grid,grid_006
UNSAFE,1.9593121696466458,False,7,0.36587804065311563,7.0,60.0,0.7745966692414834,True,1.8410000000000002,0.0003576403116429382,0.02351174603575975,0.028531316062503913,0.3637003546546578,0.7269903495269171,0.0,0.16238606318922993,1.673536542284247,2.505757363411555,0.2071404675663311,0.0004945961185046993,1.8128922758692383,0.002217991905541142,0.029353898273424182,nominal,1.0,0.25,2.332555814728424,2.505757363411555,1.3421479876924212,0.3518550009840249,-0.7150952039360885,13001,75.0,structured_grid,grid_007
UNSAFE,1.9687340904648896,False,8,0.17427524158613794,4.0,60.0,6.0,True,1.791,0.00030477062635289565,0.023624809085578676,0.02646093190867923,0.37070115785452407,0.716612736812392,0.0,0.1608162773701709,1.689173987507769,3.1819141747032753,0.26468184785899057,0.0006306026712166457,0.4671898406327404,0.0021792547638714594,0.01111227097116543,nominal,1.0,0.247,0.0,3.1819141747032753,1.9255883574496335,0.5048086348288264,3.5319986512662465,13001,75.0,structured_grid,grid_008
UNSAFE,1.496,True,9,0.22525824725091637,6.0,0.3,0.1,False,2.992,0.00042086365915378646,0.006976049393443704,0.054154046592414545,0.46995344345576484,0.7421923898490279,0.0,0.19030830437031127,1.7572458689916555,1.1414587609653142,0.08923353328322724,0.00022774825436192242,11.5065288935334,0.0028005187193455984,0.08590609457796469,nominal,1.0,0.061,0.0,0.9818301107706697,1.366155961596095,0.35814888642658715,-1.7929408387514039,13001,433.0127018922193,structured_grid,grid_009
UNSAFE,1.9182561141011474,False,10,0.21059646784405198,10.0,0.3,0.7745966692414834,False,3.0,0.002877384171151721,0.008224322397291263,0.05273057146640593,0.6836211623404803,0.7360367929808123,0.0,0.19497671346137843,1.8708111591717933,2.0536986355437055,0.1620758494981863,0.0004032691146623774,1.9837481270854813,0.002781920753986571,0.050443457183876626,nominal,1.0,0.128,0.0,1.674838500149654,1.5621749038574382,0.40953684494883197,-1.396935795798084,13001,433.0127018922193,structured_grid,grid_010
UNSAFE,2.5121577747709094,False,11,0.19693435521492836,6.0,0.3,6.0,False,3.0,0.0037682366621563644,0.01015295034976992,0.04720388398135394,0.41261595339121143,0.7143488269636219,0.0,0.17117555526997688,1.677258336466044,3.610003600093335,0.2892797550128802,0.0007149329918405943,0.5537357231272507,0.003379028770032579,0.028573413769035844,nominal,1.0,0.25,0.0,3.2876416780165907,1.781869108846163,0.4671314659752334,0.9612017490706264,13001,433.0127018922193,structured_grid,grid_011
CAUTION,1.1745,True,12,0.2262579140286571,4.0,4.242640687119285,0.1,False,2.349,0.00016669865656265438,0.0065029891544122614,0.04901165889889411,0.4194074098403583,0.7432710524008221,0.0,0.1853111954608745,1.6915893926391794,1.1423904699938487,0.09117246816071242,0.00020976401276401714,9.679517856137107,0.0025922107799319838,0.07469195231583742,nominal,1.0,0.234,4.331889370209931,0.9019270572081479,1.2555052588283397,0.3291409055718308,0.8290854852347153,13001,433.0127018922193,structured_grid,grid_012
UNSAFE,1.5,True,13,0.20126624458513828,12.0,4.242640687119285,0.7745966692414834,False,3.0,0.0008489123195086562,0.007118439799154649,0.04656623298489451,0.4704478252125652,0.7358258233784741,0.0,0.18916709480182337,1.7831530498489834,2.507836079553867,0.19822017391068883,0.0004913175737391166,2.9952113798831124,0.002404157575619672,0.058117512591042884,nominal,1.0,0.20600000000000002,3.3322225924691775,2.0696827395319346,1.4680871470905634,0.38487097497519973,1.0301893098915595,13001,433.0127018922193,structured_grid,grid_013
UNSAFE,1.5,True,14,0.19360213262245918,6.0,4.242640687119285,6.0,False,3.0,0.0019715810315519464,0.008349864105063763,0.031106721338424227,0.39012393889930075,0.725326546701326,0.0,0.16923300797925575,1.6786683781190266,2.860557685318737,0.23207174407464717,0.0005668308908870015,0.3779637961714036,0.0029548450443206645,0.02355300108892143,nominal,1.0,0.218,0.0,2.6849200796175197,1.6488374589351864,0.43225613796404244,4.366867961045776,13001,433.0127018922193,structured_grid,grid_014
SAFE,0.36915267217650527,False,15,0.2879040319893369,6.0,60.0,0.1,False,0.22399999999999998,2.6188380809335336e-07,0.004429832066118063,0.02495591396218773,0.3556177927178303,0.7342934309966155,0.0,0.1635028974600535,1.6894070384963786,1.987097216505835,0.1639645000517558,0.0003945310776947764,4.234032647556973,0.0011558721500384678,0.030410253974904784,nominal,1.0,0.23,3.9986671109630127,1.987097216505835,1.3861880665278643,0.363400465511095,-0.502236742841208,13001,433.0127018922193,structured_grid,grid_015
SAFE,0.3721688282526313,False,16,0.3092302565811396,6.0,60.0,0.7745966692414834,False,0.21699999999999997,3.3382186158619326e-07,0.004466025939031576,0.02552794879362217,0.35698208403008275,0.7258468528153447,0.0,0.1636501333776056,1.6878882682427137,2.596872683692211,0.21446590227701995,0.0005125737012548922,1.8572168669942353,0.001181805515139453,0.030685111774969416,nominal,1.0,0.185,0.0,2.596872683692211,1.4426607802711973,0.3782052463042281,-0.6992435242420437,13001,433.0127018922193,structured_grid,grid_016
SAFE,0.4254071078692645,False,17,0.17627457514161946,5.0,60.0,6.0,False,0.5660000000000001,4.51087144110846e-08,0.005104885294431174,0.01734735932827651,0.3662574029671341,0.7155424448504496,0.0,0.15910368182895954,1.6932971848210745,3.281203968056197,0.27246479082503217,0.000650301746254105,0.4765749212239059,0.001242224612127135,0.013464784418799784,nominal,1.0,0.249,3.9986671109630127,3.281203968056197,1.8816487994415814,0.49328952265346787,2.2566420029583845,13001,433.0127018922193,structured_grid,grid_017
SAFE,0.34176745835613964,False,18,0.16994335221592802,4.0,0.3,0.1,False,0.15500000000000003,4.291965770696967e-09,0.0010733187453480322,0.041012095002736754,0.35503260085446803,0.7306499933994525,0.0,0.17151467449392863,1.744875372972699,2.2835837296927455,0.18828552313026425,0.000454502302574994,8.203945191385188,0.0009454445417211629,0.05060889713690893,nominal,1.0,0.113,0.0,2.2835837296927455,1.776491318073932,0.4657216344255035,2.7619388097217024,13001,2500.0,structured_grid,grid_018
SAFE,0.2956896705140802,False,19,0.17227590803065645,4.0,0.3,0.7745966692414834,False,0.20200000000000007,3.872617053849609e-09,0.0011038404241693295,0.03548276046168962,0.35425355441122724,0.718516599344251,0.0,0.15879500667049964,1.7457476886800547,2.797388408575109,0.22286659339618348,0.0005508004778962219,2.7610805810573207,0.0011025930060380646,0.04244391795913782,nominal,1.0,0.12,2.665778073975342,2.797388408575109,1.7819280068676555,0.46714690657016056,-1.2816207480935242,13001,2500.0,structured_grid,grid_019
SAFE,0.3275,False,20,0.1526157947350883,4.0,0.3,6.0,False,0.655,2.5800678219056003e-05,0.0013195956216305257,0.013923442848819688,0.3684216902653993,0.7113754597551626,0.0,0.15408613187164708,1.7080361417990755,3.576758038362811,0.29671908140606224,0.0007086331097976424,0.6042921944161744,0.0007664724446138445,0.015675689357444875,nominal,1.0,0.25,3.665444851716095,3.576758038362811,2.0696979243716664,0.5425881288012746,-0.2399328244625913,13001,2500.0,structured_grid,grid_020
SAFE,0.3128107284382757,False,21,0.17060979673442186,4.0,4.242640687119285,0.1,False,0.029000000000000026,4.465119866506104e-09,0.0010386728172276259,0.03753728741259308,0.3526386402000867,0.7319284572552057,0.0,0.1690121331935395,1.7419238013838914,2.1778975001034957,0.17974953343590014,0.00043435207115627764,7.042409740855239,0.0009121205757444418,0.04565129632072165,nominal,1.0,0.25,0.0,2.1778975001034957,1.7231633930883514,0.45174128555910303,2.6244558639521407,13001,2500.0,structured_grid,grid_021
SAFE,0.2837453657341416,False,22,0.1846051316227924,4.0,4.242640687119285,0.7745966692414834,False,0.19300000000000006,4.285464299978268e-09,0.00106943673506351,0.03404944388809699,0.35172829033376596,0.7298758915238676,0.0,0.15713020126361732,1.7426675401007958,2.276548788243798,0.18883081665382878,0.00044845515544934106,2.6665512344035234,0.0010404008254512509,0.04068612181414697,nominal,1.0,0.099,2.665778073975342,2.276548788243798,1.6867999867716392,0.4422083231118342,-1.0026075008169655,13001,2500.0,structured_grid,grid_022
SAFE,0.243,False,23,0.15328223925358214,4.0,4.242640687119285,6.0,False,0.486,1.2537542342497733e-05,0.0012919185730680747,0.013728321297768261,0.36712321195874414,0.7121942154607553,0.0,0.15382985025115137,1.7084445838514277,3.5145566427016783,0.2915870021233024,0.0006963621605724268,0.5960045944759013,0.0007007096949306604,0.01392333352884623,nominal,1.0,0.25,3.665444851716095,3.5145566427016783,2.032340685496659,0.5327946250731758,-0.377630650316699,13001,2500.0,structured_grid,grid_023
SAFE,0.16480455643675357,False,24,0.1939353548817061,4.0,60.0,0.1,False,0.0,8.062505918321654e-09,0.0008464031010932806,0.019776546772410426,0.3451931363957458,0.7311250449341332,0.0,0.15294282969433184,1.7199230225978441,2.145368294717402,0.1783686463503378,0.00042751458815408434,4.656196786510027,0.0006437681283334301,0.02314589028244218,nominal,1.0,0.25,2.9990003332222597,2.145368294717402,1.5484943230732964,0.40595036953076546,-2.1464345699421417,13001,2500.0,structured_grid,grid_024
SAFE,0.17816829946114526,False,25,0.2072642452515828,4.0,60.0,0.7745966692414834,False,0.0,8.388184959432022e-09,0.0008507069287656871,0.02138019593533743,0.3447790623318706,0.7267168585212641,0.0,0.15041133013356175,1.7210317969727909,2.455723639197229,0.20460874289818973,0.000485742058442598,1.6304348224359593,0.0006684556429226431,0.02455408008139562,nominal,1.0,0.25,2.9990003332222597,2.455723639197229,1.5786000271037999,0.4138428244749405,-2.4688022761786637,13001,2500.0,structured_grid,grid_025
SAFE,0.0955554170731635,False,26,0.16494501832722425,4.0,60.0,6.0,False,0.17400000000000004,2.2519014786651753e-08,0.0010185726679813054,0.011466650048779621,0.36128796742394426,0.714425793899906,0.0,0.15262541093263995,1.71196130017069,3.3479431349943694,0.2780409042677999,0.0006635561193460777,0.47128880996913414,0.0005800905141918342,0.012112954379676145,nominal,1.0,0.25,0.0,3.3479431349943694,1.9559457210762667,0.5127670643810595,2.0709930472257243,13001,2500.0,structured_grid,grid_026
SAFE,0.19423401899820864,False,0,0.20193268910363213,4.0,51.61571282473401,0.4411659075921388,False,0.0,8.686277557436596e-09,0.000912585071728671,0.023308082279785036,0.34464111532656494,0.7308771113342177,0.0,0.15095371604984603,1.722081496995652,2.1592528058671543,0.17994321966830482,0.0004274686980566003,2.1833599943968798,0.0007027160941685871,0.027234960289315074,nominal,1.0,0.25,2.9990003332222597,2.1592528058671543,1.5030000584053644,0.39402367837130214,-2.1406578605759328,13101,2330.3968579922366,monte_carlo,stage3a_mc_s13101_c00
SAFE,0.9495,True,1,0.17427524158613794,5.0,1.7527846999735852,4.433049710647258,False,1.899,0.0001113114654478034,0.0023269048474486953,0.018148478668940243,0.3812426312503387,0.7108046777702537,0.0,0.16836106382408314,1.6949107713250646,3.827841492456855,0.3113884525762579,0.0007581002644646109,0.7929527474520187,0.0011973188875441685,0.020185124236181077,nominal,1.0,0.167,2.665778073975342,3.781156586726343,2.1004551738894746,0.5506513916892672,1.6226373259224187,13101,1444.2134165670122,monte_carlo,stage3a_mc_s13101_c01
UNSAFE,1.5,False,2,0.2242585804731756,9.0,7.783198098117369,1.4694521252775044,False,3.0,0.0002885216110786425,0.00539512166477194,0.03517669328812465,0.40904166627075195,0.7237045830490829,0.0,0.18046374026734044,1.6608067050504005,3.33969349684206,0.2670188398286868,0.0006581816920225073,2.108354615830342,0.0020993849855782737,0.042573546186216116,nominal,1.0,0.158,2.665778073975342,3.0257695629746566,1.6018511056091849,0.4199382836384696,2.2906670641747646,13101,563.6837561619827,monte_carlo,stage3a_mc_s13101_c02
SAFE,0.3940172728199634,False,3,0.20759746751082972,5.0,0.732331188782688,0.27195245965659626,False,0.08799999999999997,1.797743572918718e-08,0.002056883898292334,0.04728207273839561,0.3587424491115907,0.7355033275374034,0.0,0.1575840018776937,1.735786690718687,1.9791546740362187,0.1616777115423508,0.0003908353210424313,5.429990315483074,0.001515372611926834,0.059324036659013285,nominal,1.0,0.159,0.0,1.9743169246523735,1.6286486311923083,0.426963472721106,-0.8147723416946632,13101,1293.9023383480123,monte_carlo,stage3a_mc_s13101_c03
SAFE,0.5732418283529649,False,4,0.47184271909363545,4.0,23.252901719618393,0.381750075046434,False,0.869,1.5598257117442516e-05,0.006878901940235578,0.038410220161673336,0.37653395986240573,0.7364532742127199,0.0,0.17608784807081024,1.6605979657290768,2.1493059143802977,0.17419429909464734,0.0004199851341779034,3.789506473295134,0.0020012612140777497,0.051988364864353535,nominal,1.0,0.25,2.332555814728424,2.0040042490171626,1.184353578385571,0.3104879143802643,-1.022231777971219,13101,335.84408431545984,monte_carlo,stage3a_mc_s13101_c04
UNSAFE,7.251222020701021,False,5,0.18060646451182938,5.0,0.6136722926141227,1.947679394774099,True,3.0,0.010876833031051532,0.023800428034611715,0.13802815808354937,0.6971518546472746,0.7025247467725443,0.0,0.19970952591707647,1.9380639268147521,4.656655185002802,0.3688394147148677,0.0009188958505897442,2.325363477388459,0.0045364811575851855,0.03958125938348919,nominal,1.0,0.225,1.9993335554815064,4.224824855992942,1.941326032560766,0.5089343942402266,0.7649605898602171,13101,213.53158877332956,monte_carlo,stage3a_mc_s13101_c05
UNSAFE,2.99308851684022,False,6,0.26957680773075643,10.0,2.0953289893659854,2.603528753014738,True,3.0,0.00448963277526033,0.0214485715820724,0.06939814009844819,0.4049901586533237,0.7296337831095364,0.0,0.19561577364302632,1.6891605598415576,2.1258266073109233,0.17174636287976094,0.00042087778097828557,0.5369496063003968,0.00510092434604924,0.040984457320708025,nominal,1.0,0.209,0.0,2.1258266073109233,1.4358456232179198,0.3764185975041877,3.4917192081053874,13101,159.1799201609853,monte_carlo,stage3a_mc_s13101_c06
UNSAFE,1.5,False,7,0.2575808063978674,4.0,5.572672113292431,0.11432644800948734,False,3.0,0.000822020050118838,0.009279736907683125,0.051568311011420384,0.48663408394465657,0.7439894723743723,0.0,0.195486155449014,1.8879912003279136,1.2134525730105246,0.09546075238530233,0.00022413164293853406,8.80878497097473,0.002920334338359989,0.07215801729738142,nominal,1.0,0.25,4.665111629456848,0.8896762968572959,1.2516049084884426,0.3281183970368055,1.5104343797477846,13101,307.92319264776614,monte_carlo,stage3a_mc_s13101_c07
UNSAFE,1.6865341824470401,False,8,0.4968343885371543,5.0,33.655851737099105,0.14914079449857046,True,1.075,2.464024951059799e-05,0.02023841018936448,0.042992569085642585,0.3757408581340567,0.7402904445930178,0.0,0.16938958972234752,1.648177797880706,1.5960959904717318,0.13144408677387512,0.00031357704092632157,4.6401145733703,0.0032490458541854883,0.04135814587620319,nominal,1.0,0.197,1.9993335554815064,1.5960959904717318,1.1561393571743,0.3030913270269401,-1.5150892845552355,13101,89.78374660338335,monte_carlo,stage3a_mc_s13101_c08
CAUTION,1.5603443108203654,False,9,0.465511496167944,9.0,12.042748095043216,0.9383304837046295,False,1.5020000000000002,0.00014898173043713327,0.018724131729844384,0.06505104538409734,0.3998331586836945,0.7334677958074136,0.0,0.18814539094402857,1.7518007784513336,2.635965796068476,0.2124499443335177,0.0005179577546103229,2.4767723795273233,0.004696157084220614,0.04804907401539914,nominal,1.0,0.20500000000000002,4.998333888703766,2.2728368194705477,1.2888779642005468,0.33788983146469476,-0.18260851996042918,13101,129.2472398825176,monte_carlo,stage3a_mc_s13101_c09
SAFE,0.8520000000000001,True,10,0.20659780073308898,8.0,0.4626924248410498,0.6183604151670168,False,1.7040000000000002,6.84671479208501e-05,0.004918113024481427,0.047444335502557604,0.40804554121032827,0.7292066641340327,0.0,0.17905183331658037,1.6650303995603566,2.270007503683956,0.22702636625122408,0.0005728842120273921,4.153842945114707,0.0023909073889739323,0.06669351050587337,nominal,1.0,0.241,0.0,1.9817081042858111,1.433112519129597,0.3757020920588086,3.427170388896835,13101,621.1564397845684,monte_carlo,stage3a_mc_s13101_c10
UNSAFE,1.5,False,11,0.16427857380873043,5.0,3.6961931044349643,3.9094362986986955,False,3.0,0.001208693574825178,0.004270637741952141,0.02496408643271615,0.453588604740478,0.716097939668395,0.0,0.17593751542606922,1.6798581546920281,3.512128240898095,0.28711277564251014,0.0006952562983111928,0.887496361124239,0.0020545635559673617,0.030807163332129944,nominal,1.0,0.241,0.0,3.305655568684739,1.9044017286058008,0.4992543879193543,4.452129622987456,13101,812.5701413195077,monte_carlo,stage3a_mc_s13101_c11
SAFE,0.38250000000000006,False,0,0.26824391869376873,8.0,28.403281732057124,1.9785678170946233,False,0.7650000000000001,6.40780746594172e-06,0.0033281923693038212,0.025186459587405098,0.3693823950217633,0.7183597683281167,0.0,0.1690679214453885,1.6871889991074134,3.196955019345893,0.26128669226108087,0.0006317609316502401,1.3453222938611362,0.0013368862296097611,0.030196644206780053,nominal,1.0,0.167,0.0,3.196955019345893,1.5763073736847502,0.4132417867515202,-1.7782372633746242,13102,771.5634047576334,monte_carlo,stage3a_mc_s13102_c00
SAFE,0.9039999999999999,True,1,0.4385204931689437,8.0,15.01559542388277,0.6108408131030396,False,1.8079999999999998,0.0001462288313931725,0.010610996821969233,0.045909841014047006,0.3973271326135557,0.736438291868309,0.0,0.1830627761191539,1.7461496573120383,2.464065053611896,0.1970281581779206,0.00048240850719097735,3.293028222408261,0.0030151523151891305,0.054691196457442505,nominal,1.0,0.224,3.3322225924691775,2.09277807128534,1.2309944733512737,0.3227152039895633,0.021647085070945614,13102,236.93807166249576,monte_carlo,stage3a_mc_s13102_c01
UNSAFE,1.5,False,2,0.24725091636121294,6.0,7.402197152779409,0.28698260909864726,False,3.0,0.0003910731022132853,0.007983357064341487,0.04852436755246637,0.43589901003602594,0.7418721362031949,0.0,0.18943600995532298,1.7891709463541619,1.8912755350431507,0.14979176527826815,0.0003642819086118423,5.558382304562999,0.0025092771385518803,0.06925069827741735,nominal,1.0,0.222,0.0,1.474203826506689,1.2621241640649414,0.3308761053634289,0.9613970252810651,13102,351.81425859837617,monte_carlo,stage3a_mc_s13102_c02
SAFE,0.4057761977327167,False,3,0.20959680106631123,4.0,2.1448163122994357,0.12151377357935167,False,0.137,8.308382014240213e-08,0.002941146331484272,0.048693143727926005,0.3667748487407341,0.7411426671923953,0.0,0.16017129053203283,1.7155164409743269,1.5213628965630537,0.12422536044972156,0.0003034266955805093,7.364602283474136,0.0018023616310363494,0.05992529950043122,nominal,1.0,0.16,0.0,1.5186037304906639,1.5821605889212682,0.41477625468776147,-0.9152035481001328,13102,889.6389093084055,monte_carlo,stage3a_mc_s13102_c03
SAFE,0.3570810960360065,False,4,0.17594135288237253,4.0,0.48545381432446805,0.1796630037148226,False,0.17900000000000005,5.083975772411412e-09,0.0012217985246343996,0.04284973152432078,0.3544101149795014,0.7310487706474301,0.0,0.1647801954113177,1.7470784312385035,2.2682189501398966,0.18627686924351064,0.00044860878856563713,5.753637165440392,0.0010997966202926186,0.05338886987147979,nominal,1.0,0.14200000000000002,2.665778073975342,2.2682189501398966,1.7681541664181455,0.46353598237300947,-1.1086577374172228,13102,2165.07766161606,monte_carlo,stage3a_mc_s13102_c04
UNSAFE,2.734174005877308,False,5,0.364211929356881,16.0,2.834692473109317,1.2455022154304596,True,3.0,0.0036156246345820597,0.032810088070527696,0.10198682332818822,0.42643438958544577,0.7399374676429518,0.0,0.21793110238021188,1.883091294011669,1.6208589077231716,0.1294477540379293,0.00031931538025075116,1.0461107977244928,0.007590452640283253,0.04715028219937746,nominal,1.0,0.247,0.0,1.2850503342526685,1.237924958416829,0.32453208696515334,0.07894227266958737,13102,92.16691538011409,monte_carlo,stage3a_mc_s13102_c05
SAFE,0.22250000000000003,False,6,0.17394201932689105,8.0,24.510877766856417,3.328606609887537,False,0.44500000000000006,1.4691092816358843e-06,0.0021221710574254836,0.019395329508199582,0.36771096906693024,0.7151526694386356,0.0,0.16416623808519437,1.699488812553097,3.378133387131686,0.27771180917944943,0.0006686337198638174,0.8925198476792203,0.0010792869567132256,0.021740148820504308,nominal,1.0,0.234,1.9993335554815064,3.378133387131686,1.7364192420359263,0.4552164140749325,-0.4767723867839982,13102,1309.544750808642,monte_carlo,stage3a_mc_s13102_c06
UNSAFE,12.408590071698875,False,7,0.33655448183938685,7.0,0.7629105188698663,0.22715647891930704,True,3.0,0.018612885107548313,0.04685823861616896,0.4480763758580572,1.4334963952759514,0.7391788580742676,0.0,0.2501524574224057,2.670300641741688,1.440170552343095,0.11311489045442204,0.0002757929587427063,6.313099060054329,0.008402628656693216,0.08048225857772834,nominal,1.0,0.25,0.0,1.440170552343095,1.3456718441134432,0.3527788085789072,0.5756731047144692,13102,106.98771579699479,monte_carlo,stage3a_mc_s13102_c07
UNSAFE,3.0221950509910545,False,8,0.2729090303232256,12.0,0.39341777075298867,5.91399345285599,True,3.0,0.004533292576486582,0.02291710947147017,0.05651466473280173,0.38973901918759396,0.7305586651623742,0.0,0.1696480242839603,1.671549973093757,1.6467033593073817,0.13323179115442793,0.0003260607064951334,0.2775561452461186,0.004364878885358093,0.022038340394699735,nominal,1.0,0.197,0.0,1.5176538941468187,1.3185806708085612,0.34567663735989246,3.978438399794424,13102,153.8787963054813,monte_carlo,stage3a_mc_s13102_c08
SAFE,0.25450000000000006,False,9,0.17560813062312564,7.0,1.558572921744231,2.7009484040087766,False,0.5090000000000001,2.5262260386415286e-06,0.0021748884921201964,0.024413777165884772,0.3727333113317343,0.7195635442377027,0.0,0.15906167748581912,1.6991977736391046,3.019819660348711,0.24987108897915847,0.0005969993593551215,1.1931072277944619,0.0013685314625764286,0.029984412536311674,nominal,1.0,0.18,3.9986671109630127,3.019819660348711,1.7731703448444869,0.464851014307879,0.20088020697538586,13102,1437.6412189989937,monte_carlo,stage3a_mc_s13102_c09
UNSAFE,1.4705000000000001,True,10,0.2255914695101633,7.0,5.707656307712101,0.4397782136490133,False,2.9410000000000003,0.0002609500468577708,0.0065571948377698645,0.047759118328289635,0.418536347060175,0.7384088483994203,0.0,0.18585183203222322,1.7157811604345337,2.23171190230693,0.1774868866337072,0.00043374951613683454,4.513695641113439,0.002329665279326276,0.06695343874332894,nominal,1.0,0.22,0.0,1.8759070910529096,1.3468065940368927,0.35307629249207717,0.767003212469085,13102,440.71047489648305,monte_carlo,stage3a_mc_s13102_c10
SAFE,0.6048372976878887,False,11,0.35554815061646117,8.0,49.61965237407105,1.0871547327398607,False,0.613,6.393937679457663e-07,0.007258047572254665,0.026921923855918774,0.3628960928897427,0.7238828871167666,0.0,0.1648695303635491,1.6762577408253325,2.7450676804799783,0.22645049658767674,0.0005418655308755899,1.6850800062339912,0.00172006312962341,0.03154474157517641,nominal,1.0,0.25,2.332555814728424,2.7450676804799783,1.3970801407374605,0.36625591127183016,-1.0676030511715913,13102,260.8983730882121,monte_carlo,stage3a_mc_s13102_c11
SAFE,0.1744117445540632,False,0,0.22659113628790403,9.0,52.07728671430612,1.7139853767547584,False,0.0050000000000000044,2.529489565893357e-08,0.0012278010516812057,0.02092940934648758,0.3519439660424859,0.7211911863610951,0.0,0.15328246941218676,1.7140215338758829,2.868328124396683,0.23840386763541058,0.0005671777461960132,1.1732126410677468,0.0007839675905321637,0.023558114054773524,nominal,1.0,0.25,0.0,2.868328124396683,1.6062687992443037,0.42109641792215935,4.449390577901346,13103,1768.8151932592764,monte_carlo,stage3a_mc_s13103_c00
UNSAFE,2.1670503050807697,False,1,0.21126291236254582,12.0,5.071916540929094,0.8422280027506313,False,3.0,0.0032505754576211544,0.015695210589881495,0.06633394495885772,0.5140385016151575,0.7355780924449916,0.0,0.1957802715328612,2.0205593694809836,2.222650474947699,0.1752963285575757,0.00043562814347395133,2.4627062877571193,0.0044290529690845706,0.05197322907658784,nominal,1.0,0.21,0.0,1.7398755275425437,1.463237397512051,0.38359957371515413,3.422049467071756,13103,197.096038991539,monte_carlo,stage3a_mc_s13103_c01
SAFE,0.44078869798527787,False,2,0.2049316894368544,5.0,0.518844372267057,0.14571625329012663,False,0.796,5.6375827717440756e-06,0.004495200817325123,0.05289464375823334,0.38986555401255896,0.7406087768970874,0.0,0.17146976502868752,1.682128361227981,1.4503415360883094,0.11537000136164198,0.00028848971832958967,8.92335696704137,0.002424925365682816,0.07481679989156606,nominal,1.0,0.23800000000000002,0.0,1.4144496414810384,1.421498872266275,0.37265748016355255,-0.06589933448673174,13103,629.7545833487857,monte_carlo,stage3a_mc_s13103_c02
UNSAFE,2.0654411411460742,False,3,0.3585471509496834,7.0,7.098658650783292,0.31670953656473533,True,2.822,0.001120806559039874,0.024785293693752892,0.08947325180444551,0.44217195918671115,0.7452589955818574,0.0,0.2081979481096673,2.0543187382513985,1.6724491792594758,0.13269824714513548,0.0003226010085868797,4.578092394305058,0.0064177975815813346,0.06105730294085867,nominal,1.0,0.219,0.0,1.1913127009036182,1.2165073434773355,0.31891728517375956,1.4691311597481913,13103,103.02214168406906,monte_carlo,stage3a_mc_s13103_c03
SAFE,0.555,False,4,0.3762079306897701,9.0,24.20677583746409,1.1785684733045445,False,1.11,1.935710618957005e-05,0.005370049492238544,0.031945192529799896,0.3751978170456137,0.7248038636794147,0.0,0.1737333480754627,1.6691997132267757,2.957690893157526,0.23992046993642546,0.0005829611453698955,2.0271002382726544,0.001613866583542432,0.04035259972772987,nominal,1.0,0.25,2.332555814728424,2.8312205613054227,1.432660224261513,0.375583519283888,-1.3479359329145355,13103,464.4588217020499,monte_carlo,stage3a_mc_s13103_c04
SAFE,0.3838799437310161,False,5,0.19860046651116295,7.0,2.2972925105349287,0.5353491952016384,False,0.366,5.53492009939582e-07,0.003429793544260868,0.04606559324772193,0.375028456597141,0.7320871283207413,0.0,0.16352349573632008,1.693750823531808,2.158497675088166,0.17812533663358152,0.0004211116520464332,3.681085916654694,0.0018738713194803537,0.05729554914547787,nominal,1.0,0.171,1.9993335554815064,2.158497675088166,1.5485973398854214,0.40597737622515684,-0.9219888639315768,13103,821.183920122339,monte_carlo,stage3a_mc_s13103_c05
CAUTION,1.377,True,6,0.24825058313895368,10.0,15.878730428943005,5.814249419497818,False,2.754,0.00025589749197364,0.009984181108878153,0.03186034305502521,0.37212517965890235,0.7234509421255497,0.0,0.16668843725991084,1.6799424037471302,2.6262199315572388,0.22113754074162278,0.0005204656330917383,0.46414102056393863,0.002355953769189631,0.018925575915906406,nominal,1.0,0.224,0.0,2.6262199315572388,1.4515287181120358,0.3805300482681897,2.0391346653761633,13103,300.66987382497445,monte_carlo,stage3a_mc_s13103_c06
UNSAFE,11.080053796080511,False,7,0.2919026991002999,6.0,0.37553197621867557,0.11574184762667435,True,3.0,0.016620080694120767,0.04562272875073245,0.7196347766715947,1.5640990837338697,0.7399871927302233,0.0,0.2287039597488068,2.5443370150348072,1.259406989580292,0.09755017878605611,0.00022967617916085363,10.141176115973563,0.005699530661365074,0.08152154154443968,nominal,1.0,0.25,2.332555814728424,1.2162863244830677,1.4761740869946551,0.3869910319838193,2.3762105671235996,13103,178.19905079960282,monte_carlo,stage3a_mc_s13103_c07
SAFE,0.6890000000000001,True,8,0.15328223925358214,4.0,0.7544200176048252,2.944692382924946,False,1.3780000000000001,3.992367338354137e-05,0.002683128226984173,0.02387576854210649,0.383228184276986,0.7094508818321767,0.0,0.16925610379856704,1.6907258133226462,3.8404972820787515,0.31381199586104574,0.0007593048451034972,1.35776743780332,0.0013681914726607963,0.027576694379584342,nominal,1.0,0.25,1.9993335554815064,3.8404972820787515,2.0492738661612377,0.5372337959798369,-1.5750582223899905,13103,1220.0610120542215,monte_carlo,stage3a_mc_s13103_c08
UNSAFE,8.951178338878742,False,9,0.28490503165611464,15.0,1.1581569616169434,0.58197406092268,True,3.0,0.013426767508318114,0.04121915447540106,0.13584577398465023,0.5265504075522256,0.7081444798839779,0.0,0.2513514446294231,2.3057135505703386,3.4170529050616696,0.2761833365040455,0.0006660923378959511,5.934938019192638,0.009876283068562941,0.07026605318189984,nominal,1.0,0.10200000000000001,3.9986671109630127,3.4170529050616696,1.5486613547290944,0.4059941582365968,0.9434356218809286,13103,75.71685926409921,monte_carlo,stage3a_mc_s13103_c09
UNSAFE,1.5,False,10,0.2255914695101633,7.0,3.2033496636272556,0.2561325820209791,False,3.0,0.0003871739866989554,0.006914616281272021,0.05176530824573771,0.43822117722514903,0.7416421105533404,0.0,0.18879776931592693,1.7511169411596916,1.7911400475878883,0.14195095602634986,0.00034255433375693297,6.363606281211265,0.00255076467755927,0.07579731377373934,nominal,1.0,0.23900000000000002,4.665111629456848,1.4080792362548487,1.3018901236390203,0.34130107479554395,1.0808018813928528,13103,426.06861532834716,monte_carlo,stage3a_mc_s13103_c10
SAFE,0.1490853116062646,False,11,0.18993668777074307,7.0,30.046951207021017,3.377120871997044,False,0.15900000000000003,2.0861981642940847e-08,0.0013354381699450905,0.01789023739275175,0.36068742451487,0.717301688479153,0.0,0.1521796130400158,1.7118189265285215,3.1427124990562847,0.26118445263216045,0.0006221519644709596,0.8020030469183701,0.0008295885763557814,0.019377683790646978,nominal,1.0,0.25,1.9993335554815064,3.1427124990562847,1.6973315054754425,0.4449692463169281,-1.463516034831275,13103,1960.299556594932,monte_carlo,stage3a_mc_s13103_c11
UNSAFE,4.085880879603324,False,0,0.29690103298900367,5.0,3.6855065972445327,0.1390249429097295,False,3.0,0.0061288213194049855,0.017720541611452735,0.09326015992829007,0.7906974643947596,0.744750626810442,0.0,0.21136921908416675,2.2303797360707067,1.1896026779458442,0.09315408601970669,0.00022113054590404478,7.634635299734848,0.004746505596161349,0.06957254399006846,nominal,1.0,0.223,0.0,0.998662216742789,1.3706087999988343,0.3593162341966876,4.197638370106664,13104,190.74200717822856,monte_carlo,stage3a_mc_s13104_c00
UNSAFE,2.6963141567534117,False,1,0.2619126957680773,10.0,2.43387139016936,4.694347375363188,True,3.0,0.004044471235130118,0.02962759607130857,0.06868767148945695,0.3868660547632784,0.7297934748555712,0.0,0.17276984515771635,1.6635835105464634,1.7232172123649807,0.14179503991255535,0.0003413001192719726,0.36766209234264763,0.005338869390934198,0.02357272471440166,nominal,1.0,0.23900000000000002,0.0,1.69896195897105,1.4251608395997362,0.3736174946563909,6.177884746247417,13104,107.90098276218473,monte_carlo,stage3a_mc_s13104_c01
UNSAFE,3.0308959224274243,False,2,0.1656114628457181,5.0,0.8891085707137775,3.7859313033385638,False,3.0,0.004546343883641136,0.01111363551466386,0.0757197014745789,0.5660188529513467,0.7039342086405938,0.0,0.17830896317959455,1.6815411196690226,4.820695547868076,0.38645397979245366,0.0009536712928213772,1.3102100275470665,0.0021803835021676275,0.02175498507045503,nominal,1.0,0.17200000000000001,2.665778073975342,4.448254807687867,2.1732869605882765,0.5697448363880406,-0.42752983345170975,13104,490.760591817976,monte_carlo,stage3a_mc_s13104_c02
SAFE,0.39077755128213415,False,3,0.20759746751082972,4.0,1.2903111137732795,0.2808916267111423,False,0.08799999999999997,1.9624011912258145e-08,0.002084882071709797,0.0468933061538561,0.358640846414882,0.7351474169141428,0.0,0.15667341852070474,1.7340301604543162,1.9605841845712801,0.1602440537031619,0.00038722439151778524,5.094150931843249,0.001510294719838395,0.058386293872328465,nominal,1.0,0.153,0.0,1.9605841845712801,1.61867937084426,0.4243499501127658,-0.9084995207845046,13104,1269.944154800435,monte_carlo,stage3a_mc_s13104_c03
SAFE,0.22090364868281945,False,4,0.19460179940019992,7.0,14.656727028578043,1.90040832396658,False,0.16700000000000004,4.049034119236987e-08,0.001912183151874764,0.026508437841938334,0.3626213346373107,0.72146182919423,0.0,0.1545556076226836,1.7049482280779404,2.8585453329685486,0.23729812649071663,0.0005647455129897368,1.3077861936596245,0.0011658573966946706,0.029444871354965315,nominal,1.0,0.25,1.9993335554815064,2.8585453329685486,1.6832599523553284,0.441280274324028,1.477924607862423,13104,1398.6290804368118,monte_carlo,stage3a_mc_s13104_c04
SAFE,0.3063831158782741,False,5,0.17827390869710097,4.0,7.328165008402641,0.19736597003587825,False,0.01100000000000001,4.709957879600676e-09,0.0010421418405372816,0.03676597390539289,0.3503781801929314,0.7320625776317086,0.0,0.16551928688114964,1.7406851917578585,2.1608674280624567,0.17843254606647826,0.00042910358137354014,4.831714255765994,0.0009087647530222074,0.04437695745301056,nominal,1.0,0.25,0.0,2.1608674280624567,1.664971075646304,0.43648569668321635,2.9284162708236035,13104,2450.452634989969,monte_carlo,stage3a_mc_s13104_c05
SAFE,0.46703803920161246,False,6,0.38720426524491836,6.0,28.78538733170663,0.22572354419686882,False,0.8009999999999999,5.382297350161525e-06,0.00560445647041935,0.035074560234146984,0.3685003956170263,0.7380081931691239,0.0,0.17259086979309737,1.6727099035280242,1.8315719911133077,0.1495270747421203,0.000358102234416567,4.390197594820486,0.0016720654559258333,0.04761307726473453,nominal,1.0,0.25,2.9990003332222597,1.8106174237967698,1.1881698360522974,0.31148837733769863,-1.1706771306543107,13104,394.87683410136725,monte_carlo,stage3a_mc_s13104_c06
UNSAFE,1.447,True,7,0.1696101299566811,10.0,0.4916614237353107,1.4256931512473818,False,2.894,0.00022756108300958826,0.004491334881327313,0.036162305685081254,0.4206258659661836,0.7296248617653441,0.0,0.17912701102108822,1.6643597317773664,2.711923175975724,0.21857637991897833,0.0005338453002802866,2.0665297899032664,0.0023445737424926424,0.05199409811333546,nominal,1.0,0.25,3.3322225924691775,2.529068613308384,1.6181374239380182,0.42420787432754864,0.16983886709061144,13104,721.2283064908164,monte_carlo,stage3a_mc_s13104_c07
UNSAFE,1.765358880443732,False,8,0.4688437187604132,8.0,40.38651936128026,0.5210827469513781,True,1.321,6.74743229120968e-05,0.021184306565324783,0.03804312983008001,0.3707119592544463,0.7309635755646757,0.0,0.16703424040681422,1.657844651645238,2.2427519834821896,0.1851671180391654,0.000441135943841415,2.544241701754854,0.0029070273082892795,0.03731695261656825,nominal,1.0,0.226,1.9993335554815064,2.2427519834821896,1.2364419263188637,0.3241432980498668,-1.7849677890331734,13104,85.4841939402501,monte_carlo,stage3a_mc_s13104_c08
SAFE,0.375,False,9,0.19693435521492836,7.0,0.3756535226649976,0.8109696685239792,False,0.75,2.7400616247603124e-06,0.003756288909890542,0.04331393746911054,0.38496858504044,0.7243315885409181,0.0,0.17010191995661222,1.6823401122930544,2.519893219055258,0.25544481944308656,0.0006441643154448,3.6967050109148984,0.001992698070796159,0.058281562400725295,nominal,1.0,0.199,1.9993335554815064,2.519893219055258,1.5761664627487737,0.4132048458046415,2.5657376737897306,13104,802.5396632302164,monte_carlo,stage3a_mc_s13104_c09
UNSAFE,1.5,False,10,0.21126291236254582,8.0,6.177942642261145,2.7250001945714266,False,3.0,0.0018785243874556506,0.010343346616533196,0.04280920914291419,0.3971412215593306,0.7157720180288265,0.0,0.17843031620410071,1.7102130976851242,4.01906186986396,0.32059565577204446,0.0007943192016572919,1.4023297781163422,0.002865082113348553,0.023911973910115798,nominal,1.0,0.25,1.9993335554815064,3.584900682618514,1.75369458063378,0.4597452844641047,-0.5270559337492239,13104,322.1606162298066,monte_carlo,stage3a_mc_s13104_c10
CAUTION,1.114829668322149,True,11,0.5338220593135622,7.0,17.466082660361206,0.708542646602241,False,1.049,4.766489540158888e-05,0.01337795601986579,0.04982116748566015,0.39033640271313935,0.7340552702371241,0.0,0.17827329578868414,1.6997484295568153,2.5209202970299613,0.20345873578749066,0.0004945927736286044,2.8864422955099975,0.003524990153326402,0.05064627684624127,nominal,1.0,0.211,2.332555814728424,2.232453135907789,1.240761318356782,0.3252756617710725,-0.12450281417829995,13104,170.21630295547868,monte_carlo,stage3a_mc_s13104_c11
SAFE,0.40304968176266126,False,0,0.20659780073308898,4.0,3.2740277174253416,0.13067045490459128,False,0.357,3.384967122655531e-07,0.003369383947700958,0.04836596181151935,0.37112388943457014,0.7429454928930921,0.0,0.15799686265496557,1.7034714865053286,1.446955784090298,0.11728889373415584,0.00028858797673053226,7.335840098850524,0.0019635699044405213,0.062427022036493265,nominal,1.0,0.177,1.9993335554815064,1.338157129912157,1.531843014477305,0.40158509367731726,-0.7263645820179145,13105,778.3704983882568,monte_carlo,stage3a_mc_s13105_c00
UNSAFE,1.5,False,1,0.315894701766078,12.0,10.568506367592818,1.1266242866512868,False,3.0,0.0005727452826219811,0.010108692755494943,0.045795759477544634,0.4164023440590953,0.732123177244749,0.0,0.1850958774865893,1.7839896143260137,2.8311800397357456,0.22530213848835506,0.0005569577152251164,2.266572637400711,0.002931191514976762,0.04719305886904493,nominal,1.0,0.164,4.998333888703766,2.4011243983949555,1.3916480585045297,0.3648318467745169,-0.03371615829725634,13105,283.7695516658503,monte_carlo,stage3a_mc_s13105_c01
UNSAFE,3.9072703886012268,False,2,0.2055981339553482,7.0,1.3000984491138736,2.9873021817573275,False,3.0,0.00586090558290184,0.016576038343288337,0.06573442405002411,0.422743573394265,0.7244070246010895,0.0,0.18967511278428983,1.718489132814501,3.026066319408792,0.2412530406018002,0.0005984223023599517,0.8611501789312646,0.004142830134829455,0.0313368710602579,nominal,1.0,0.25,1.9993335554815064,2.643306014653675,1.5957483525598544,0.41833839733690803,4.434661845357231,13105,228.03800534892153,monte_carlo,stage3a_mc_s13105_c02
UNSAFE,2.32505589407709,False,3,0.36854381872709097,6.0,5.8549145238205,0.14537130859974098,True,3.0,0.0020136126735674706,0.02790067072892508,0.10113065710635759,0.47100512139024453,0.7471941586586128,0.0,0.21825604183256217,2.188866549467903,1.1427366107949122,0.09063636255823011,0.000214044800646206,6.630155187505468,0.007253121921250274,0.06302941227924755,nominal,1.0,0.25,0.0,0.7765765637033388,1.220045573896978,0.31984486102918025,2.7456582454298952,13105,92.33341415828171,monte_carlo,stage3a_mc_s13105_c03
SAFE,0.26553229492998703,False,4,0.22925691436187937,7.0,18.488392836383337,0.944738503056414,False,0.11299999999999999,3.122580675770413e-08,0.0016777625919984624,0.03186387539159844,0.35378766210007445,0.7273695819064403,0.0,0.1527527542492697,1.7160893529457153,2.4281281044709058,0.2020307992167762,0.00047815185326288126,2.0178374923597264,0.0010988507309927877,0.036387809532126524,nominal,1.0,0.25,2.9990003332222597,2.4281281044709058,1.4970654498278217,0.39246787250932624,-1.7054606788394815,13105,1423.8208512701997,monte_carlo,stage3a_mc_s13105_c04
SAFE,0.3657332058474415,False,5,0.2092635788070643,7.0,0.37919399252101166,0.5611016108411536,False,0.10099999999999998,1.862179011953233e-08,0.002140888385849137,0.04388798470169298,0.36106958451732885,0.7332851413340213,0.0,0.15466222905367483,1.7279261296018968,2.150358126392517,0.17703275057193024,0.00044926309066702736,4.2265213685011584,0.0013671018851337815,0.0540969170050271,nominal,1.0,0.137,0.0,2.1171884780110943,1.6178967997887312,0.42414479275155215,-1.1803062485576972,13105,1285.2754282936164,monte_carlo,stage3a_mc_s13105_c05
SAFE,0.3120163940142701,False,6,0.29790069976674444,5.0,59.12962417241532,0.2348877034491483,False,0.17300000000000004,3.049965820776605e-07,0.003744196728171241,0.025454678436884013,0.35464480899844547,0.7327751019288827,0.0,0.1632373004102273,1.6925358805499249,2.0966480944484522,0.1731628719936326,0.0004153400287489602,2.9837454527464,0.0010593207801710407,0.03158049748246358,nominal,1.0,0.23900000000000002,3.9986671109630127,2.0966480944484522,1.3839203468535106,0.3628059643714531,-0.48953004041617665,13105,529.3219455142199,monte_carlo,stage3a_mc_s13105_c06
UNSAFE,2.7162748321956562,False,7,0.19460179940019992,6.0,1.0654930376456877,4.764278997571656,False,3.0,0.004074412248293484,0.011231274393376494,0.05114237679347299,0.442254419808924,0.7172098824832283,0.0,0.17547450747947954,1.6702228182254923,3.757266762949889,0.30285385665558134,0.0007440431823760678,0.6935386691594869,0.0033516212497207926,0.029023456653093634,nominal,1.0,-0.021,4.331889370209931,3.3486712360112247,1.7311628090815872,0.4538383974632909,0.6107285970162032,13105,371.641425862622,monte_carlo,stage3a_mc_s13105_c07
UNSAFE,1.7951563413473572,False,8,0.3935354881706098,6.0,8.88484803222291,0.30669270795477604,True,2.4330000000000003,0.0006069599260783196,0.021541876096168287,0.07920282448744595,0.42819181812773305,0.7446520767376437,0.0,0.1988425999275004,1.9772347775272159,1.733632499920385,0.13767386392382558,0.0003346590255120861,4.742323184424957,0.005649036158857654,0.061877130591260474,nominal,1.0,0.20400000000000001,0.0,1.2340639225985348,1.1927237885918374,0.31268223300039344,3.3113621928866555,13105,114.55179328603838,monte_carlo,stage3a_mc_s13105_c08
UNSAFE,1.4475,True,9,0.15594801732755748,7.0,0.49641963641306114,1.671790090205494,False,2.895,0.00023296597796919086,0.0042502093771586,0.033560166745308276,0.4179097356432857,0.7207749201588571,0.0,0.1781971891077824,1.6687372688349353,3.3214286218200844,0.2682683470129565,0.000654429991554778,2.213928144483675,0.0022110822547020386,0.04755330173351614,nominal,1.0,0.25,1.9993335554815064,3.160995497613761,1.7093465416720743,0.448119085687516,-1.6895963939868057,13105,769.6055215379799,monte_carlo,stage3a_mc_s13105_c09
SAFE,0.14870819072669383,False,10,0.1956014661779407,8.0,35.81913261867132,3.1818826812318872,False,0.14600000000000002,1.862307930095582e-08,0.0012458852376269075,0.01784498288720326,0.3589590111679882,0.7177344074342903,0.0,0.15181093900530934,1.7135581487487015,3.105774630631032,0.25817348297745635,0.0006148713433670887,0.8155100096813609,0.0007929981601131241,0.01933144411996846,nominal,1.0,0.25,1.9993335554815064,3.105774630631032,1.672009415081373,0.43833085455817605,-1.255211152029319,13105,2021.2340074581207,monte_carlo,stage3a_mc_s13105_c10
UNSAFE,7.530210645007942,False,11,0.30756414528490506,9.0,2.45000536488327,0.4388681221324722,True,3.0,0.011295315967511913,0.028699262110603908,0.1625946348676061,0.8003146034864473,0.7271727726759172,0.0,0.22081638910461532,2.3374742017099797,2.0711620576025696,0.1642506017639842,0.00040210317926991305,4.402079050967682,0.006502300443285198,0.06370106600688698,nominal,1.0,0.247,0.0,2.0711620576025696,1.4298243894687492,0.37484008214957176,3.8045992344386446,13105,134.55020130201498,monte_carlo,stage3a_mc_s13105_c11
UNSAFE,1.5,False,0,0.21892702432522493,10.0,8.0,1.0,False,3.0,0.0002726234984878088,0.006496872477075009,0.0425493364273814,0.40687192170349556,0.7477712395757934,0.0,0.20121477785616834,1.8248857709862536,3.2454419353900104,0.2610097076599811,0.0006373143880013988,2.976022601923661,0.002417087526802106,0.0559500248492881,vehicle_mass_multiplier,0.9,0.132,2.665778073975342,3.011832487133548,1.5686817968619904,0.41124267982361057,-0.1802571797701622,13002,450.0,one_factor,onefactor_vehicle_mass_multiplier_+0.900
UNSAFE,1.496,True,1,0.22892369210263244,9.0,8.0,1.0,False,2.992,0.0005369787489926034,0.00665560595848841,0.039628942592591164,0.43739822268435635,0.7110698632949017,0.0,0.17021337273382536,1.6224428115933682,2.6041644326439073,0.20589219674751766,0.0005119915781904027,2.3932319424762327,0.0020806165456942927,0.04650196910372436,vehicle_mass_multiplier,1.1,0.153,0.0,2.1380190378909294,1.4615116213962556,0.38314714748310696,2.868544140592552,13002,450.0,one_factor,onefactor_vehicle_mass_multiplier_+1.100
UNSAFE,1.5,False,2,0.2619126957680773,10.0,8.0,1.0,False,3.0,0.0005152677020716937,0.0065383968744607895,0.04115675104373498,0.4259773495188834,0.7287798420238779,0.0,0.1871331003337861,1.6918958529025865,2.90406077449132,0.231093404083476,0.0005706283885570577,2.662714947750409,0.0021830207462790337,0.05053289103679107,inertia_multiplier,0.9,0.25,0.0,2.644887553393237,1.4581973079880686,0.3822782732917415,-0.26636724337493034,13002,450.0,one_factor,onefactor_inertia_multiplier_+0.900
UNSAFE,1.446,True,3,0.19826724425191602,9.0,8.0,1.0,False,2.892,0.0002880824617695871,0.006598877299666119,0.04070916409407368,0.4208661757956976,0.7309114295528207,0.0,0.18081669628920827,1.7204727173815249,2.9526794564529415,0.23541957428661472,0.000580208539419402,2.7112920341260156,0.0022419137533981172,0.052069226806326856,inertia_multiplier,1.1,0.168,0.0,2.499716345157995,1.5637287583594732,0.4099442005328332,2.9461635218617084,13002,450.0,one_factor,onefactor_inertia_multiplier_+1.100
UNSAFE,1.5,False,4,0.23258913695434855,9.0,8.0,1.0,False,3.0,0.00030993318954110685,0.006235774811934706,0.03621562033481829,0.3958622559236903,0.7325575709115874,0.0,0.17960071746671727,1.645362236337273,2.919774876128599,0.20542617663636045,0.0005741384482338067,2.662903322372671,0.002242939089266565,0.05146627584957772,center_of_mass_error_m,-0.01,0.209,2.665778073975342,2.680421164689093,1.4844359572226888,0.389156948398307,-0.1345273005699435,13002,450.0,one_factor,onefactor_center_of_mass_error_m_-0.010
UNSAFE,1.4745000000000001,True,5,0.2239253582139287,8.0,8.0,1.0,False,2.9490000000000003,0.0004997178797562805,0.006936746270644814,0.04552379052799983,0.45322848676511,0.7274206179652053,0.0,0.189168882782935,1.807033281736622,2.887284774840771,0.25688430666392026,0.0005669734294658653,2.6601040279280372,0.0021963810246718872,0.05029071869045849,center_of_mass_error_m,0.01,0.145,0.0,2.421422425610901,1.5184972266797645,0.3980863869611453,2.771561396653222,13002,450.0,one_factor,onefactor_center_of_mass_error_m_+0.010
UNSAFE,1.485,True,6,0.2465844718427191,10.0,8.0,1.0,False,2.97,0.00022434505335328978,0.005821297975562979,0.03081633991747466,0.3639394403309636,0.7343712841526788,0.0,0.17464454108231833,1.6421028834758942,2.7943239265609434,0.170381044749318,0.0005498368258022818,2.5306800758511625,0.0021951687656046703,0.049687267820509966,probe_offset_multiplier,0.75,0.25,2.332555814728424,2.740637310853603,1.4950535298339076,0.39194043133448564,-1.4760157576694084,13002,450.0,one_factor,onefactor_probe_offset_multiplier_+0.750
UNSAFE,1.5,False,7,0.18327224258580474,10.0,8.0,1.0,False,3.0,0.0006988541904643697,0.007398428961135282,0.050973391566721656,0.492025890972962,0.7248893212738816,0.0,0.1948453118155607,1.9185079841897112,2.7115096306216246,0.2660440573012419,0.0005319756111343166,2.5057313494241025,0.002347822082127342,0.047158150960485846,probe_offset_multiplier,1.25,0.197,3.3322225924691775,2.2119416732932793,1.5470627121998364,0.405575061107321,1.0181846695227335,13002,450.0,one_factor,onefactor_probe_offset_multiplier_+1.250
UNSAFE,1.5,False,8,0.17994001999333556,9.0,8.0,1.0,False,3.0,0.00035350721810789777,0.006389021263374792,0.04108355908549434,0.41907048921620926,0.5635285933922103,0.0,0.18219310978040362,1.7054820238965953,2.9189240907941265,0.2774398589494704,0.0005735264763139748,2.6820808213883036,0.0022054578008817017,0.05110823760485786,contact_normal_angle_deg,-10.0,0.216,3.3322225924691775,2.530699146627745,1.522709567940472,0.39919068645123323,0.026243788401550297,13002,450.0,one_factor,onefactor_contact_normal_angle_deg_-10.000
UNSAFE,1.457,True,9,0.2902365878040653,8.0,8.0,1.0,False,2.914,0.0003708842284466333,0.006642780192586574,0.039957178443412414,0.425670836343726,0.5406963866178214,0.0,0.1819404910316241,1.6980618540834782,2.891084777590887,0.2749040915298095,0.0005678933823004353,2.6591062548315985,0.0021565730430229504,0.05015664934306427,contact_normal_angle_deg,10.0,0.129,0.0,2.5131996715915195,1.4432083832946467,0.3783488048865316,-0.04386361639049871,13002,450.0,one_factor,onefactor_contact_normal_angle_deg_+10.000
UNSAFE,1.4735,True,10,0.28023992002665776,10.0,8.0,1.0,False,2.947,0.00036721021293854253,0.006149892526321462,0.03898392012845022,0.39043320821321537,0.7256289736651804,0.0,0.15759726115949707,1.5577386496657575,2.785824280853216,0.22594657558295955,0.0005479118247394783,2.5395442668886297,0.002148943502398046,0.04892218006340629,motor_lag_multiplier,0.67,0.25,0.0,2.725459665182225,1.4459748400303865,0.37907405399944766,-0.6460680717030254,13002,450.0,one_factor,onefactor_motor_lag_multiplier_+0.670
UNSAFE,1.5,False,11,0.17460846384538486,10.0,8.0,1.0,False,3.0,0.0010229921048769096,0.00741546559560553,0.04364542727195649,0.5563077056278328,0.7282623202366156,0.0,0.25860503998453466,2.3707732965226245,2.927434277336422,0.22559115148388204,0.0005747987640113336,2.682937104524119,0.0022965343530082266,0.05191584123159988,motor_lag_multiplier,1.67,0.229,4.665111629456848,2.5414541301775557,1.6155813782022082,0.4235377861680194,1.7506097938529266,13002,450.0,one_factor,onefactor_motor_lag_multiplier_+1.670
UNSAFE,1.5,False,12,0.2449183605464845,7.0,8.0,1.0,False,3.0,0.00039367284606045723,0.0065810540402763415,0.04100267242553429,0.42362487000829036,0.6264110910286708,0.0,0.18429246561782978,1.71428190041344,2.951990334989277,0.23498899873816878,0.00058001642761445,2.711039500904305,0.0022263122157287142,0.051654453332818255,maximum_speed_multiplier,0.85,0.162,2.665778073975342,2.5795495948090683,1.522298812342151,0.3990830035334203,2.4575517823994044,13002,450.0,one_factor,onefactor_maximum_speed_multiplier_+0.850
