actual_risk_class,actual_safe,binary_correct,boundary_case,damping_n_s_per_m,decision_margin,effective_mass_kg,false_safe,noise_regime,passive_persistence_veto_active,predicted_risk_class,predicted_risk_score,predicted_safe,rd_decay_rate_log,rd_threshold_dwell_fraction,rd_time_to_threshold_fraction,stiffness_n_per_m,stratum,trial_id,upper_hold_settling_time_s,upper_late_hold_oscillation_rms_m,upper_peak_displacement_m,upper_peak_velocity_m_per_s
SAFE,True,True,False,12.0,0.8251979372303765,1.2,False,low,False,SAFE,0.1748020627696235,True,1.9642795295976443,0.8999999999999808,0.10000000000001918,2200.0,representative,representative_stiff,0.349604125539247,1.5491692517409618e-08,0.0012055756228831359,0.004941366133247327
SAFE,True,True,False,12.0,0.8394757371442357,1.2,False,nominal,False,SAFE,0.1605242628557643,True,0.0,0.9099999999999806,0.0900000000000194,2200.0,representative,representative_stiff,0.3210485257115286,1.0284962445638064e-08,0.0012165602236946945,0.0050048459521391435
SAFE,True,True,False,12.0,0.7921404108343307,1.2,False,high,False,SAFE,0.20785958916566927,True,0.0,0.1499999999999968,0.8500000000000032,2200.0,representative,representative_stiff,0.41571917833133853,1.0233737491024481e-08,0.001075419329517014,0.004591661491464247
UNSAFE,False,True,False,3.0,0.1740234886953187,1.2,False,low,True,UNSAFE,2.4441666747268473,False,0.0,0.0,1.0,90.0,representative,representative_compliant,1.4903523589508598,0.0036662500120902713,0.023480469773906373,0.07887056467571013
UNSAFE,False,True,False,3.0,0.14656606669850625,1.2,False,nominal,True,UNSAFE,1.9992623158132548,False,0.0,0.0,1.0,90.0,representative,representative_compliant,1.7140110662104886,0.002998893473719882,0.022931321333970123,0.07757161998585067
UNSAFE,False,True,False,3.0,0.142778632969496,1.2,False,high,True,UNSAFE,2.091050289015982,False,0.0,0.0,1.0,90.0,representative,representative_compliant,2.011876611469696,0.003136575433523973,0.02285557265938992,0.07586504220152124
UNSAFE,False,True,False,0.5,0.26150861466169406,1.0,False,low,True,UNSAFE,1.7661120605263716,False,0.0,0.0,1.0,450.0,representative,representative_lightly_damped,3.532224121052743,2.9665428473047927e-05,0.007899096154127103,0.03505542398797166
UNSAFE,False,True,False,0.5,0.26416725388147433,1.0,False,nominal,True,UNSAFE,1.769834155434064,False,0.0,0.019999999999999574,0.9800000000000004,450.0,representative,representative_lightly_damped,3.539668310868128,9.520174625241227e-06,0.008035536523429246,0.03551117630237
UNSAFE,False,True,False,0.5,0.15048644169545544,1.0,False,high,True,UNSAFE,1.6106810183736375,False,0.0,0.0,1.0,450.0,representative,representative_lightly_damped,3.221362036747275,9.605873284785802e-06,0.008146565982189623,0.0348531488632674
SAFE,True,True,False,55.0,0.4837345626033398,1.0,False,low,False,SAFE,0.5162654373966602,True,1.6872736478628267,1.0099999999999785,0.0,450.0,representative,representative_highly_damped,0.8660763826292595,1.313763398414026e-08,0.006195185248759922,0.01863407119013176
SAFE,True,True,False,55.0,0.5005462708815942,1.0,False,nominal,False,SAFE,0.49945372911840574,True,1.272615017557965,1.0099999999999785,0.0,450.0,representative,representative_highly_damped,0.8538357712856072,2.675843337570935e-08,0.005993444749420869,0.01754823316389626
SAFE,True,True,False,55.0,0.26390713958785394,1.0,False,high,False,SAFE,0.736092860412146,True,0.0,0.19999999999999574,0.8000000000000043,450.0,representative,representative_highly_damped,1.472185720824292,6.178611510876103e-09,0.006459872112771552,0.019479112053693487
SAFE,True,True,True,8.0,0.29002937878188995,0.12,False,low,False,SAFE,0.70997062121811,True,0.4505902064281555,0.5099999999999891,0.49000000000001087,450.0,representative,representative_low_mass,0.876466988846506,9.907058830345672e-08,0.008519647454617321,0.028189213793820434
SAFE,True,True,True,8.0,0.2991790770989493,0.12,False,nominal,False,SAFE,0.7008209229010507,True,0.45562982184798306,0.5099999999999891,0.49000000000001087,450.0,representative,representative_low_mass,0.9441609533219089,1.1456401912748458e-07,0.008409851074812609,0.027533376698676965
SAFE,True,True,True,8.0,0.31731285571609336,0.12,False,high,False,SAFE,0.6826871442839066,True,0.6276482020423266,0.20999999999999552,0.7900000000000045,450.0,representative,representative_low_mass,1.2558598894593032,7.504351076748607e-08,0.00819224573140688,0.027912217849870254
UNSAFE,False,True,False,8.0,1.8974189228270721,5.5,False,low,False,UNSAFE,4.056386491957901,False,0.6920229186880159,0.009999999999999787,0.9900000000000002,450.0,representative,representative_high_mass,8.112772983915802,0.00016437134566464314,0.008984473433125134,0.03169169481223377
UNSAFE,False,True,False,8.0,2.27648123483641,5.5,False,nominal,False,UNSAFE,4.5870737287709735,False,0.6814659245104687,0.0,1.0,450.0,representative,representative_high_mass,9.174147457541947,0.00014398063586709643,0.00919880281594258,0.031437540112135676
UNSAFE,False,True,False,8.0,2.2889735773463626,5.5,False,high,False,UNSAFE,4.604563008284908,False,0.7077775431298533,0.009999999999999787,0.9900000000000002,450.0,representative,representative_high_mass,9.209126016569815,9.405304529520067e-05,0.009094639516786155,0.031892096108438704
UNSAFE,False,True,False,2.0,0.5368398722846963,2.5,False,low,True,UNSAFE,2.9931144169376585,False,0.0,0.0,1.0,170.0,representative,representative_boundary,4.303151642397149,0.004489671625406488,0.02148013204650489,0.0700056463335577
UNSAFE,False,True,False,2.0,0.6670780820978548,2.5,False,nominal,True,UNSAFE,2.3339093149369967,False,0.0,0.0,1.0,170.0,representative,representative_boundary,4.667818629873993,0.002926118303318491,0.022168729935381014,0.07098681331512453
UNSAFE,False,True,False,2.0,0.6733523354509643,2.5,False,high,True,UNSAFE,2.34269326963135,False,0.0,0.0,1.0,170.0,representative,representative_boundary,4.6853865392627,0.002637217248216289,0.022077079723822345,0.06896471766257849
UNSAFE,False,True,False,0.3,1.207051981601495,0.1,False,low,False,UNSAFE,3.678419969335825,False,0.8472549755118013,0.0,1.0,75.0,structured_grid,grid_000,1.5976491110595363,0.00016647326017857114,0.0441410396320299,0.14042463117125326
UNSAFE,False,True,False,0.3,1.2165403776422,0.1,False,nominal,False,UNSAFE,3.694233962737,False,0.8804733000612015,0.0,1.0,75.0,structured_grid,grid_000,1.6639791532319714,0.00010309020530956482,0.044330807552844,0.14035305811941431
UNSAFE,False,True,False,0.3,1.2433060035132684,0.1,False,high,False,UNSAFE,3.7388433391887808,False,0.8372305187244957,0.009999999999999787,0.9900000000000002,75.0,structured_grid,grid_000,1.7813127290433612,6.10459390542774e-05,0.04486612007026537,0.14225922114499953
UNSAFE,False,True,False,0.3,3.603013973851648,0.7745966692414834,False,low,False,UNSAFE,6.444219563392307,False,1.3536657950354263,0.20999999999999552,0.7900000000000045,75.0,structured_grid,grid_001,12.888439126784615,0.0008738803990202145,0.040936009880412814,0.19084691695786193
UNSAFE,False,True,False,0.3,4.063311280265612,0.7745966692414834,False,nominal,False,UNSAFE,7.088635792371857,False,1.348175733678197,0.19999999999999574,0.8000000000000043,75.0,structured_grid,grid_001,14.177271584743714,0.0004864400221613356,0.04089173404524616,0.1909326548019546
UNSAFE,False,True,False,0.3,4.046999106717428,0.7745966692414834,False,high,False,UNSAFE,7.065798749404399,False,1.3539108274203677,0.19999999999999574,0.8000000000000043,75.0,structured_grid,grid_001,14.131597498808798,0.00031706295677789027,0.04061292703147904,0.1895678695113469
UNSAFE,False,True,False,0.3,1.5236347904374954,6.0,False,low,False,UNSAFE,3.533088706612493,False,1.6936738783259297,0.0,1.0,75.0,structured_grid,grid_002,7.066177413224986,9.744549306841181e-05,0.03886267919315686,0.09870631003534597
UNSAFE,False,True,False,0.3,1.9008897589995142,6.0,False,nominal,False,UNSAFE,4.06124566259932,False,1.6838877696326118,0.0,1.0,75.0,structured_grid,grid_002,8.12249132519864,5.755888348396282e-05,0.03915715734849562,0.09751325371031247
UNSAFE,False,True,False,0.3,2.247510437416029,6.0,False,high,False,UNSAFE,4.54651461238244,False,1.6834814070797974,0.0,1.0,75.0,structured_grid,grid_002,9.09302922476488,0.00012325975919575186,0.035115994041673995,0.0922382788191115
UNSAFE,False,True,False,4.242640687119285,41.7792258907819,0.1,False,low,True,UNSAFE,114.07793570875174,False,0.0,0.0,1.0,75.0,structured_grid,grid_003,0.2152437290570937,0.17111690356312761,0.03057596837871039,0.0992968562198195
UNSAFE,False,True,False,4.242640687119285,20.4480624761267,0.1,False,nominal,True,UNSAFE,57.1948332696712,False,0.0,0.0,1.0,75.0,structured_grid,grid_003,0.4639656362078681,0.0857922499045068,0.029466934583038368,0.09495387887335557
UNSAFE,False,True,False,4.242640687119285,5.407146950971703,0.1,False,high,True,UNSAFE,17.08572520259121,False,0.0,0.0,1.0,75.0,structured_grid,grid_003,0.7113631203144595,0.025628587803886813,0.028067119385261897,0.0879741466682662
UNSAFE,False,True,False,4.242640687119285,0.12108097926520056,0.7745966692414834,False,low,True,UNSAFE,1.8684682987753343,False,0.0,0.0,1.0,75.0,structured_grid,grid_004,1.340445210559638,0.0011015457935847374,0.02242161958530401,0.07909758089518217
UNSAFE,False,True,False,4.242640687119285,0.1400882809836388,0.7745966692414834,False,nominal,True,UNSAFE,1.9001471349727312,False,0.0,0.019999999999999574,0.9800000000000004,75.0,structured_grid,grid_004,1.315033229764488,0.0011162044342240974,0.022801765619672777,0.07936451250013105
UNSAFE,False,True,False,4.242640687119285,0.13186017575179299,0.7745966692414834,False,high,True,UNSAFE,1.8864336262529882,False,0.0,0.02999999999999936,0.9700000000000006,75.0,structured_grid,grid_004,1.4135751107163748,0.0009563788406044904,0.02263720351503586,0.07747292764778667
UNSAFE,False,True,False,4.242640687119285,0.9984399974201446,6.0,False,low,False,UNSAFE,3.330733329033574,False,1.5645183375630676,0.1599999999999966,0.8400000000000034,75.0,structured_grid,grid_005,5.301505777156141,2.1175593850657766e-05,0.03996879994840289,0.0883812600369321
UNSAFE,False,True,False,4.242640687119285,1.06735137277825,6.0,False,nominal,False,UNSAFE,3.1522420697781515,False,1.5711139771989904,0.16999999999999638,0.8300000000000036,75.0,structured_grid,grid_005,5.7885838437791,2.4726265795115664e-05,0.03782690483733782,0.08505816725280965
UNSAFE,False,True,False,4.242640687119285,1.233429130306034,6.0,False,high,False,UNSAFE,3.1268007824284476,False,1.5830738465880185,0.009999999999999787,0.9900000000000002,75.0,structured_grid,grid_005,6.253601564856895,7.387983010270795e-05,0.03271559973465862,0.0783247635495324
UNSAFE,False,True,False,60.0,0.08380833039127955,0.1,False,low,False,UNSAFE,1.8063472173187993,False,0.6294206976855334,0.0,1.0,75.0,structured_grid,grid_006,2.5998205849636777,1.806666057769028e-05,0.021676166607825592,0.03399997228243435
UNSAFE,False,True,False,60.0,0.13990735723780223,0.1,False,nominal,False,UNSAFE,1.8998455953963371,False,0.6304310832168143,0.0,1.0,75.0,structured_grid,grid_006,2.08923016325171,4.547515431105638e-06,0.022798147144756045,0.035245579277608116
UNSAFE,False,True,False,60.0,0.10747216608376053,0.1,False,high,False,UNSAFE,1.8457869434729344,False,0.6339987947236212,0.0,1.0,75.0,structured_grid,grid_006,2.1096762912201026,2.442251946842357e-06,0.022149443321675212,0.03622769085775897
UNSAFE,False,True,False,60.0,0.07757987759656682,0.7745966692414834,False,low,False,UNSAFE,1.7959664626609446,False,0.6212685336243314,0.0,1.0,75.0,structured_grid,grid_007,2.4841843935739276,8.192054541573032e-06,0.021551597551931336,0.033937396259635946
UNSAFE,False,True,False,60.0,0.03632122482323363,0.7745966692414834,False,nominal,False,UNSAFE,1.7272020413720561,False,0.6373190577986252,0.0,1.0,75.0,structured_grid,grid_007,2.664409933785132,1.0015512723779002e-05,0.020726424496464675,0.0335540633242736
UNSAFE,False,True,False,60.0,0.08517973992615269,0.7745966692414834,False,high,False,UNSAFE,1.808632899876921,False,0.6448010250017873,0.0,1.0,75.0,structured_grid,grid_007,2.201065712876307,1.0553740967132165e-06,0.021703594798523053,0.03545252131718667
UNSAFE,False,True,False,60.0,2.6892342911287908,6.0,False,low,False,UNSAFE,5.164928007580307,False,0.8333209131169177,0.0,1.0,75.0,structured_grid,grid_008,10.329856015160614,6.297564222577962e-05,0.03260979156748278,0.047819270884401965
UNSAFE,False,True,False,60.0,2.718518313830134,6.0,False,nominal,False,UNSAFE,5.205925639362187,False,0.8384943484589719,0.0,1.0,75.0,structured_grid,grid_008,10.411851278724374,0.00027660496086870736,0.024106431627500355,0.040791744005449146
UNSAFE,False,True,False,60.0,16.529509590470063,6.0,False,high,False,UNSAFE,29.215849317450104,False,0.8301533019151577,0.0,1.0,75.0,structured_grid,grid_008,6.571390896026267,4.828539069256224e-12,0.35059019180940126,0.2379533249110992
UNSAFE,False,True,True,0.3,1.0,0.1,False,low,True,CAUTION,0.8272440097803417,False,0.0,0.0,1.0,433.0127018922193,structured_grid,grid_009,1.361132298509545,1.0720186719678655e-05,0.009926928117364101,0.03254312285464154
UNSAFE,False,True,True,0.3,1.0,0.1,False,nominal,True,CAUTION,0.8322257287006806,False,0.0,0.0,1.0,433.0127018922193,structured_grid,grid_009,1.2867480354580316,7.379352229532547e-06,0.009986708744408167,0.033014245092976534
UNSAFE,False,False,True,0.3,0.052838894227361544,0.1,True,high,False,SAFE,0.9471611057726385,True,1.7431894647549346,0.0,1.0,433.0127018922193,structured_grid,grid_009,1.894322211545277,3.515953760432001e-06,0.0084292294582102,0.03126685204637354
UNSAFE,False,True,False,0.3,0.035652297289333834,0.7745966692414834,False,low,True,UNSAFE,1.4499132162050672,False,0.11552498004488324,0.0,1.0,433.0127018922193,structured_grid,grid_010,2.8998264324101344,8.74008060252839e-05,0.007215292802517252,0.030549277215343406
UNSAFE,False,True,False,0.3,0.05391499489302398,0.7745966692414834,False,nominal,True,UNSAFE,1.4754809928502335,False,0.1547476158752845,0.0,1.0,433.0127018922193,structured_grid,grid_010,2.950961985700467,4.8257714124931677e-05,0.0071859903647509115,0.030077806448436974
UNSAFE,False,True,False,0.3,0.15158590514870895,0.7745966692414834,False,high,True,UNSAFE,1.6122202672081924,False,0.0688337062600877,0.0,1.0,433.0127018922193,structured_grid,grid_010,3.224440534416385,4.672695097650941e-05,0.007303921611924646,0.030321956721224466
UNSAFE,False,True,False,0.3,1.9411671467207938,6.0,False,low,True,UNSAFE,4.117634005409111,False,0.0,0.019999999999999574,0.9800000000000004,433.0127018922193,structured_grid,grid_011,8.235268010818222,0.0017583875902937105,0.012968010264220932,0.04306023898715884
UNSAFE,False,True,False,0.3,2.3803066838962184,6.0,False,nominal,True,UNSAFE,4.732429357454706,False,0.0,0.02999999999999936,0.9700000000000006,433.0127018922193,structured_grid,grid_011,9.464858714909411,0.0013184319732857687,0.013235230524416408,0.04330177752714707
UNSAFE,False,True,False,0.3,2.2009167230750246,6.0,False,high,True,UNSAFE,4.481283412305034,False,0.0,0.019999999999999574,0.9800000000000004,433.0127018922193,structured_grid,grid_011,8.962566824610068,0.0003539628412841128,0.015062443095641741,0.046018171253910715
CAUTION,False,False,True,4.242640687119285,0.1744257744718608,0.1,True,low,False,SAFE,0.8255742255281392,True,2.302235305658627,0.34999999999999254,0.6500000000000075,433.0127018922193,structured_grid,grid_012,0.6385619582750951,6.818663157538241e-06,0.00990689070633767,0.03633074277078425
CAUTION,False,False,True,4.242640687119285,0.18056315978161575,0.1,True,nominal,False,SAFE,0.8194368402183843,True,2.2779189025414603,0.34999999999999254,0.6500000000000075,433.0127018922193,structured_grid,grid_012,0.6734710506746229,1.3120226913790722e-06,0.00983324208262061,0.03551149423363372
CAUTION,False,False,True,4.242640687119285,0.14812699644254812,0.1,True,high,False,SAFE,0.8518730035574519,True,0.0,0.019999999999999574,0.9800000000000004,433.0127018922193,structured_grid,grid_012,1.0435471981700692,3.227938373073886e-06,0.010222476042689423,0.033798350042709875
UNSAFE,False,False,True,4.242640687119285,0.0634810535478939,0.7745966692414834,True,low,False,SAFE,0.9365189464521061,True,0.8848763143530837,0.1499999999999968,0.8500000000000032,433.0127018922193,structured_grid,grid_013,1.8730378929042122,1.7811917694513187e-06,0.007508561470563552,0.028930543931281104
UNSAFE,False,True,True,4.242640687119285,0.014346754989890131,0.7745966692414834,False,nominal,False,CAUTION,1.0143467549898901,False,0.8689367629025361,0.1499999999999968,0.8500000000000032,433.0127018922193,structured_grid,grid_013,2.0286935099797803,1.1642520957331083e-06,0.007376114191993471,0.028706062324183226
UNSAFE,False,True,True,4.242640687119285,0.021214478533763792,0.7745966692414834,False,high,False,CAUTION,1.0212144785337638,False,0.9009624852301075,0.03999999999999915,0.9600000000000009,433.0127018922193,structured_grid,grid_013,2.0424289570675276,6.793611125730125e-07,0.007395443114761685,0.029003463662669083
UNSAFE,False,True,True,4.242640687119285,3.2020557040467024,6.0,False,low,False,UNSAFE,10.602887872265557,False,0.8653623427430994,0.0,1.0,433.0127018922193,structured_grid,grid_014,11.765755971330766,0.015904331808398335,0.009227003865153863,0.036081143373817945
UNSAFE,False,True,True,4.242640687119285,3.4566007767667726,6.0,False,nominal,False,UNSAFE,6.239241087473481,False,0.8773647414300879,0.0,1.0,433.0127018922193,structured_grid,grid_014,12.478482174946961,0.008248197338641511,0.009355787270829261,0.03575268750467881
UNSAFE,False,True,True,4.242640687119285,3.66139777104817,6.0,False,high,False,UNSAFE,9.223216206140915,False,0.8923734520279891,0.0,1.0,433.0127018922193,structured_grid,grid_014,13.051913758934877,0.013834824309211373,0.00866722283714401,0.033946822273633936
SAFE,True,True,False,60.0,0.46682844162393755,0.1,False,low,False,SAFE,0.5331715583760624,True,1.7453014536752511,1.0099999999999785,0.0,433.0127018922193,structured_grid,grid_015,1.014402765534648,5.557671836614528e-08,0.00639805870051275,0.01810794968661883
SAFE,True,True,False,60.0,0.4532280119847737,0.1,False,nominal,False,SAFE,0.5467719880152263,True,1.5289423715615467,1.0099999999999785,0.0,433.0127018922193,structured_grid,grid_015,0.9548350342682609,1.9375771818825662e-08,0.006561263856182715,0.01787966484290948
SAFE,True,True,False,60.0,0.425740665281517,0.1,False,high,False,SAFE,0.574259334718483,True,1.2687081961527606,0.09999999999999787,0.9000000000000021,433.0127018922193,structured_grid,grid_015,1.148518669436966,2.030919013468973e-08,0.006498915211341973,0.01845849475713314
SAFE,True,True,False,60.0,0.4725531799988588,0.7745966692414834,False,low,False,SAFE,0.5274468200011412,True,1.6311284510925534,1.0099999999999785,0.0,433.0127018922193,structured_grid,grid_016,0.8995627579236269,2.095213716613376e-08,0.006329361840013694,0.018389963294775016
SAFE,True,True,False,60.0,0.4538859576662696,0.7745966692414834,False,nominal,False,SAFE,0.5461140423337304,True,1.4669926290597826,1.0099999999999785,0.0,433.0127018922193,structured_grid,grid_016,0.9242012352593126,1.1247058337363004e-08,0.0065533685080047645,0.01847597401467035
SAFE,True,True,False,60.0,0.24348513334989574,0.7745966692414834,False,high,False,SAFE,0.7565148666501043,True,1.1977341437329874,0.009999999999999787,0.9900000000000002,433.0127018922193,structured_grid,grid_016,1.5130297333002085,4.31209015257489e-08,0.006426678511235754,0.018379816395424447
SAFE,True,False,False,60.0,0.3494258719323322,6.0,False,low,False,UNSAFE,1.8891962207052648,False,0.0,1.0099999999999785,0.0,433.0127018922193,structured_grid,grid_017,3.7783924414105297,6.711550393473085e-07,0.006675913324571191,0.020709592882357995
SAFE,True,False,False,60.0,0.6156351890640681,6.0,False,nominal,False,UNSAFE,2.261889264689695,False,0.8440374912045653,1.0099999999999785,0.0,433.0127018922193,structured_grid,grid_017,4.52377852937939,1.0940029059349382e-05,0.005446607709324412,0.018004093529837714
SAFE,True,False,False,60.0,7.355834496075055,6.0,False,high,False,UNSAFE,13.926390826791756,False,0.0,0.0,1.0,433.0127018922193,structured_grid,grid_017,2.579551318490562,9.357622968840175e-14,0.16711668992150108,0.174218782980834
SAFE,True,True,False,0.3,0.5809512201212462,0.1,False,low,False,SAFE,0.4190487798787538,True,0.0,0.6899999999999853,0.3100000000000147,2500.0,structured_grid,grid_018,0.8380975597575075,6.378956031390596e-09,0.0014533644366564978,0.005930236546250387
SAFE,True,True,False,0.3,0.5030768922641351,0.1,False,nominal,False,SAFE,0.49692310773586496,True,0.0,0.6199999999999868,0.3800000000000132,2500.0,structured_grid,grid_018,0.9938462154717299,5.6894999521882925e-09,0.0014691444805039241,0.006067397009336491
SAFE,True,True,False,0.3,0.42184718237983476,0.1,False,high,False,SAFE,0.5781528176201652,True,0.0,0.0,1.0,2500.0,structured_grid,grid_018,1.1563056352403305,7.679519568928657e-09,0.001544643659985513,0.006657310382462968
SAFE,True,False,False,0.3,0.12920191670265901,0.7745966692414834,False,low,False,CAUTION,1.129201916702659,False,0.5555499459258987,0.0,1.0,2500.0,structured_grid,grid_019,2.258403833405318,2.5985529646382328e-05,0.0012746269390480104,0.00587137718482119
SAFE,True,False,False,0.3,0.12248468208658536,0.7745966692414834,False,nominal,False,CAUTION,1.2285214450787805,False,0.527416263246719,0.0,1.0,2500.0,structured_grid,grid_019,2.457042890157561,4.741840587766156e-05,0.0012547318895397115,0.005687250935132129
SAFE,True,False,False,0.3,0.15788148669599178,0.7745966692414834,False,high,False,CAUTION,1.1789659186256114,False,0.5171731428698381,0.0,1.0,2500.0,structured_grid,grid_019,2.357931837251223,2.4215330790033566e-05,0.0012692535348335816,0.0057271454942335485
SAFE,True,False,False,0.3,2.551830945330669,6.0,False,low,True,UNSAFE,4.9725633234629365,False,0.0,0.0,1.0,2500.0,structured_grid,grid_020,9.945126646925873,0.00030209732907969625,0.001360877987731698,0.006995566039756706
SAFE,True,False,False,0.3,2.4315292833281665,6.0,False,nominal,True,UNSAFE,4.804140996659433,False,0.0,0.009999999999999787,0.9900000000000002,2500.0,structured_grid,grid_020,9.608281993318865,0.00015137763042550535,0.0013982132944708233,0.007009168275672784
SAFE,True,False,False,0.3,2.0143976077986965,6.0,False,high,True,UNSAFE,4.220156650918175,False,0.0,0.0,1.0,2500.0,structured_grid,grid_020,8.44031330183635,5.937205523275907e-05,0.0014932023790122746,0.007181401752251179
SAFE,True,True,False,4.242640687119285,0.7334761509129224,0.1,False,low,False,SAFE,0.26652384908707755,True,0.0,0.7899999999999832,0.21000000000001684,2500.0,structured_grid,grid_021,0.5330476981741551,1.981003901348505e-09,0.0013279239483681507,0.0054429039385883145
SAFE,True,True,False,4.242640687119285,0.6816438018019009,0.1,False,nominal,False,SAFE,0.3183561981980991,True,0.0,0.7799999999999834,0.22000000000001663,2500.0,structured_grid,grid_021,0.6367123963961983,2.121118852229105e-09,0.0013382781212005995,0.005617278817536827
SAFE,True,True,False,4.242640687119285,0.35304177381379775,0.1,False,high,False,SAFE,0.6469582261862022,True,0.0,0.47999999999998977,0.5200000000000102,2500.0,structured_grid,grid_021,1.2939164523724045,2.081402765336723e-09,0.0014075366016699019,0.006002647877780461
SAFE,True,True,False,4.242640687119285,0.6898515796265149,0.7745966692414834,False,low,False,SAFE,0.3101484203734851,True,1.7423538775151988,0.6999999999999851,0.3000000000000149,2500.0,structured_grid,grid_022,0.6202968407469702,2.3894046259143077e-08,0.0012628547272391635,0.005109447464898992
SAFE,True,True,False,4.242640687119285,0.6580468917867789,0.7745966692414834,False,nominal,False,SAFE,0.3419531082132211,True,1.8447945647166866,0.3699999999999921,0.6300000000000079,2500.0,structured_grid,grid_022,0.6839062164264422,1.9929608051724012e-08,0.0012289420022730073,0.005061464868925532
SAFE,True,True,False,4.242640687119285,0.6016453572921987,0.7745966692414834,False,high,False,SAFE,0.3983546427078013,True,0.0,0.13999999999999702,0.860000000000003,2500.0,structured_grid,grid_022,0.7967092854156026,6.1517988627197075e-09,0.0012425193846346257,0.005316561770557674
SAFE,True,False,False,4.242640687119285,2.421444489635147,6.0,False,low,True,UNSAFE,4.790022285489205,False,0.11628928217533407,0.019999999999999574,0.9800000000000004,2500.0,structured_grid,grid_023,9.58004457097841,0.000227493870991189,0.0013533690865688765,0.006825870159680711
SAFE,True,False,False,4.242640687119285,2.2437440055533244,6.0,False,nominal,True,UNSAFE,4.541241607774654,False,0.15978548883091026,0.02999999999999936,0.9700000000000006,2500.0,structured_grid,grid_023,9.082483215549308,0.00014835791112684653,0.0014343987160118114,0.007073186779016625
SAFE,True,False,False,4.242640687119285,1.8314607579502167,6.0,False,high,True,UNSAFE,3.964045061130303,False,0.16517888071728465,0.02999999999999936,0.9700000000000006,2500.0,structured_grid,grid_023,7.928090122260606,4.1939437890742695e-05,0.0013515237828758554,0.006817492013627365
SAFE,True,True,False,60.0,0.7251869575680544,0.1,False,low,False,SAFE,0.2748130424319456,True,0.0,1.0099999999999785,0.0,2500.0,structured_grid,grid_024,0.5496260848638912,3.0938803083382844e-07,0.001498921362309654,0.005793961211982551
SAFE,True,True,False,60.0,0.7103271576730104,0.1,False,nominal,False,SAFE,0.28967284232698964,True,0.0,1.0099999999999785,0.0,2500.0,structured_grid,grid_024,0.5793456846539793,3.6827337549458085e-08,0.0014812416599862199,0.005757634815857362
SAFE,True,True,False,60.0,0.36307210213341423,0.1,False,high,False,SAFE,0.6369278978665858,True,0.0,0.06999999999999851,0.9300000000000015,2500.0,structured_grid,grid_024,1.2738557957331715,3.022896562716405e-08,0.001167046978358804,0.005188810554725007
SAFE,True,True,False,60.0,0.8891813939658259,0.7745966692414834,False,low,False,SAFE,0.11081860603417414,True,0.0,1.0099999999999785,0.0,2500.0,structured_grid,grid_025,0.04110338101795773,6.74584764730897e-08,0.0013298232724100897,0.0053324118155975205
SAFE,True,True,False,60.0,0.8946964455108882,0.7745966692414834,False,nominal,False,SAFE,0.10530355448911174,True,0.0,1.0099999999999785,0.0,2500.0,structured_grid,grid_025,0.17531882030079407,4.1221215782044796e-08,0.001263642653869341,0.005138244237771238
SAFE,True,True,False,60.0,0.7012272196261914,0.7745966692414834,False,high,False,SAFE,0.2987727803738086,True,0.0,0.09999999999999787,0.9000000000000021,2500.0,structured_grid,grid_025,0.5975455607476172,5.803735676249499e-08,0.0011068279636218506,0.0048463660541228915
SAFE,True,False,False,60.0,0.07917491945631006,6.0,False,low,False,CAUTION,1.2891551127611658,False,0.0,1.0099999999999785,0.0,2500.0,structured_grid,grid_026,2.5783102255223316,1.354955474169733e-07,0.001161917371941081,0.00537314898779724
SAFE,True,False,False,60.0,0.05387651099600588,6.0,False,nominal,False,CAUTION,1.3245728846055917,False,0.0,1.0099999999999785,0.0,2500.0,structured_grid,grid_026,2.6491457692111835,1.7914029895765e-07,0.0010989385510220767,0.0052358092531865266
SAFE,True,False,False,60.0,0.1728268294778954,6.0,False,high,False,UNSAFE,1.6419575612690536,False,0.0,0.10999999999999766,0.8900000000000023,2500.0,structured_grid,grid_026,3.283915122538107,3.008060583373208e-06,0.0005944913731460561,0.003546480757340113
SAFE,True,True,False,51.61571282473401,0.8604684634436104,0.4411659075921388,False,low,False,SAFE,0.13953153655638956,True,0.0,1.0099999999999785,0.0,2330.3968579922366,monte_carlo,stage3a_mc_s13101_c00,0.19069524774457877,1.7774598896143946e-07,0.0016743784386766749,0.006259144727090728
SAFE,True,True,False,51.61571282473401,0.8752950166889304,0.4411659075921388,False,nominal,False,SAFE,0.12470498331106956,True,0.0,1.0099999999999785,0.0,2330.3968579922366,monte_carlo,stage3a_mc_s13101_c00,0.20561414731817035,1.0741241580085224e-07,0.0014964597997328348,0.00601590930103279
SAFE,True,True,False,51.61571282473401,0.6014580946441772,0.4411659075921388,False,high,False,SAFE,0.3985419053558228,True,0.0,0.08999999999999808,0.9100000000000019,2330.3968579922366,monte_carlo,stage3a_mc_s13101_c00,0.7970838107116456,1.3280849427103678e-07,0.0013814928131184027,0.005776135189948513
SAFE,True,False,True,1.7527846999735852,1.3113332200147667,4.433049710647258,False,low,False,UNSAFE,3.235866508020673,False,0.0,0.6599999999999859,0.34000000000001407,1444.2134165670122,monte_carlo,stage3a_mc_s13101_c01,6.471733016041346,4.637227941999e-05,0.002290418651778146,0.012146381595305053
SAFE,True,False,True,1.7527846999735852,1.5769202481724887,4.433049710647258,False,nominal,True,UNSAFE,3.6076883474414836,False,0.0,0.0,1.0,1444.2134165670122,monte_carlo,stage3a_mc_s13101_c01,7.215376694882967,3.220236578813056e-05,0.002278870557326042,0.011848598692986744
SAFE,True,False,True,1.7527846999735852,2.074009747838767,4.433049710647258,False,high,True,UNSAFE,4.303613646974274,False,0.17091103878543287,0.049999999999998934,0.9500000000000011,1444.2134165670122,monte_carlo,stage3a_mc_s13101_c01,8.607227293948547,7.299952848470119e-05,0.0023160486471612857,0.011645045312877703
UNSAFE,False,False,False,7.783198098117369,0.3640686400342764,1.4694521252775044,True,low,False,SAFE,0.6359313599657236,True,1.530084066291451,0.7399999999999842,0.2600000000000158,563.6837561619827,monte_carlo,stage3a_mc_s13101_c02,1.2718627199314472,6.487257830329936e-08,0.004883962522254325,0.020793618991951073
UNSAFE,False,False,False,7.783198098117369,0.25160969333545147,1.4694521252775044,True,nominal,False,SAFE,0.7483903066645485,True,1.506312126845239,0.3599999999999923,0.6400000000000077,563.6837561619827,monte_carlo,stage3a_mc_s13101_c02,1.496780613329097,6.148660862102241e-08,0.004815235920811165,0.020475401424947214
UNSAFE,False,False,False,7.783198098117369,0.27680623898234025,1.4694521252775044,True,high,False,SAFE,0.7231937610176598,True,1.5356394850971913,0.1499999999999968,0.8500000000000032,563.6837561619827,monte_carlo,stage3a_mc_s13101_c02,1.4463875220353195,6.328945064711674e-08,0.005017050363190521,0.02157880175722992
SAFE,True,False,False,0.732331188782688,1.0,0.27195245965659626,False,low,True,CAUTION,0.514354060101602,False,0.0,0.019999999999999574,0.9800000000000004,1293.9023383480123,monte_carlo,stage3a_mc_s13101_c03,1.028708120203204,9.343759145921417e-07,0.002726089630022135,0.010606234713417059
SAFE,True,True,False,0.732331188782688,0.49750433310852704,0.27195245965659626,False,nominal,False,SAFE,0.502495666891473,True,1.7639346214313796,0.03999999999999915,0.9600000000000009,1293.9023383480123,monte_carlo,stage3a_mc_s13101_c03,1.004991333782946,7.02078142827214e-07,0.002690918376054325,0.010618598081817029
SAFE,True,True,False,0.732331188782688,0.36741606129690907,0.27195245965659626,False,high,False,SAFE,0.6325839387030909,True,1.7979571304174733,0.03999999999999915,0.9600000000000009,1293.9023383480123,monte_carlo,stage3a_mc_s13101_c03,1.2651678774061819,5.183968392857641e-07,0.0027147502739908475,0.010781852030376612
SAFE,True,True,False,23.252901719618393,0.2893278982139027,0.381750075046434,False,low,False,SAFE,0.7106721017860973,True,1.9853364073161446,1.0099999999999785,0.0,335.84408431545984,monte_carlo,stage3a_mc_s13101_c04,0.14120131111305884,1.2565180998893749e-08,0.008528065221433168,0.027883997050499074
SAFE,True,True,False,23.252901719618393,0.3413626253425507,0.381750075046434,False,nominal,False,SAFE,0.6586373746574493,True,1.4473769563950902,1.0099999999999785,0.0,335.84408431545984,monte_carlo,stage3a_mc_s13101_c04,0.2901474289326182,5.4436037875928166e-08,0.007903648495889391,0.02559734374552307
SAFE,True,True,False,23.252901719618393,0.39344085569271847,0.381750075046434,False,high,False,SAFE,0.6065591443072815,True,1.2542658838600445,0.23999999999999488,0.7600000000000051,335.84408431545984,monte_carlo,stage3a_mc_s13101_c04,0.6258299163229727,1.2279766249076653e-07,0.007278709731687379,0.02403976819371016
UNSAFE,False,True,False,0.6136722926141227,4.326863360116488,1.947679394774099,False,low,False,UNSAFE,7.457608704163083,False,0.999741353391336,0.0,1.0,213.53158877332956,monte_carlo,stage3a_mc_s13101_c05,14.915217408326166,0.0010661970384830293,0.016672133159955107,0.07596538984830781
UNSAFE,False,True,False,0.6136722926141227,4.365909793630943,1.947679394774099,False,nominal,False,UNSAFE,7.512273711083319,False,1.0053607107079516,0.0,1.0,213.53158877332956,monte_carlo,stage3a_mc_s13101_c05,15.024547422166638,0.0005077481151390755,0.016735891137725428,0.07508277513509952
UNSAFE,False,True,False,0.6136722926141227,4.717819466948116,1.947679394774099,False,high,False,UNSAFE,8.004947253727362,False,1.0290667054147087,0.0,1.0,213.53158877332956,monte_carlo,stage3a_mc_s13101_c05,16.009894507454725,0.0005245560451222237,0.016647347014487487,0.07426630380729148
UNSAFE,False,True,False,2.0953289893659854,3.9064801527832183,2.603528753014738,False,low,True,UNSAFE,13.083947074088583,False,0.0,0.0,1.0,159.1799201609853,monte_carlo,stage3a_mc_s13101_c06,5.593969755587552,0.019625920611132875,0.018220605283633156,0.062424051175804185
UNSAFE,False,True,False,2.0953289893659854,1.8863014183174607,2.603528753014738,False,nominal,True,UNSAFE,7.696803782179896,False,0.0,0.0,1.0,159.1799201609853,monte_carlo,stage3a_mc_s13101_c06,6.208537104132285,0.011545205673269844,0.01790188706516504,0.061665024223932836
UNSAFE,False,True,False,2.0953289893659854,1.2950241537375007,2.603528753014738,False,high,True,UNSAFE,3.213033815232501,False,0.0,0.0,1.0,159.1799201609853,monte_carlo,stage3a_mc_s13101_c06,6.426067630465002,0.004450560791962789,0.019250510452551405,0.0639620644810588
UNSAFE,False,True,False,5.572672113292431,0.0616400843068452,0.11432644800948734,False,low,False,CAUTION,1.0616400843068452,False,2.1155246185021728,0.32999999999999297,0.670000000000007,307.92319264776614,monte_carlo,stage3a_mc_s13101_c07,0.48719645539399337,4.9600656086730675e-06,0.012739681011682142,0.04377487570092342
UNSAFE,False,True,False,5.572672113292431,0.0004675993947813595,0.11432644800948734,False,nominal,False,CAUTION,1.0004675993947814,False,2.118959141689806,0.3199999999999932,0.6800000000000068,307.92319264776614,monte_carlo,stage3a_mc_s13101_c07,0.7397392395741723,1.1124756162473567e-05,0.012005611192737378,0.04055559320068012
UNSAFE,False,False,False,5.572672113292431,0.009047852200055662,0.11432644800948734,True,high,False,SAFE,0.9909521477999443,True,2.1354437795921384,0.2299999999999951,0.7700000000000049,307.92319264776614,monte_carlo,stage3a_mc_s13101_c07,0.9179188601191894,3.4313968108043894e-06,0.011891425773599333,0.04051843695212259
UNSAFE,False,True,False,33.655851737099105,0.011773876072800338,0.14914079449857046,False,low,False,UNSAFE,1.686289793454667,False,1.0028188624234482,0.0,1.0,89.78374660338335,monte_carlo,stage3a_mc_s13101_c08,1.2037414044770047,1.0830978585816855e-05,0.020235477521456005,0.04075909857468798
UNSAFE,False,True,False,33.655851737099105,0.011632407028770553,0.14914079449857046,False,nominal,False,UNSAFE,1.6860540117146177,False,0.9905077911087166,0.019999999999999574,0.9800000000000004,89.78374660338335,monte_carlo,stage3a_mc_s13101_c08,1.0510584135485432,6.001448671972455e-06,0.02023264814057541,0.04091243946630955
UNSAFE,False,True,False,33.655851737099105,0.030924196670787607,0.14914079449857046,False,high,False,UNSAFE,1.7182069944513128,False,0.9655298599470166,0.0,1.0,89.78374660338335,monte_carlo,stage3a_mc_s13101_c08,1.010248608308066,3.86577401759239e-06,0.020618483933415754,0.04088936262278943
CAUTION,False,True,False,12.042748095043216,0.14409607988777728,0.9383304837046295,False,low,False,CAUTION,1.4265065335203713,False,2.094034605477068,0.4399999999999906,0.5600000000000094,129.2472398825176,monte_carlo,stage3a_mc_s13101_c09,0.6638539720606372,1.1839877329957951e-07,0.017118078402244455,0.05687550215936613
CAUTION,False,True,False,12.042748095043216,0.17194007313812343,0.9383304837046295,False,nominal,False,CAUTION,1.3800998781031275,False,1.7502598429671115,0.4499999999999904,0.5500000000000096,129.2472398825176,monte_carlo,stage3a_mc_s13101_c09,0.7204508562899364,2.492416323039335e-07,0.01656119853723753,0.05537988182926296
CAUTION,False,True,False,12.042748095043216,0.22566273286572447,0.9383304837046295,False,high,False,CAUTION,1.2905621118904593,False,1.6922237782794696,0.17999999999999616,0.8200000000000038,129.2472398825176,monte_carlo,stage3a_mc_s13101_c09,0.9323874596665869,4.857527377855012e-07,0.015486745342685512,0.05222799176724042
SAFE,True,True,True,0.4626924248410498,0.08720321629687255,0.6183604151670168,False,low,False,SAFE,0.9127967837031274,True,0.9540424717087305,0.0,1.0,621.1564397845684,monte_carlo,stage3a_mc_s13101_c10,1.825593567406255,2.743045049359774e-06,0.005168685558057019,0.020916465897954338
SAFE,True,True,True,0.4626924248410498,0.08093886777865578,0.6183604151670168,False,nominal,False,SAFE,0.9190611322213442,True,0.9638026882401673,0.0,1.0,621.1564397845684,monte_carlo,stage3a_mc_s13101_c10,1.8381222644426884,2.707280477624719e-06,0.005188767459391791,0.020848145116533604
SAFE,True,False,True,0.4626924248410498,0.03865783649282584,0.6183604151670168,False,high,False,CAUTION,1.0386578364928258,False,0.9780709904702312,0.0,1.0,621.1564397845684,monte_carlo,stage3a_mc_s13101_c10,2.0773156729856517,1.9934447265646754e-06,0.005251556845177201,0.02044587525052754
UNSAFE,False,True,False,3.6961931044349643,2.2311632574595834,3.9094362986986955,False,low,True,UNSAFE,4.5236285604434165,False,0.2504483413928359,0.0,1.0,812.5701413195077,monte_carlo,stage3a_mc_s13101_c11,9.047257120886833,0.0026280486916353428,0.003897387777732377,0.02104497181601357
UNSAFE,False,True,False,3.6961931044349643,2.4749210283405443,3.9094362986986955,False,nominal,True,UNSAFE,4.8648894396767615,False,0.24375338703217855,0.009999999999999787,0.9900000000000002,812.5701413195077,monte_carlo,stage3a_mc_s13101_c11,9.729778879353523,0.0013542560782514703,0.003995275737598796,0.021313414337779422
UNSAFE,False,True,False,3.6961931044349643,2.365797549722972,3.9094362986986955,False,high,True,UNSAFE,4.712116569612161,False,0.32085696237925243,0.0,1.0,812.5701413195077,monte_carlo,stage3a_mc_s13101_c11,9.424233139224322,0.0007089164289354131,0.004263217709684082,0.02215495831696202
SAFE,True,True,False,28.403281732057124,0.6895230595573455,1.9785678170946233,False,low,False,SAFE,0.3104769404426545,True,0.0,1.0099999999999785,0.0,771.5634047576334,monte_carlo,stage3a_mc_s13102_c00,0.620953880885309,7.4443549235444266e-09,0.0032572757651037074,0.014342868185576757
SAFE,True,True,False,28.403281732057124,0.6650032993495267,1.9785678170946233,False,nominal,False,SAFE,0.33499670065047327,True,0.0,1.0099999999999785,0.0,771.5634047576334,monte_carlo,stage3a_mc_s13102_c00,0.6699934013009465,6.478692794821964e-09,0.002948532984339707,0.013400623806968466
SAFE,True,True,False,28.403281732057124,0.5060846619912351,1.9785678170946233,False,high,False,SAFE,0.4939153380087649,True,0.0,0.009999999999999787,0.9900000000000002,771.5634047576334,monte_carlo,stage3a_mc_s13102_c00,0.9878306760175298,2.142441229338459e-08,0.0028434762279460433,0.012765920679208098
SAFE,True,True,True,15.01559542388277,0.14129471186300324,0.6108408131030396,False,low,False,SAFE,0.8587052881369968,True,1.290954704446646,1.0099999999999785,0.0,236.93807166249576,monte_carlo,stage3a_mc_s13102_c01,0.3234786733071736,1.6124132900763522e-07,0.01030446345764396,0.03672632958769036
SAFE,True,True,True,15.01559542388277,0.20672790775499772,0.6108408131030396,False,nominal,False,SAFE,0.7932720922450023,True,1.2837603170045748,1.0099999999999785,0.0,236.93807166249576,monte_carlo,stage3a_mc_s13102_c01,0.40929391808810334,2.1165252189755e-07,0.009519265106940027,0.03364843327543266
SAFE,True,True,True,15.01559542388277,0.10733242276834631,0.6108408131030396,False,high,False,SAFE,0.8926675772316537,True,0.0,0.18999999999999595,0.810000000000004,236.93807166249576,monte_carlo,stage3a_mc_s13102_c01,0.4444972152127667,4.353613929527221e-08,0.010712010926779845,0.03515084841857958
UNSAFE,False,False,False,7.402197152779409,0.06922170868161837,0.28698260909864726,True,low,False,SAFE,0.9307782913183816,True,2.234879795633485,0.48999999999998956,0.5100000000000104,351.81425859837617,monte_carlo,stage3a_mc_s13102_c02,0.5451660996926898,3.9797482477670444e-08,0.01116933949582058,0.035648637156733456
UNSAFE,False,False,False,7.402197152779409,0.08145637616489732,0.28698260909864726,True,nominal,False,SAFE,0.9185436238351027,True,2.1955642425165727,0.47999999999998977,0.5200000000000102,351.81425859837617,monte_carlo,stage3a_mc_s13102_c02,0.5359405892051765,1.7161936038359493e-08,0.011022523486021233,0.03599880634152585
UNSAFE,False,False,False,7.402197152779409,0.10671414964532244,0.28698260909864726,True,high,False,SAFE,0.8932858503546776,True,1.749882699360945,0.049999999999998934,0.9500000000000011,351.81425859837617,monte_carlo,stage3a_mc_s13102_c02,0.9049456065621992,6.809749374214269e-08,0.010719430204256131,0.035156571148459
SAFE,True,True,False,2.1448163122994357,0.6145877221867911,0.12151377357935167,False,low,False,SAFE,0.38541227781320886,True,2.556701815231943,0.3999999999999915,0.6000000000000085,889.6389093084055,monte_carlo,stage3a_mc_s13102_c03,0.7708245556264177,4.369745720351982e-06,0.00388825780035973,0.015550405145815965
SAFE,True,True,False,2.1448163122994357,0.5401343839338874,0.12151377357935167,False,nominal,False,SAFE,0.45986561606611265,True,2.4422304636769088,0.3199999999999932,0.6800000000000068,889.6389093084055,monte_carlo,stage3a_mc_s13102_c03,0.9197312321322253,2.2207200556145412e-06,0.0038349522055823506,0.015357985686556653
SAFE,True,True,False,2.1448163122994357,0.4073601518422363,0.12151377357935167,False,high,False,SAFE,0.5926398481577637,True,0.0,0.24999999999999467,0.7500000000000053,889.6389093084055,monte_carlo,stage3a_mc_s13102_c03,1.1852796963155274,1.6961254617448968e-07,0.004385480241937267,0.016305420290656826
SAFE,True,True,False,0.48545381432446805,0.5527602609667648,0.1796630037148226,False,low,False,SAFE,0.44723973903323516,True,2.0525196552436995,0.2899999999999938,0.7100000000000062,2165.07766161606,monte_carlo,stage3a_mc_s13102_c04,0.8944794780664703,2.2472938086918863e-07,0.001655364889794124,0.006920902277717858
SAFE,True,True,False,0.48545381432446805,0.456449564418162,0.1796630037148226,False,nominal,False,SAFE,0.543550435581838,True,0.0,0.049999999999998934,0.9500000000000011,2165.07766161606,monte_carlo,stage3a_mc_s13102_c04,1.087100871163676,3.028199965458276e-07,0.0016383896153437654,0.007052545712700667
SAFE,True,True,False,0.48545381432446805,0.33888290321025605,0.1796630037148226,False,high,False,SAFE,0.661117096789744,True,0.0,0.009999999999999787,0.9900000000000002,2165.07766161606,monte_carlo,stage3a_mc_s13102_c04,1.322234193579488,1.05498205673823e-07,0.0015825527080989823,0.006899848604740463
UNSAFE,False,True,False,2.834692473109317,0.12924793799430923,1.2455022154304596,False,low,True,UNSAFE,2.915648989397172,False,0.0,0.0,1.0,92.16691538011409,monte_carlo,stage3a_mc_s13102_c05,1.6718962421285406,0.004373473484095758,0.022584958759886184,0.07698270025506458
UNSAFE,False,True,False,2.834692473109317,0.12571209811655493,1.2455022154304596,False,nominal,True,UNSAFE,1.8761868301942581,False,0.0,0.0,1.0,92.16691538011409,monte_carlo,stage3a_mc_s13102_c05,1.9933871483443864,0.0023870122430309105,0.022514241962331098,0.07595788106851242
UNSAFE,False,True,False,2.834692473109317,0.13978505662316731,1.2455022154304596,False,high,True,UNSAFE,1.8996417610386123,False,0.0,0.0,1.0,92.16691538011409,monte_carlo,stage3a_mc_s13102_c05,2.1791715005962122,0.0026512941747190094,0.022795701132463347,0.0746562564490926
SAFE,True,True,False,24.510877766856417,0.21513826462368446,3.328606609887537,False,low,False,SAFE,0.7848617353763155,True,0.0,1.0099999999999785,0.0,1309.544750808642,monte_carlo,stage3a_mc_s13102_c06,1.569723470752631,5.453493998875993e-07,0.0019181958600864486,0.009533729760144287
SAFE,True,True,False,24.510877766856417,0.023038409092175804,3.328606609887537,False,nominal,False,SAFE,0.9769615909078242,True,1.4698524787919756,1.0099999999999785,0.0,1309.544750808642,monte_carlo,stage3a_mc_s13102_c06,1.9539231818156484,2.07948274871825e-06,0.0017621043164170397,0.008761532209485483
SAFE,True,True,False,24.510877766856417,0.08297403520190738,3.328606609887537,False,high,False,SAFE,0.9170259647980926,True,0.0,0.06999999999999851,0.9300000000000015,1309.544750808642,monte_carlo,stage3a_mc_s13102_c06,1.8340519295961852,8.568930093122752e-07,0.0016735095364445417,0.008535551909405598
UNSAFE,False,True,False,0.7629105188698663,0.5384811008899064,0.22715647891930704,False,low,False,UNSAFE,2.564135168149844,False,0.9320873199936912,0.0,1.0,106.98771579699479,monte_carlo,stage3a_mc_s13102_c07,2.1401316124924423,0.00013318996489907598,0.03076962201779813,0.11287976940909066
UNSAFE,False,True,False,0.7629105188698663,0.5114862802537621,0.22715647891930704,False,nominal,False,UNSAFE,2.519143800422937,False,0.9174756244870876,0.0,1.0,106.98771579699479,monte_carlo,stage3a_mc_s13102_c07,2.1905168778249604,6.694138859668828e-05,0.030229725605075242,0.11117922333730637
UNSAFE,False,True,False,0.7629105188698663,0.5350147423562848,0.22715647891930704,False,high,False,UNSAFE,2.558357903927141,False,0.9652651065087497,0.0,1.0,106.98771579699479,monte_carlo,stage3a_mc_s13102_c07,2.4981266211470947,0.00010283658439521205,0.030700294847125695,0.11295947623235773
UNSAFE,False,True,False,0.39341777075298867,3.402890850394682,5.91399345285599,False,low,True,UNSAFE,11.741042267719152,False,0.0,0.0,1.0,153.8787963054813,monte_carlo,stage3a_mc_s13102_c08,5.195061899655143,0.01761156340157873,0.020049937220566732,0.05215170302191792
UNSAFE,False,True,False,0.39341777075298867,4.591026895512737,5.91399345285599,False,nominal,True,UNSAFE,14.909405054700633,False,0.0,0.0,1.0,153.8787963054813,monte_carlo,stage3a_mc_s13102_c08,5.77053402020922,0.02236410758205095,0.017612712949850135,0.04755054175948355
UNSAFE,False,True,False,0.39341777075298867,3.028016868495393,5.91399345285599,False,high,True,UNSAFE,10.741378315987715,False,0.0,0.0,1.0,153.8787963054813,monte_carlo,stage3a_mc_s13102_c08,6.1098758594002724,0.016112067473981573,0.019270788615766563,0.05030633592301252
SAFE,True,False,False,1.558572921744231,0.011537108949621011,2.7009484040087766,False,low,False,CAUTION,1.011537108949621,False,0.8473569039020387,0.0,1.0,1437.6412189989937,monte_carlo,stage3a_mc_s13102_c09,2.023074217899242,3.2967944167562784e-06,0.0016919080188069794,0.007879815798598562
SAFE,True,False,False,1.558572921744231,0.12854609202047929,2.7009484040087766,False,nominal,False,CAUTION,1.1285460920204793,False,0.8311329193898966,0.0,1.0,1437.6412189989937,monte_carlo,stage3a_mc_s13102_c09,2.2570921840409586,2.2224229477566656e-06,0.001704043177267079,0.007757883253930017
SAFE,True,False,False,1.558572921744231,0.10245603325653896,2.7009484040087766,False,high,False,CAUTION,1.102456033256539,False,0.7130026447527491,0.019999999999999574,0.9800000000000004,1437.6412189989937,monte_carlo,stage3a_mc_s13102_c09,2.204912066513078,1.5552335821024685e-06,0.0017333683978612202,0.00808251476773259
UNSAFE,False,False,True,5.707656307712101,0.3040675637547746,0.4397782136490133,True,low,False,SAFE,0.6959324362452254,True,1.8908185733360001,0.3099999999999934,0.6900000000000066,440.71047489648305,monte_carlo,stage3a_mc_s13102_c10,0.9848047853006757,1.079141036352604e-07,0.008351189234942704,0.028409911885670092
UNSAFE,False,False,True,5.707656307712101,0.306507536829428,0.4397782136490133,True,nominal,False,SAFE,0.693492463170572,True,1.9168860142118134,0.3099999999999934,0.6900000000000066,440.71047489648305,monte_carlo,stage3a_mc_s13102_c10,0.9590167724949504,6.522180511519315e-08,0.008321909558046865,0.028226587614932484
UNSAFE,False,False,True,5.707656307712101,0.325563456959731,0.4397782136490133,True,high,False,SAFE,0.674436543040269,True,1.7354936281554978,0.03999999999999915,0.9600000000000009,440.71047489648305,monte_carlo,stage3a_mc_s13102_c10,1.1525719116502073,4.348518947998798e-08,0.008093238516483229,0.02844010303051066
SAFE,True,True,False,49.61965237407105,0.2319192152357158,1.0871547327398607,False,low,False,SAFE,0.7680807847642842,True,1.599272367702003,1.0099999999999785,0.0,260.8983730882121,monte_carlo,stage3a_mc_s13102_c11,1.027517884731018,1.0827653044733591e-07,0.00921696941717141,0.024470359383776202
SAFE,True,True,False,49.61965237407105,0.24347870947671346,1.0871547327398607,False,nominal,False,SAFE,0.7565212905232865,True,1.5203589026523865,1.0099999999999785,0.0,260.8983730882121,monte_carlo,stage3a_mc_s13102_c11,1.2304287101141083,1.0573270568570659e-07,0.009078255486279439,0.024349024377342654
SAFE,True,True,False,49.61965237407105,0.20202835658000506,1.0871547327398607,False,high,False,SAFE,0.7979716434199949,True,1.1806670704805997,0.19999999999999574,0.8000000000000043,260.8983730882121,monte_carlo,stage3a_mc_s13102_c11,1.4192409922766691,3.947131161465175e-08,0.00957565972103994,0.025649061073339696
SAFE,True,True,False,52.07728671430612,0.7411371108561517,1.7139853767547584,False,low,False,SAFE,0.2588628891438483,True,0.0,1.0099999999999785,0.0,1768.8151932592764,monte_carlo,stage3a_mc_s13103_c00,0.5177257782876966,1.4472744201122457e-07,0.0013010279914913775,0.005847779600442317
SAFE,True,True,False,52.07728671430612,0.6686917137598498,1.7139853767547584,False,nominal,False,SAFE,0.33130828624015013,True,0.0,1.0099999999999785,0.0,1768.8151932592764,monte_carlo,stage3a_mc_s13103_c00,0.6626165724803003,9.610152893516905e-08,0.0013043156487249836,0.005799683190398396
SAFE,True,True,False,52.07728671430612,0.33240054144947284,1.7139853767547584,False,high,False,SAFE,0.6675994585505272,True,0.0,0.12999999999999723,0.8700000000000028,1768.8151932592764,monte_carlo,stage3a_mc_s13103_c00,1.3351989171010543,9.228257729514493e-08,0.001426234744862408,0.006322259380120337
UNSAFE,False,True,False,5.071916540929094,0.06926912304584198,0.8422280027506313,False,low,False,UNSAFE,1.4969767722641787,False,0.5010824788464355,0.019999999999999574,0.9800000000000004,197.096038991539,monte_carlo,stage3a_mc_s13103_c01,2.9939535445283574,0.0001289171371312106,0.01226182746314634,0.051973220471846236
UNSAFE,False,True,False,5.071916540929094,0.06969600387384633,0.8422280027506313,False,nominal,False,UNSAFE,1.4975744054233848,False,0.4965494922472025,0.019999999999999574,0.9800000000000004,197.096038991539,monte_carlo,stage3a_mc_s13103_c01,2.9951488108467696,9.159296064153558e-05,0.012184810910357669,0.05159544594108162
UNSAFE,False,True,False,5.071916540929094,0.04752854040229648,0.8422280027506313,False,high,False,UNSAFE,1.466539956563215,False,0.4546181272385954,0.019999999999999574,0.9800000000000004,197.096038991539,monte_carlo,stage3a_mc_s13103_c01,2.93307991312643,7.492191879150529e-05,0.011778486365864036,0.05030020119498621
SAFE,True,False,False,0.518844372267057,1.0,0.14571625329012663,False,low,True,CAUTION,0.7190948213328889,False,0.0,0.0,1.0,629.7545833487857,monte_carlo,stage3a_mc_s13103_c02,1.4381896426657779,5.2916970017903505e-06,0.007097303057560254,0.025564299048246475
SAFE,True,False,False,0.518844372267057,1.0,0.14571625329012663,False,nominal,True,CAUTION,0.7198139270191233,False,0.0,0.0,1.0,629.7545833487857,monte_carlo,stage3a_mc_s13103_c02,1.4396278540382466,4.3444154230106404e-06,0.006982113730600781,0.025134896575352523
SAFE,True,True,False,0.518844372267057,0.2566189104387866,0.14571625329012663,False,high,False,SAFE,0.7433810895612134,True,2.221809548415156,0.0,1.0,629.7545833487857,monte_carlo,stage3a_mc_s13103_c02,1.4867621791224268,2.474133944018664e-06,0.006601032455094051,0.02497456122726875
UNSAFE,False,True,False,7.098658650783292,0.06633600333161072,0.31670953656473533,False,low,False,UNSAFE,1.777226672219351,False,1.908123579104522,0.25999999999999446,0.7400000000000055,103.02214168406906,monte_carlo,stage3a_mc_s13103_c03,0.3741985871397989,2.283450390108734e-06,0.021326720066632214,0.07357556748006353
UNSAFE,False,True,False,7.098658650783292,0.05574706988386757,0.31670953656473533,False,nominal,False,UNSAFE,1.759578449806446,False,1.8828588645772868,0.2199999999999953,0.7800000000000047,103.02214168406906,monte_carlo,stage3a_mc_s13103_c03,0.4219794470319571,1.9187779299789757e-06,0.02111494139767735,0.07187572416475237
UNSAFE,False,True,False,7.098658650783292,0.02273451276840066,0.31670953656473533,False,high,False,UNSAFE,1.7045575212806676,False,0.6679162527629543,0.02999999999999936,0.9700000000000006,103.02214168406906,monte_carlo,stage3a_mc_s13103_c03,0.7422879824497559,3.677216621230033e-06,0.020454690255368013,0.07045985227306199
SAFE,True,True,False,24.20677583746409,0.5426868461653602,1.1785684733045445,False,low,False,SAFE,0.45731315383463983,True,1.4586353893018884,1.0099999999999785,0.0,464.4588217020499,monte_carlo,stage3a_mc_s13103_c04,0.6608028233045873,4.2880186672981094e-08,0.005487757846015678,0.020956869626489374
SAFE,True,True,False,24.20677583746409,0.5761147938723367,1.1785684733045445,False,nominal,False,SAFE,0.42388520612766334,True,1.412726973769311,1.0099999999999785,0.0,464.4588217020499,monte_carlo,stage3a_mc_s13103_c04,0.655560863359602,4.333162661454257e-08,0.00508662247353196,0.019530622994899917
SAFE,True,True,False,24.20677583746409,0.482413114159592,1.1785684733045445,False,high,False,SAFE,0.517586885840408,True,1.0602650488834513,0.02999999999999936,0.9700000000000006,464.4588217020499,monte_carlo,stage3a_mc_s13103_c04,1.035173771680816,1.6749707568778608e-07,0.004756309486993084,0.018452490865784352
SAFE,True,False,False,2.2972925105349287,1.0,0.5353491952016384,False,low,True,CAUTION,0.6506640520099694,False,0.0,0.009999999999999787,0.9900000000000002,821.183920122339,monte_carlo,stage3a_mc_s13103_c05,1.3013281040199387,3.1051784482922616e-06,0.0038605427255918746,0.01492143741109487
SAFE,True,False,False,2.2972925105349287,1.0,0.5353491952016384,False,nominal,True,CAUTION,0.6782016826395408,False,0.0,0.019999999999999574,0.9800000000000004,821.183920122339,monte_carlo,stage3a_mc_s13103_c05,1.3564033652790817,2.8787988605115604e-06,0.003900273016714315,0.015097718237483711
SAFE,True,True,False,2.2972925105349287,0.3009001187295147,0.5353491952016384,False,high,False,SAFE,0.6990998812704853,True,1.8975568251667425,0.0,1.0,821.183920122339,monte_carlo,stage3a_mc_s13103_c05,1.3981997625409706,3.3288633911974594e-06,0.0038195739387896013,0.01461319591164922
CAUTION,False,True,True,15.878730428943005,0.686881073172577,5.814249419497818,False,low,False,UNSAFE,2.3616335024416077,False,0.218508849732983,1.0099999999999785,0.0,300.66987382497445,monte_carlo,stage3a_mc_s13103_c06,4.7232670048832155,0.0013434290961675014,0.008755816987189738,0.02983494636309084
CAUTION,False,True,True,15.878730428943005,0.5127775054678034,5.814249419497818,False,nominal,False,UNSAFE,2.1178885076549245,False,0.2619892269995394,1.0099999999999785,0.0,300.66987382497445,monte_carlo,stage3a_mc_s13103_c06,4.235777015309849,0.0003919592311691618,0.00922867541052847,0.030049306236931774
CAUTION,False,True,True,15.878730428943005,0.7781067657469973,5.814249419497818,False,high,False,UNSAFE,2.489349472045796,False,0.08521799007468621,0.25999999999999446,0.7400000000000055,300.66987382497445,monte_carlo,stage3a_mc_s13103_c06,4.978698944091592,0.00047743263519084243,0.008246474305158225,0.0272419640459146
UNSAFE,False,True,False,0.37553197621867557,0.3300251533535472,0.11574184762667435,False,low,False,UNSAFE,2.2167085889225784,False,0.9059895282707396,0.0,1.0,178.19905079960282,monte_carlo,stage3a_mc_s13103_c07,2.091769944677492,2.134511307040472e-05,0.026600503067070944,0.08266789875956453
UNSAFE,False,True,False,0.37553197621867557,0.31421072950751494,0.11574184762667435,False,nominal,False,UNSAFE,2.1903512158458582,False,0.9086109705693775,0.0,1.0,178.19905079960282,monte_carlo,stage3a_mc_s13103_c07,2.0569621167519077,1.3855347145530868e-05,0.0262842145901503,0.08149577436023855
UNSAFE,False,True,False,0.37553197621867557,0.3131004269903559,0.11574184762667435,False,high,False,UNSAFE,2.188500711650593,False,0.9249586780350226,0.0,1.0,178.19905079960282,monte_carlo,stage3a_mc_s13103_c07,2.130398458838625,1.2769127088824777e-05,0.02626200853980712,0.08023906327551421
SAFE,True,False,True,0.7544200176048252,1.7872449556454915,2.944692382924946,False,low,True,UNSAFE,3.902142937903688,False,0.0,0.0,1.0,1220.0610120542215,monte_carlo,stage3a_mc_s13103_c08,7.804285875807376,9.950442972556037e-05,0.0029850170056855588,0.014837838532833244
SAFE,True,False,True,0.7544200176048252,2.112657922390601,2.944692382924946,False,nominal,True,UNSAFE,4.357721091346841,False,0.0,0.0,1.0,1220.0610120542215,monte_carlo,stage3a_mc_s13103_c08,8.715442182693682,5.0983093062359423e-05,0.0030749832491482115,0.014965701060248138
SAFE,True,False,True,0.7544200176048252,1.7590895277603953,2.944692382924946,False,high,True,UNSAFE,3.862725338864553,False,0.0,0.009999999999999787,0.9900000000000002,1220.0610120542215,monte_carlo,stage3a_mc_s13103_c08,7.725450677729106,4.5959257074130434e-05,0.0030402481315745023,0.014386299636570406
UNSAFE,False,True,False,1.1581569616169434,0.3577364471945277,0.58197406092268,False,low,True,UNSAFE,2.2628940786575464,False,0.0,0.0,1.0,75.71685926409921,monte_carlo,stage3a_mc_s13103_c09,2.7566362874170545,0.0013883864046842379,0.027154728943890555,0.11734364333231627
UNSAFE,False,True,False,1.1581569616169434,0.3376747302658729,0.58197406092268,False,nominal,True,UNSAFE,2.2294578837764547,False,0.0,0.0,1.0,75.71685926409921,monte_carlo,stage3a_mc_s13103_c09,3.0502399826117106,0.0009358486165664238,0.02675349460531746,0.11627084530390029
UNSAFE,False,True,False,1.1581569616169434,0.3090938202637994,0.58197406092268,False,high,True,UNSAFE,2.1818230337729987,False,0.0,0.0,1.0,75.71685926409921,monte_carlo,stage3a_mc_s13103_c09,3.0254265893232453,0.0005631573601978755,0.026181876405275986,0.11543639107409073
UNSAFE,False,False,False,3.2033496636272556,0.1990503506834974,0.2561325820209791,True,low,False,SAFE,0.8009496493165026,True,1.9430141241276149,0.049999999999998934,0.9500000000000011,426.06861532834716,monte_carlo,stage3a_mc_s13103_c10,0.8447425546851456,0.00013555077030114258,0.009611395791798032,0.033534730693316424
UNSAFE,False,False,False,3.2033496636272556,0.2010639197296339,0.2561325820209791,True,nominal,False,SAFE,0.7989360802703661,True,1.915494771335725,0.02999999999999936,0.9700000000000006,426.06861532834716,monte_carlo,stage3a_mc_s13103_c10,0.9125807727168302,9.906873151471566e-05,0.009587232963244393,0.03327979014416442
UNSAFE,False,False,False,3.2033496636272556,0.2641915265570125,0.2561325820209791,True,high,False,SAFE,0.7358084734429875,True,1.9514564272964305,0.02999999999999936,0.9700000000000006,426.06861532834716,monte_carlo,stage3a_mc_s13103_c10,1.3746557181675296,4.571264356930122e-05,0.00882970168131585,0.03090893693564399
SAFE,True,True,False,30.046951207021017,0.6528595358477486,3.377120871997044,False,low,False,SAFE,0.3471404641522514,True,0.0,1.0099999999999785,0.0,1960.299556594932,monte_carlo,stage3a_mc_s13103_c11,0.6942809283045028,3.3386031575510763e-06,0.0010498558821376892,0.005215815193420647
SAFE,True,True,False,30.046951207021017,0.4097401282860159,3.377120871997044,False,nominal,False,SAFE,0.5902598717139841,True,0.0,1.0099999999999785,0.0,1960.299556594932,monte_carlo,stage3a_mc_s13103_c11,1.1805197434279682,2.6314484183616996e-06,0.0009680417371147241,0.005072546010535884
SAFE,True,True,False,30.046951207021017,0.3487605343887119,3.377120871997044,False,high,False,SAFE,0.6512394656112881,True,0.0,0.17999999999999616,0.8200000000000038,1960.299556594932,monte_carlo,stage3a_mc_s13103_c11,1.3024789312225762,2.6120342575624655e-07,0.0010822499685734773,0.005343768988812533
UNSAFE,False,True,False,3.6855065972445327,0.09003602785100928,0.1390249429097295,False,low,False,UNSAFE,1.8167267130850155,False,0.0,1.0099999999999785,0.0,190.74200717822856,monte_carlo,stage3a_mc_s13104_c00,0.2386037319636922,1.5190270571598721e-05,0.021800720557020186,0.06682925595525793
UNSAFE,False,True,False,3.6855065972445327,0.0794839478696141,0.1390249429097295,False,nominal,False,UNSAFE,1.7991399131160237,False,0.0,1.0099999999999785,0.0,190.74200717822856,monte_carlo,stage3a_mc_s13104_c00,0.37937775362151893,2.227927481722144e-06,0.021589678957392285,0.06513246518733887
UNSAFE,False,True,False,3.6855065972445327,0.09136559534532429,0.1390249429097295,False,high,False,UNSAFE,1.8189426589088737,False,0.0,0.009999999999999787,0.9900000000000002,190.74200717822856,monte_carlo,stage3a_mc_s13104_c00,0.665394950585652,4.482351004167559e-06,0.021827311906906486,0.06476315823720656
UNSAFE,False,True,False,2.43387139016936,409.37575165181113,4.694347375363188,False,low,True,UNSAFE,1094.335337738163,False,0.0,0.0,1.0,107.90098276218473,monte_carlo,stage3a_mc_s13104_c01,7.859590961226416,1.6415030066072445,0.023796776898858212,0.06251976549155046
UNSAFE,False,True,False,2.43387139016936,325.5994224946748,4.694347375363188,False,nominal,True,UNSAFE,870.9317933191329,False,0.0,0.0,1.0,107.90098276218473,monte_carlo,stage3a_mc_s13104_c01,8.12977029683012,1.3063976899786993,0.024039747092547973,0.062415739656637
UNSAFE,False,True,False,2.43387139016936,372.83296933068135,4.694347375363188,False,high,True,UNSAFE,996.8879182151502,False,0.0,0.0,1.0,107.90098276218473,monte_carlo,stage3a_mc_s13104_c01,7.996886739294594,1.4953318773227253,0.02218474667323489,0.05963191621621362
UNSAFE,False,True,False,0.8891085707137775,5.41252316253037,3.7859313033385638,False,low,True,UNSAFE,8.977532427542517,False,0.0,0.0,1.0,490.760591817976,monte_carlo,stage3a_mc_s13104_c02,17.955064855085034,0.00032183600150049026,0.00911831710681286,0.041635355345354445
UNSAFE,False,True,False,0.8891085707137775,5.48946236553355,3.7859313033385638,False,nominal,True,UNSAFE,9.085247311746969,False,0.0,0.0,1.0,490.760591817976,monte_carlo,stage3a_mc_s13104_c02,18.170494623493937,0.00026467675984282563,0.00882496994568038,0.04050685659758753
UNSAFE,False,True,False,0.8891085707137775,5.586243598823167,3.7859313033385638,False,high,True,UNSAFE,9.220741038352433,False,0.0,0.0,1.0,490.760591817976,monte_carlo,stage3a_mc_s13104_c02,18.441482076704865,0.00011051387913791594,0.00918921840462991,0.04144718368280299
SAFE,True,False,False,1.2903111137732795,1.0,0.2808916267111423,False,low,True,CAUTION,0.49297128517874544,False,0.0,0.03999999999999915,0.9600000000000009,1269.944154800435,monte_carlo,stage3a_mc_s13104_c03,0.9859425703574909,1.9415446052927175e-06,0.002735074361252424,0.01061565941298162
SAFE,True,True,False,1.2903111137732795,0.5288156436003706,0.2808916267111423,False,nominal,False,SAFE,0.47118435639962936,True,1.9740227562227393,0.03999999999999915,0.9600000000000009,1269.944154800435,monte_carlo,stage3a_mc_s13104_c03,0.9423687127992587,1.1952437964965843e-06,0.00274645874342708,0.010630611054567592
SAFE,True,True,False,1.2903111137732795,0.38956594326988325,0.2808916267111423,False,high,False,SAFE,0.6104340567301167,True,0.0,0.03999999999999915,0.9600000000000009,1269.944154800435,monte_carlo,stage3a_mc_s13104_c03,1.2208681134602335,9.156097172869053e-07,0.0026858388286032714,0.010529448955891
SAFE,True,True,False,14.656727028578043,0.5503529514800237,1.90040832396658,False,low,False,SAFE,0.4496470485199763,True,1.3446895462957162,0.9699999999999793,0.030000000000020677,1398.6290804368118,monte_carlo,stage3a_mc_s13104_c04,0.8992940970399526,8.309228889146332e-08,0.001902414770960894,0.007896833651440555
SAFE,True,True,False,14.656727028578043,0.581566005891198,1.90040832396658,False,nominal,False,SAFE,0.418433994108802,True,1.4205355778940927,0.9799999999999791,0.02000000000002089,1398.6290804368118,monte_carlo,stage3a_mc_s13104_c04,0.836867988217604,3.559020780381847e-08,0.001920823630213132,0.007924361316614047
SAFE,True,True,False,14.656727028578043,0.5474417059556018,1.90040832396658,False,high,False,SAFE,0.45255829404439823,True,0.0,0.16999999999999638,0.8300000000000036,1398.6290804368118,monte_carlo,stage3a_mc_s13104_c04,0.9051165880887965,1.6366662148569068e-08,0.001745186228603156,0.007705509681872676
SAFE,True,True,False,7.328165008402641,0.6433731924234533,0.19736597003587825,False,low,False,SAFE,0.35662680757654674,True,0.0,0.8199999999999825,0.18000000000001748,2450.452634989969,monte_carlo,stage3a_mc_s13104_c05,0.7132536151530935,6.175621103247927e-09,0.0013108498472097136,0.0053462913192057725
SAFE,True,True,False,7.328165008402641,0.718051499844418,0.19736597003587825,False,nominal,False,SAFE,0.28194850015558204,True,0.0,0.8199999999999825,0.18000000000001748,2450.452634989969,monte_carlo,stage3a_mc_s13104_c05,0.5638970003111641,1.2544134610201444e-09,0.001292666307800758,0.005447035626194186
SAFE,True,True,False,7.328165008402641,0.5076540122970234,0.19736597003587825,False,high,False,SAFE,0.4923459877029766,True,0.0,0.09999999999999787,0.9000000000000021,2450.452634989969,monte_carlo,stage3a_mc_s13104_c05,0.9846919754059532,8.311656303981407e-09,0.0012679094971077608,0.005450587714473184
SAFE,True,True,False,28.78538733170663,0.3376448619108895,0.22572354419686882,False,low,False,SAFE,0.6623551380891105,True,1.422261030107811,1.0099999999999785,0.0,394.87683410136725,monte_carlo,stage3a_mc_s13104_c06,0.1975523840608116,1.0427535760669774e-08,0.007948261657069326,0.024615367444793756
SAFE,True,True,False,28.78538733170663,0.3872448195605578,0.22572354419686882,False,nominal,False,SAFE,0.6127551804394422,True,1.5249680414377076,1.0099999999999785,0.0,394.87683410136725,monte_carlo,stage3a_mc_s13104_c06,0.38994876759769426,3.01198109670395e-08,0.007353062165273307,0.022725088093271357
SAFE,True,True,False,28.78538733170663,0.3762776823339101,0.22572354419686882,False,high,False,SAFE,0.6237223176660899,True,0.0,0.06999999999999851,0.9300000000000015,394.87683410136725,monte_carlo,stage3a_mc_s13104_c06,0.5716463248923538,1.3315041565567155e-08,0.007484667811993079,0.02257668259296666
UNSAFE,False,True,True,0.4916614237353107,0.5491999479470608,1.4256931512473818,False,low,False,UNSAFE,2.168879927125885,False,0.5862751330599922,0.0,1.0,721.2283064908164,monte_carlo,stage3a_mc_s13104_c07,4.33775985425177,0.0004900786837921318,0.0037091557004362364,0.018069103919941005
UNSAFE,False,True,True,0.4916614237353107,0.6237776156787918,1.4256931512473818,False,nominal,False,UNSAFE,2.2732886619503083,False,0.5933214854794824,0.0,1.0,721.2283064908164,monte_carlo,stage3a_mc_s13104_c07,4.546577323900617,0.0002299392941721928,0.003744569911185454,0.01787229622936959
UNSAFE,False,True,True,0.4916614237353107,0.4700823012238262,1.4256931512473818,False,high,False,UNSAFE,2.0581152217133565,False,0.6222771820860573,0.0,1.0,721.2283064908164,monte_carlo,stage3a_mc_s13104_c07,4.116230443426713,6.549206924181958e-05,0.0038424344443690347,0.018207873017040743
UNSAFE,False,True,False,40.38651936128026,0.05265227019141627,0.5210827469513781,False,low,False,UNSAFE,1.7544204503190273,False,0.8660482000875319,0.0,1.0,85.4841939402501,monte_carlo,stage3a_mc_s13104_c08,1.4608900990411575,6.969512241889801e-06,0.021053045403828328,0.03844102862126136
UNSAFE,False,True,False,40.38651936128026,0.040587816804457,0.5210827469513781,False,nominal,False,CAUTION,1.5990203053259051,False,0.8749805219221838,0.0,1.0,85.4841939402501,monte_carlo,stage3a_mc_s13104_c08,1.9522106965362636,1.0805362205072146e-05,0.01918824366391086,0.03728814567114529
UNSAFE,False,True,False,40.38651936128026,0.023771323690559676,0.5210827469513781,False,high,False,CAUTION,1.6270477938490673,False,0.9201603369144256,0.0,1.0,85.4841939402501,monte_carlo,stage3a_mc_s13104_c08,1.8032639268951833,5.474138446933785e-06,0.019524573526188808,0.038271320191171236
SAFE,True,True,False,0.3756535226649976,0.18448730238699684,0.8109696685239792,False,low,False,SAFE,0.8155126976130032,True,1.520376282010601,0.08999999999999808,0.9100000000000019,802.5396632302164,monte_carlo,stage3a_mc_s13104_c09,1.6310253952260063,5.332531353628152e-07,0.003984325328074335,0.016405953997422455
SAFE,True,True,False,0.3756535226649976,0.11291632520537598,0.8109696685239792,False,nominal,False,SAFE,0.887083674794624,True,1.5053501675919847,0.05999999999999872,0.9400000000000013,802.5396632302164,monte_carlo,stage3a_mc_s13104_c09,1.774167349589248,6.977594121518406e-07,0.003988109991069004,0.016200457439103207
SAFE,True,True,False,0.3756535226649976,0.1505457710501772,0.8109696685239792,False,high,False,SAFE,0.8494542289498228,True,1.4887947563980624,0.019999999999999574,0.9800000000000004,802.5396632302164,monte_carlo,stage3a_mc_s13104_c09,1.6989084578996456,3.449971815925628e-07,0.004027534946592199,0.01641232425647976
UNSAFE,False,True,False,6.177942642261145,1.1531439417671425,2.7250001945714266,False,low,False,UNSAFE,3.0144015184739996,False,1.3844232020597795,0.25999999999999446,0.7400000000000055,322.1606162298066,monte_carlo,stage3a_mc_s13104_c10,6.028803036947999,3.2680413217411947e-06,0.011439790821590681,0.0475170787164942
UNSAFE,False,True,False,6.177942642261145,1.5227194242122488,2.7250001945714266,False,nominal,False,UNSAFE,3.531807193897148,False,1.364555088739219,0.24999999999999467,0.7500000000000053,322.1606162298066,monte_carlo,stage3a_mc_s13104_c10,7.063614387794296,4.680421490887308e-06,0.010926654783071931,0.04559263127597416
UNSAFE,False,True,False,6.177942642261145,1.446076632751304,2.7250001945714266,False,high,False,UNSAFE,3.4245072858518255,False,1.396321691738408,0.019999999999999574,0.9800000000000004,322.1606162298066,monte_carlo,stage3a_mc_s13104_c10,6.849014571703651,1.3089602427765465e-06,0.011396313114608977,0.046868787859408914
CAUTION,False,True,True,17.466082660361206,0.11037611571299033,0.708542646602241,False,low,False,CAUTION,1.1103761157129903,False,1.5571748813289106,0.5999999999999872,0.4000000000000128,170.21630295547868,monte_carlo,stage3a_mc_s13104_c11,0.4885238778236514,1.9899758887845684e-07,0.013324513388555883,0.04189893294868225
CAUTION,False,True,True,17.466082660361206,0.12667835938356076,0.708542646602241,False,nominal,False,CAUTION,1.1266783593835608,False,1.554890342576734,0.609999999999987,0.390000000000013,170.21630295547868,monte_carlo,stage3a_mc_s13104_c11,0.331806019548198,7.085047630718024e-08,0.013520140312602728,0.04234139577133052
CAUTION,False,True,True,17.466082660361206,0.09145735780162711,0.708542646602241,False,high,False,CAUTION,1.0914573578016271,False,1.5182917121319872,0.019999999999999574,0.9800000000000004,170.21630295547868,monte_carlo,stage3a_mc_s13104_c11,0.5759599644463652,5.694507158396607e-08,0.013097488293619525,0.04171945331348388
SAFE,True,True,False,3.2740277174253416,0.5709670517506977,0.13067045490459128,False,low,False,SAFE,0.4290329482493023,True,2.5281323068861834,0.41999999999999105,0.580000000000009,778.3704983882568,monte_carlo,stage3a_mc_s13105_c00,0.8580658964986047,4.335879389026764e-06,0.004604724427284944,0.018069813116497753
SAFE,True,True,False,3.2740277174253416,0.5744701966200245,0.13067045490459128,False,nominal,False,SAFE,0.42552980337997554,True,0.0,0.41999999999999105,0.580000000000009,778.3704983882568,monte_carlo,stage3a_mc_s13105_c00,0.8226255278407214,4.503496439187353e-07,0.005106357640559707,0.018482331678677244
SAFE,True,True,False,3.2740277174253416,0.42055132044072874,0.13067045490459128,False,high,False,SAFE,0.5794486795592713,True,0.0,0.17999999999999616,0.8200000000000038,778.3704983882568,monte_carlo,stage3a_mc_s13105_c00,1.1588973591185425,6.225652459741697e-07,0.00497213619281379,0.018046910079562117
UNSAFE,False,False,False,10.568506367592818,0.135697446593657,1.1266242866512868,True,low,False,SAFE,0.864302553406343,True,2.2232469638719823,1.0099999999999785,0.0,283.7695516658503,monte_carlo,stage3a_mc_s13105_c01,0.8971158834431143,3.507981489986489e-08,0.010371630640876116,0.03948356129944598
UNSAFE,False,False,False,10.568506367592818,0.055452191881225854,1.1266242866512868,True,nominal,False,SAFE,0.9445478081187741,True,0.0,1.0099999999999785,0.0,283.7695516658503,monte_carlo,stage3a_mc_s13105_c01,0.890295925278022,1.551875901100549e-08,0.01133457369742529,0.04017645477740747
UNSAFE,False,False,False,10.568506367592818,0.1896006232912315,1.1266242866512868,True,high,False,SAFE,0.8103993767087685,True,0.0,0.4399999999999906,0.5600000000000094,283.7695516658503,monte_carlo,stage3a_mc_s13105_c01,1.2871996532820635,9.634634931496235e-08,0.009724792520505222,0.037027555908486234
UNSAFE,False,True,False,1.3000984491138736,2.970071553660378,2.9873021817573275,False,low,False,UNSAFE,5.558100175124529,False,0.6248390117280982,0.0,1.0,228.03800534892153,monte_carlo,stage3a_mc_s13105_c02,11.116200350249057,0.0061145199666800985,0.016264314648011084,0.06564921370894604
UNSAFE,False,True,False,1.3000984491138736,3.110707391534574,2.9873021817573275,False,nominal,False,UNSAFE,5.754990348148404,False,0.6454963179670649,0.0,1.0,228.03800534892153,monte_carlo,stage3a_mc_s13105_c02,11.509980696296807,0.003408446009769107,0.016438391975699764,0.06529971820846471
UNSAFE,False,True,False,1.3000984491138736,3.5648087308221426,2.9873021817573275,False,high,False,UNSAFE,6.390732223151,False,0.6163551890836556,0.0,1.0,228.03800534892153,monte_carlo,stage3a_mc_s13105_c02,12.781464446302,0.002818812540335927,0.016442176272995834,0.06416669905533728
UNSAFE,False,True,False,5.8549145238205,16.91345958489697,0.14537130859974098,False,low,True,UNSAFE,47.76922555972526,False,0.07044024262972165,0.0799999999999983,0.9200000000000017,92.33341415828171,monte_carlo,stage3a_mc_s13105_c03,0.5473348077468694,0.07165383833958788,0.023506433944277434,0.08157653467765834
UNSAFE,False,True,False,5.8549145238205,3.8186835560996837,0.14537130859974098,False,nominal,True,UNSAFE,12.849822816265823,False,0.019900264278799994,0.09999999999999787,0.9000000000000021,92.33341415828171,monte_carlo,stage3a_mc_s13105_c03,0.7545730330786858,0.019274734224398734,0.02287914031975659,0.07814896687469516
UNSAFE,False,True,False,5.8549145238205,0.7899059431052753,0.14537130859974098,False,high,True,UNSAFE,4.773082514947401,False,0.15889835824381393,0.019999999999999574,0.9800000000000004,92.33341415828171,monte_carlo,stage3a_mc_s13105_c03,0.9820431226697554,0.007159623772421101,0.021380847521838227,0.07314742967705504
SAFE,True,True,False,18.488392836383337,0.8182712955524019,0.944738503056414,False,low,False,SAFE,0.18172870444759814,True,0.0,1.0099999999999785,0.0,1423.8208512701997,monte_carlo,stage3a_mc_s13105_c04,0.318282402022097,3.0921205237429e-08,0.002180744453371178,0.008542651746676509
SAFE,True,True,False,18.488392836383337,0.746398615500167,0.944738503056414,False,nominal,False,SAFE,0.25360138449983305,True,0.0,1.0099999999999785,0.0,1423.8208512701997,monte_carlo,stage3a_mc_s13105_c04,0.5072027689996661,6.314917539462743e-08,0.002146235109316531,0.008471584520693234
SAFE,True,True,False,18.488392836383337,0.6169965355231612,0.944738503056414,False,high,False,SAFE,0.38300346447683875,True,0.0,0.2199999999999953,0.7800000000000047,1423.8208512701997,monte_carlo,stage3a_mc_s13105_c04,0.7660069289536775,4.446339830465988e-08,0.002073124761389626,0.008228886902072413
SAFE,True,True,False,0.37919399252101166,0.07834918923644751,0.5611016108411536,False,low,False,SAFE,0.9216508107635525,True,0.8174209600373441,0.0,1.0,1285.2754282936164,monte_carlo,stage3a_mc_s13105_c05,1.843301621527105,1.1490639286006465e-06,0.002502803865750292,0.01029537214032331
SAFE,True,True,False,0.37919399252101166,0.14442500504421396,0.5611016108411536,False,nominal,False,SAFE,0.855574994955786,True,0.8680665855511442,0.0,1.0,1285.2754282936164,monte_carlo,stage3a_mc_s13105_c05,1.711149989911572,1.099856613500191e-06,0.002520916469376961,0.010358230775909567
SAFE,True,True,False,0.37919399252101166,0.1707308823512389,0.5611016108411536,False,high,False,SAFE,0.8292691176487611,True,1.0006425231420741,0.009999999999999787,0.9900000000000002,1285.2754282936164,monte_carlo,stage3a_mc_s13105_c05,1.6585382352975222,2.5421713945145105e-07,0.002622943706036317,0.01064758165755502
SAFE,True,True,False,59.12962417241532,0.5091108354356262,0.2348877034491483,False,low,False,SAFE,0.4908891645643738,True,1.6325895135871336,1.0099999999999785,0.0,529.3219455142199,monte_carlo,stage3a_mc_s13105_c06,0.9817783291287476,3.917527005823862e-08,0.005288039341391534,0.01595955271684099
SAFE,True,True,False,59.12962417241532,0.46544683998325487,0.2348877034491483,False,nominal,False,SAFE,0.5345531600167451,True,1.025190610228885,1.0099999999999785,0.0,529.3219455142199,monte_carlo,stage3a_mc_s13105_c06,1.0691063200334903,4.453281905891156e-08,0.005314997969703347,0.015448483784597476
SAFE,True,True,False,59.12962417241532,0.3635385684263882,0.2348877034491483,False,high,False,SAFE,0.6364614315736118,True,0.0,0.20999999999999552,0.7900000000000045,529.3219455142199,monte_carlo,stage3a_mc_s13105_c06,1.2729228631472236,1.8209187803292323e-08,0.005345190374950082,0.016429400319852717
UNSAFE,False,True,False,1.0654930376456877,3.9957093793315206,4.764278997571656,False,low,False,UNSAFE,6.993993131064129,False,1.1191657347748878,0.0,1.0,371.641425862622,monte_carlo,stage3a_mc_s13105_c07,13.987986262128258,0.0014629415519521842,0.014092647277230974,0.05566054133833114
UNSAFE,False,True,False,1.0654930376456877,4.7467185101441975,4.764278997571656,False,nominal,False,UNSAFE,8.045405914201876,False,1.117653769296072,0.0,1.0,371.641425862622,monte_carlo,stage3a_mc_s13105_c07,16.09081182840375,0.0017174897107088611,0.013592798156422463,0.053265788790290786
UNSAFE,False,True,False,1.0654930376456877,5.38508134680772,4.764278997571656,False,high,False,UNSAFE,8.939113885530807,False,1.102664316824642,0.0,1.0,371.641425862622,monte_carlo,stage3a_mc_s13105_c07,17.878227771061614,0.0014882272993621175,0.014130620618500333,0.05433078353088927
UNSAFE,False,True,False,8.88484803222291,0.018788273601502592,0.30669270795477604,False,low,False,UNSAFE,1.6979804560025045,False,1.9062921060910136,0.3799999999999919,0.6200000000000081,114.55179328603838,monte_carlo,stage3a_mc_s13105_c08,0.2319659111649847,2.0451926682836465e-07,0.020375765472030054,0.06563252280906348
UNSAFE,False,True,False,8.88484803222291,0.015359063916693616,0.30669270795477604,False,nominal,False,UNSAFE,1.6922651065278227,False,1.8778631576006477,0.32999999999999297,0.670000000000007,114.55179328603838,monte_carlo,stage3a_mc_s13105_c08,0.30696638751338245,2.1400188662827472e-07,0.020307181278333874,0.06514322167389061
UNSAFE,False,True,False,8.88484803222291,0.016590672261894368,0.30669270795477604,False,high,False,CAUTION,1.6390155462301759,False,1.9256213776389108,0.18999999999999595,0.810000000000004,114.55179328603838,monte_carlo,stage3a_mc_s13105_c08,0.33074348867932135,1.8076324974604475e-07,0.019668186554762112,0.06412700363004581
UNSAFE,False,True,True,0.49641963641306114,0.1307039798118801,1.671790090205494,False,low,True,UNSAFE,1.5829855717366321,False,0.0,0.0,1.0,769.6055215379799,monte_carlo,stage3a_mc_s13105_c09,3.1659711434732642,0.00016669091539784245,0.0038361450489125797,0.016983686400006505
UNSAFE,False,True,True,0.49641963641306114,0.23407416987036633,1.671790090205494,False,nominal,True,UNSAFE,1.7277038378185128,False,0.0,0.0,1.0,769.6055215379799,monte_carlo,stage3a_mc_s13105_c09,3.4554076756370256,5.778762271945938e-05,0.0038970132888471814,0.01691445355048318
UNSAFE,False,True,True,0.49641963641306114,0.1814809770603163,1.671790090205494,False,high,True,UNSAFE,1.6540733678844426,False,0.0,0.0,1.0,769.6055215379799,monte_carlo,stage3a_mc_s13105_c09,3.308146735768885,5.677039493018532e-05,0.0038906826827539115,0.01697164282865509
SAFE,True,True,False,35.81913261867132,0.38687513114684646,3.1818826812318872,False,low,False,SAFE,0.6131248688531535,True,0.8317756023675098,1.0099999999999785,0.0,2021.2340074581207,monte_carlo,stage3a_mc_s13105_c10,1.226249737706307,1.2024711540471055e-05,0.0008678765021762153,0.004431032111995
SAFE,True,True,False,35.81913261867132,0.5830949496660728,3.1818826812318872,False,nominal,False,SAFE,0.4169050503339272,True,0.0,1.0099999999999785,0.0,2021.2340074581207,monte_carlo,stage3a_mc_s13105_c10,0.8338101006678544,6.630014726747741e-07,0.000929972887718389,0.004639201138661646
SAFE,True,True,False,35.81913261867132,0.46784542313475463,3.1818826812318872,False,high,False,SAFE,0.5321545768652454,True,0.0,0.0,1.0,2021.2340074581207,monte_carlo,stage3a_mc_s13105_c10,1.0643091537304907,2.571595832090569e-07,0.0010217148466661245,0.004860434081040318
UNSAFE,False,True,False,2.45000536488327,0.09563235693088779,0.4388681221324722,False,low,False,CAUTION,1.507279405115187,False,0.5748407891382096,0.0,1.0,134.55020130201498,monte_carlo,stage3a_mc_s13105_c11,2.271590982819501,0.000371547952596669,0.018087352861382244,0.07746134210104708
UNSAFE,False,True,False,2.45000536488327,0.0959033235690141,0.4388681221324722,False,nominal,False,CAUTION,1.5068277940516432,False,0.5871420995239992,0.0,1.0,134.55020130201498,monte_carlo,stage3a_mc_s13105_c11,2.3712160210298663,0.0001745724797189507,0.01808193352861972,0.0767825672366357
UNSAFE,False,True,False,2.45000536488327,1.0,0.4388681221324722,False,high,True,CAUTION,1.5951479147832337,False,0.0,0.0,1.0,134.55020130201498,monte_carlo,stage3a_mc_s13105_c11,2.2374899607326957,5.097573491766387e-05,0.019141774977398805,0.07770570186166346
UNSAFE,False,False,False,8.0,0.25463520514602356,1.0,True,low,False,SAFE,0.7453647948539764,True,1.5706124508063428,0.8299999999999823,0.1700000000000177,450.0,one_factor,onefactor_vehicle_mass_multiplier_+0.900,1.4907295897079529,9.525255225812985e-08,0.006950294109938089,0.026367059240316904
UNSAFE,False,False,False,8.0,0.3491448147537336,1.0,True,nominal,False,SAFE,0.6508551852462664,True,1.6171131983657254,0.5699999999999878,0.43000000000001215,450.0,one_factor,onefactor_vehicle_mass_multiplier_+0.900,1.3017103704925328,3.0382901650458246e-08,0.0069717567320678785,0.02625158719056507
UNSAFE,False,False,False,8.0,0.22573198927016924,1.0,True,high,False,SAFE,0.7742680107298308,True,0.0,0.0,1.0,450.0,one_factor,onefactor_vehicle_mass_multiplier_+0.900,1.5485360214596615,2.545445040331205e-08,0.0067651775160375805,0.02596294738667964
UNSAFE,False,False,True,8.0,0.433180489689893,1.0,True,low,False,SAFE,0.566819510310107,True,1.8733632348546372,0.6399999999999864,0.36000000000001364,450.0,one_factor,onefactor_vehicle_mass_multiplier_+1.100,1.1140424539895624,1.1826334478208082e-07,0.006801834123721285,0.026170243005678055
UNSAFE,False,False,True,8.0,0.37936857530716894,1.0,True,nominal,False,SAFE,0.6206314246928311,True,1.8781148663144007,0.27999999999999403,0.720000000000006,450.0,one_factor,onefactor_vehicle_mass_multiplier_+1.100,1.2412628493856621,9.40505904807483e-08,0.006825902875661012,0.025950768411122666
UNSAFE,False,False,True,8.0,0.3986791710155497,1.0,True,high,False,SAFE,0.6013208289844503,True,1.976761846885299,0.009999999999999787,0.9900000000000002,450.0,one_factor,onefactor_vehicle_mass_multiplier_+1.100,1.2026416579689005,2.1864838042023332e-08,0.006777478979932051,0.02623607437307411
UNSAFE,False,False,False,8.0,0.3048981421219733,1.0,True,low,False,SAFE,0.6951018578780267,True,1.432629950380148,1.0099999999999785,0.0,450.0,one_factor,onefactor_inertia_multiplier_+0.900,1.3902037157560534,1.5094891145613757e-07,0.006956465939591242,0.02721244532418288
UNSAFE,False,False,False,8.0,0.33849914192825237,1.0,True,nominal,False,SAFE,0.6615008580717476,True,0.0,1.0099999999999785,0.0,450.0,one_factor,onefactor_inertia_multiplier_+0.900,1.3230017161434953,3.752327383875653e-08,0.0070226285336379216,0.026864760747906568
UNSAFE,False,False,False,8.0,0.33680662192703603,1.0,True,high,False,SAFE,0.663193378072964,True,0.0,0.17999999999999616,0.8200000000000038,450.0,one_factor,onefactor_inertia_multiplier_+0.900,1.326386756145928,5.039607804577702e-08,0.0067931280069060355,0.025901272885419973
UNSAFE,False,False,True,8.0,0.15087242884942553,1.0,True,low,False,SAFE,0.8491275711505745,True,1.8164705691576162,0.5599999999999881,0.44000000000001194,450.0,one_factor,onefactor_inertia_multiplier_+1.100,1.698255142301149,1.2877719172644629e-07,0.00684878958941593,0.026852667470198852
UNSAFE,False,False,True,8.0,0.1953345941775263,1.0,True,nominal,False,SAFE,0.8046654058224737,True,1.7980963992268495,0.26999999999999424,0.7300000000000058,450.0,one_factor,onefactor_inertia_multiplier_+1.100,1.6093308116449474,8.834424442987539e-08,0.0069335785852226925,0.026934582186773855
UNSAFE,False,False,True,8.0,0.17355036909691146,1.0,True,high,False,SAFE,0.8264496309030885,True,1.8606699525671886,0.3099999999999934,0.6900000000000066,450.0,one_factor,onefactor_inertia_multiplier_+1.100,1.652899261806177,4.5231398540154344e-08,0.006856028700989892,0.027241136106766435
UNSAFE,False,False,False,8.0,0.23344213160234684,1.0,True,low,False,SAFE,0.7665578683976532,True,1.5757590688324479,0.8399999999999821,0.1600000000000179,450.0,one_factor,onefactor_center_of_mass_error_m_-0.010,1.5331157367953063,1.1686073564357477e-07,0.006701607209239269,0.02523028506319481
UNSAFE,False,False,False,8.0,0.2244312578490273,1.0,True,nominal,False,SAFE,0.7755687421509727,True,1.6042694616623046,0.5899999999999874,0.4100000000000126,450.0,one_factor,onefactor_center_of_mass_error_m_-0.010,1.5511374843019454,6.95830799501437e-08,0.006803216268058864,0.025387697509355617
UNSAFE,False,False,False,8.0,0.1740127409934238,1.0,True,high,False,SAFE,0.8259872590065762,True,0.0,0.25999999999999446,0.7400000000000055,450.0,one_factor,onefactor_center_of_mass_error_m_-0.010,1.6519745180131524,3.3879377356888584e-08,0.006666513857862972,0.025236785831424646
UNSAFE,False,False,True,8.0,0.39281108653851515,1.0,True,low,False,SAFE,0.6071889134614848,True,1.863604169484841,0.6599999999999859,0.34000000000001407,450.0,one_factor,onefactor_center_of_mass_error_m_+0.010,1.0192092608627834,2.4778172147494274e-08,0.0072862669615378186,0.027533964624492896
UNSAFE,False,False,True,8.0,0.4052288027892158,1.0,True,nominal,False,SAFE,0.5947711972107842,True,1.8558777281368763,0.40999999999999126,0.5900000000000087,450.0,one_factor,onefactor_center_of_mass_error_m_+0.010,1.0718679181838893,2.4624822532892693e-08,0.00713725436652941,0.027789937227083603
UNSAFE,False,False,True,8.0,0.3858370799014129,1.0,True,high,False,SAFE,0.6141629200985871,True,1.8302384078514475,0.11999999999999744,0.8800000000000026,450.0,one_factor,onefactor_center_of_mass_error_m_+0.010,1.0794776655414082,9.4486536188097e-09,0.007369955041183045,0.028540868924558135
UNSAFE,False,False,True,8.0,0.19390439352971822,1.0,True,low,False,SAFE,0.8060956064702818,True,1.5882958007805075,0.9999999999999787,2.1316282072803006e-14,450.0,one_factor,onefactor_probe_offset_multiplier_+0.750,1.6121912129405636,1.592586520682429e-07,0.0064763872557337485,0.024809859763551812
UNSAFE,False,False,True,8.0,0.1554490538285347,1.0,True,nominal,False,SAFE,0.8445509461714653,True,1.2411973765380107,0.5799999999999876,0.42000000000001236,450.0,one_factor,onefactor_probe_offset_multiplier_+0.750,1.6891018923429306,2.6634923116155974e-07,0.0062420513865578675,0.024107416540555437
UNSAFE,False,False,True,8.0,0.08958671229150972,1.0,True,high,False,SAFE,0.9104132877084903,True,0.0,0.009999999999999787,0.9900000000000002,450.0,one_factor,onefactor_probe_offset_multiplier_+0.750,1.8208265754169806,1.0179459606159483e-07,0.006216854855449863,0.023952395402148625
UNSAFE,False,False,False,8.0,0.28781429409437287,1.0,True,low,False,SAFE,0.7121857059056271,True,1.4080139386953923,0.42999999999999083,0.5700000000000092,450.0,one_factor,onefactor_probe_offset_multiplier_+1.250,1.4243714118112543,7.286500570797479e-07,0.00721524919062119,0.027920628715852255
UNSAFE,False,False,False,8.0,0.2717472049994284,1.0,True,nominal,False,SAFE,0.7282527950005716,True,1.4141761438953815,0.16999999999999638,0.8300000000000036,450.0,one_factor,onefactor_probe_offset_multiplier_+1.250,1.4565055900011432,4.1923218146821737e-07,0.007290257532089663,0.02808120222876127
UNSAFE,False,False,False,8.0,0.13833177591124324,1.0,True,high,False,SAFE,0.8616682240887568,True,1.2935032996174942,0.1499999999999968,0.8500000000000032,450.0,one_factor,onefactor_probe_offset_multiplier_+1.250,1.7233364481775135,1.1276907837380843e-06,0.006858588420779362,0.027033280844658933
UNSAFE,False,True,False,8.0,1.0,1.0,False,low,True,CAUTION,0.7828622557148077,False,0.0,0.09999999999999787,0.9000000000000021,450.0,one_factor,onefactor_contact_normal_angle_deg_-10.000,1.5657245114296154,9.274728756167711e-06,0.006224134866279959,0.025680693492152344
UNSAFE,False,False,False,8.0,0.19424554343279055,1.0,True,nominal,False,SAFE,0.8057544565672095,True,1.843475831941705,0.06999999999999851,0.9300000000000015,450.0,one_factor,onefactor_contact_normal_angle_deg_-10.000,1.611508913134419,6.435420977735881e-06,0.0062137760352252965,0.025351223895397814
UNSAFE,False,False,False,8.0,0.12286736359483852,1.0,True,high,False,SAFE,0.8771326364051615,True,1.7832527725352676,0.019999999999999574,0.9800000000000004,450.0,one_factor,onefactor_contact_normal_angle_deg_-10.000,1.754265272810323,3.871147058843584e-06,0.006086547577080161,0.024677681708783723
UNSAFE,False,False,True,8.0,0.41148443741319707,1.0,True,low,False,SAFE,0.5885155625868029,True,1.4958638981351744,1.0099999999999785,0.0,450.0,one_factor,onefactor_contact_normal_angle_deg_+10.000,1.0506356337363767,4.2726759924295423e-08,0.007062186751041636,0.02784809324932807
UNSAFE,False,False,True,8.0,0.4292801955458432,1.0,True,nominal,False,SAFE,0.5707198044541568,True,0.0,1.0099999999999785,0.0,450.0,one_factor,onefactor_contact_normal_angle_deg_+10.000,1.0378387118127468,6.152892263520324e-08,0.006848637653449882,0.02690727212811265
UNSAFE,False,False,True,8.0,0.3936592757765973,1.0,True,high,False,SAFE,0.6063407242234027,True,0.0,0.02999999999999936,0.9700000000000006,450.0,one_factor,onefactor_contact_normal_angle_deg_+10.000,1.0750016891433485,1.4567416955699012e-08,0.007276088690680832,0.027258918813420345
UNSAFE,False,False,True,8.0,0.07148836813950332,1.0,True,low,False,SAFE,0.9285116318604967,True,0.48634720415970556,1.0099999999999785,0.0,450.0,one_factor,onefactor_motor_lag_multiplier_+0.670,1.8570232637209934,1.8090197678581445e-06,0.00549100898392598,0.023292836147542174
UNSAFE,False,False,True,8.0,0.0960924964948845,1.0,True,nominal,False,SAFE,0.9039075035051155,True,0.5377072244065773,1.0099999999999785,0.0,450.0,one_factor,onefactor_motor_lag_multiplier_+0.670,1.807815007010231,1.5513377753733183e-06,0.0053288544495114,0.022450132363297754
UNSAFE,False,False,True,8.0,0.34514685620419394,1.0,True,high,False,SAFE,0.6548531437958061,True,0.0,0.05999999999999872,0.9400000000000013,450.0,one_factor,onefactor_motor_lag_multiplier_+0.670,1.3097062875916121,1.5876732707287774e-07,0.006001741687316395,0.023508385998914524
UNSAFE,False,False,False,8.0,0.03623101926278838,1.0,True,low,False,SAFE,0.9637689807372116,True,0.0,0.3199999999999932,0.6800000000000068,450.0,one_factor,onefactor_motor_lag_multiplier_+1.670,1.9275379614744232,6.508066744645186e-06,0.007089844497585513,0.02889160286404119
UNSAFE,False,False,False,8.0,0.03207974366959199,1.0,True,nominal,False,SAFE,0.967920256330408,True,1.845785050359223,0.13999999999999702,0.860000000000003,450.0,one_factor,onefactor_motor_lag_multiplier_+1.670,1.935840512660816,4.742548318571738e-06,0.007178626717039508,0.028928524245211723
UNSAFE,False,True,False,8.0,0.1425627901635349,1.0,False,high,False,CAUTION,1.142562790163535,False,1.8580655233225702,0.03999999999999915,0.9600000000000009,450.0,one_factor,onefactor_motor_lag_multiplier_+1.670,2.28512558032707,6.002429619907897e-06,0.0067908333082527216,0.028069717184982926
UNSAFE,False,False,False,8.0,0.4196980695189556,1.0,True,low,False,SAFE,0.5803019304810444,True,1.8364375576032759,0.6999999999999851,0.3000000000000149,450.0,one_factor,onefactor_maximum_speed_multiplier_+0.850,1.1238989848399694,1.7094950358979147e-08,0.006963623165772533,0.026536044164868624
UNSAFE,False,False,False,8.0,0.4099194606215285,1.0,True,nominal,False,SAFE,0.5900805393784715,True,1.7708540336272254,0.4499999999999904,0.5500000000000096,450.0,one_factor,onefactor_maximum_speed_multiplier_+0.850,1.180161078756943,9.631486205043878e-09,0.0068836131701180804,0.02581309513044095
UNSAFE,False,False,False,8.0,0.3923351849713952,1.0,True,high,False,SAFE,0.6076648150286048,True,1.6536250443654414,0.3099999999999934,0.6900000000000066,450.0,one_factor,onefactor_maximum_speed_multiplier_+0.850,1.2153296300572096,1.1059133949579305e-08,0.0066313677868997,0.025820428052200993
