limit,metric,trial_id,value
1.25,peak_contact_force_n,representative_stiff,2.613518618445364
1.25,peak_contact_force_n,representative_compliant,1.627917201790585
1.25,peak_contact_force_n,representative_lightly_damped,2.9943050056141036
1.25,peak_contact_force_n,representative_highly_damped,2.75370188031056
1.25,peak_contact_force_n,representative_low_mass,1.3110207102225833
1.25,peak_contact_force_n,representative_high_mass,3.3150824651210193
1.25,peak_contact_force_n,representative_boundary,1.7396004034491628
1.25,peak_contact_force_n,grid_000,1.7669475332666535
15.0,peak_target_acceleration_m_per_s2,grid_000,18.047871536249687
1.25,peak_contact_force_n,grid_001,4.9942176886364305
1.25,peak_contact_force_n,grid_002,3.2154051331870246
1.25,peak_contact_force_n,grid_004,1.9919906690541809
1.25,peak_contact_force_n,grid_005,3.1186479844131623
1.25,peak_contact_force_n,grid_006,1.8990822973538142
1.25,peak_contact_force_n,grid_007,2.505757363411555
1.25,peak_contact_force_n,grid_008,3.1819141747032753
1.25,peak_contact_force_n,grid_010,2.0536986355437055
1.25,peak_contact_force_n,grid_011,3.610003600093335
1.25,peak_contact_force_n,grid_013,2.507836079553867
1.25,peak_contact_force_n,grid_014,2.860557685318737
1.25,peak_contact_force_n,grid_015,1.987097216505835
1.25,peak_contact_force_n,grid_016,2.596872683692211
1.25,peak_contact_force_n,grid_017,3.281203968056197
1.25,peak_contact_force_n,grid_018,2.2835837296927455
1.25,peak_contact_force_n,grid_019,2.797388408575109
1.25,peak_contact_force_n,grid_020,3.576758038362811
1.25,peak_contact_force_n,grid_021,2.1778975001034957
1.25,peak_contact_force_n,grid_022,2.276548788243798
1.25,peak_contact_force_n,grid_023,3.5145566427016783
1.25,peak_contact_force_n,grid_024,2.145368294717402
1.25,peak_contact_force_n,grid_025,2.455723639197229
1.25,peak_contact_force_n,grid_026,3.3479431349943694
1.25,peak_contact_force_n,stage3a_mc_s13101_c00,2.1592528058671543
1.25,peak_contact_force_n,stage3a_mc_s13101_c01,3.827841492456855
1.25,peak_contact_force_n,stage3a_mc_s13101_c02,3.33969349684206
1.25,peak_contact_force_n,stage3a_mc_s13101_c03,1.9791546740362187
1.25,peak_contact_force_n,stage3a_mc_s13101_c04,2.1493059143802977
1.25,peak_contact_force_n,stage3a_mc_s13101_c05,4.656655185002802
1.25,peak_contact_force_n,stage3a_mc_s13101_c06,2.1258266073109233
1.25,peak_contact_force_n,stage3a_mc_s13101_c08,1.5960959904717318
1.25,peak_contact_force_n,stage3a_mc_s13101_c09,2.635965796068476
1.25,peak_contact_force_n,stage3a_mc_s13101_c10,2.270007503683956
1.25,peak_contact_force_n,stage3a_mc_s13101_c11,3.512128240898095
1.25,peak_contact_force_n,stage3a_mc_s13102_c00,3.196955019345893
1.25,peak_contact_force_n,stage3a_mc_s13102_c01,2.464065053611896
1.25,peak_contact_force_n,stage3a_mc_s13102_c02,1.8912755350431507
1.25,peak_contact_force_n,stage3a_mc_s13102_c03,1.5213628965630537
1.25,peak_contact_force_n,stage3a_mc_s13102_c04,2.2682189501398966
1.25,peak_contact_force_n,stage3a_mc_s13102_c05,1.6208589077231716
1.25,peak_contact_force_n,stage3a_mc_s13102_c06,3.378133387131686
1.25,peak_contact_force_n,stage3a_mc_s13102_c07,1.440170552343095
1.25,peak_contact_force_n,stage3a_mc_s13102_c08,1.6467033593073817
1.25,peak_contact_force_n,stage3a_mc_s13102_c09,3.019819660348711
1.25,peak_contact_force_n,stage3a_mc_s13102_c10,2.23171190230693
1.25,peak_contact_force_n,stage3a_mc_s13102_c11,2.7450676804799783
1.25,peak_contact_force_n,stage3a_mc_s13103_c00,2.868328124396683
1.25,peak_contact_force_n,stage3a_mc_s13103_c01,2.222650474947699
1.25,peak_contact_force_n,stage3a_mc_s13103_c02,1.4503415360883094
1.25,peak_contact_force_n,stage3a_mc_s13103_c03,1.6724491792594758
1.25,peak_contact_force_n,stage3a_mc_s13103_c04,2.957690893157526
1.25,peak_contact_force_n,stage3a_mc_s13103_c05,2.158497675088166
1.25,peak_contact_force_n,stage3a_mc_s13103_c06,2.6262199315572388
1.25,peak_contact_force_n,stage3a_mc_s13103_c07,1.259406989580292
1.25,peak_contact_force_n,stage3a_mc_s13103_c08,3.8404972820787515
1.25,peak_contact_force_n,stage3a_mc_s13103_c09,3.4170529050616696
1.25,peak_contact_force_n,stage3a_mc_s13103_c10,1.7911400475878883
1.25,peak_contact_force_n,stage3a_mc_s13103_c11,3.1427124990562847
1.25,peak_contact_force_n,stage3a_mc_s13104_c01,1.7232172123649807
1.25,peak_contact_force_n,stage3a_mc_s13104_c02,4.820695547868076
1.25,peak_contact_force_n,stage3a_mc_s13104_c03,1.9605841845712801
1.25,peak_contact_force_n,stage3a_mc_s13104_c04,2.8585453329685486
1.25,peak_contact_force_n,stage3a_mc_s13104_c05,2.1608674280624567
1.25,peak_contact_force_n,stage3a_mc_s13104_c06,1.8315719911133077
1.25,peak_contact_force_n,stage3a_mc_s13104_c07,2.711923175975724
1.25,peak_contact_force_n,stage3a_mc_s13104_c08,2.2427519834821896
1.25,peak_contact_force_n,stage3a_mc_s13104_c09,2.519893219055258
1.25,peak_contact_force_n,stage3a_mc_s13104_c10,4.01906186986396
1.25,peak_contact_force_n,stage3a_mc_s13104_c11,2.5209202970299613
1.25,peak_contact_force_n,stage3a_mc_s13105_c00,1.446955784090298
1.25,peak_contact_force_n,stage3a_mc_s13105_c01,2.8311800397357456
1.25,peak_contact_force_n,stage3a_mc_s13105_c02,3.026066319408792
1.25,peak_contact_force_n,stage3a_mc_s13105_c04,2.4281281044709058
1.25,peak_contact_force_n,stage3a_mc_s13105_c05,2.150358126392517
1.25,peak_contact_force_n,stage3a_mc_s13105_c06,2.0966480944484522
1.25,peak_contact_force_n,stage3a_mc_s13105_c07,3.757266762949889
1.25,peak_contact_force_n,stage3a_mc_s13105_c08,1.733632499920385
1.25,peak_contact_force_n,stage3a_mc_s13105_c09,3.3214286218200844
1.25,peak_contact_force_n,stage3a_mc_s13105_c10,3.105774630631032
1.25,peak_contact_force_n,stage3a_mc_s13105_c11,2.0711620576025696
1.25,peak_contact_force_n,onefactor_vehicle_mass_multiplier_+0.900,3.2454419353900104
1.25,peak_contact_force_n,onefactor_vehicle_mass_multiplier_+1.100,2.6041644326439073
1.25,peak_contact_force_n,onefactor_inertia_multiplier_+0.900,2.90406077449132
1.25,peak_contact_force_n,onefactor_inertia_multiplier_+1.100,2.9526794564529415
1.25,peak_contact_force_n,onefactor_center_of_mass_error_m_-0.010,2.919774876128599
1.25,peak_contact_force_n,onefactor_center_of_mass_error_m_+0.010,2.887284774840771
1.25,peak_contact_force_n,onefactor_probe_offset_multiplier_+0.750,2.7943239265609434
1.25,peak_contact_force_n,onefactor_probe_offset_multiplier_+1.250,2.7115096306216246
1.25,peak_contact_force_n,onefactor_contact_normal_angle_deg_-10.000,2.9189240907941265
1.25,peak_contact_force_n,onefactor_contact_normal_angle_deg_+10.000,2.891084777590887
1.25,peak_contact_force_n,onefactor_motor_lag_multiplier_+0.670,2.785824280853216
1.25,peak_contact_force_n,onefactor_motor_lag_multiplier_+1.670,2.927434277336422
1.25,peak_contact_force_n,onefactor_maximum_speed_multiplier_+0.850,2.951990334989277
