source_target_id,target_id,risk_class,severity,log_boundary_distance
matlab_boundary_candidate_s20215_c11,matlab_boundary_1,SAFE,0.999607847951278,0.000392228960444381
matlab_boundary_candidate_s20282_c04,matlab_boundary_2,SAFE,0.996666449744064,0.00333911891363493
matlab_boundary_candidate_s20286_c00,matlab_boundary_3,SAFE,0.987732318538142,0.012343550596854
matlab_boundary_candidate_s20229_c01,matlab_boundary_4,SAFE,0.98099398762673,0.0191889482564219
matlab_boundary_candidate_s20268_c10,matlab_boundary_5,SAFE,0.978933832657716,0.0212912253978984
matlab_boundary_candidate_s20216_c09,matlab_boundary_6,SAFE,0.976660074016817,0.0236166158153454
matlab_boundary_candidate_s20203_c03,matlab_boundary_7,SAFE,0.965339718800754,0.0352751993867307
matlab_boundary_candidate_s20298_c00,matlab_boundary_8,SAFE,0.952287689675873,0.0488880948048131
matlab_boundary_candidate_s20228_c04,matlab_boundary_9,SAFE,0.952224164461458,0.0489548050374648
matlab_boundary_candidate_s20267_c09,matlab_boundary_10,SAFE,0.950350818312327,0.0509240801214988
matlab_boundary_candidate_s20259_c10,matlab_boundary_11,SAFE,0.947540510135949,0.053885588178618
matlab_boundary_candidate_s20281_c08,matlab_boundary_12,SAFE,0.945811013557256,0.0557125041401648
matlab_boundary_candidate_s20295_c10,matlab_boundary_13,SAFE,0.94156346244776,0.0602135274765485
matlab_boundary_candidate_s20288_c05,matlab_boundary_14,SAFE,0.940682224785512,0.0611498959141157
matlab_boundary_candidate_s20201_c03,matlab_boundary_15,SAFE,0.937,0.0650719967437148
matlab_boundary_candidate_s20243_c04,matlab_boundary_16,SAFE,0.936653319116551,0.0654420554774928
matlab_boundary_candidate_s20201_c07,matlab_boundary_17,SAFE,0.935900944448581,0.0662456366853599
matlab_boundary_candidate_s20223_c07,matlab_boundary_18,SAFE,0.935349744326836,0.0668347615321735
matlab_boundary_candidate_s20266_c11,matlab_boundary_19,SAFE,0.925976292783999,0.0769066464088295
matlab_boundary_candidate_s20300_c07,matlab_boundary_20,SAFE,0.922312881483625,0.0808707621421011
matlab_boundary_candidate_s20218_c08,matlab_boundary_21,SAFE,0.92,0.0833816089390511
matlab_boundary_candidate_s20263_c03,matlab_boundary_22,SAFE,0.918927544739417,0.0845480011498135
matlab_boundary_candidate_s20233_c11,matlab_boundary_23,SAFE,0.917553953797226,0.086043895553787
matlab_boundary_candidate_s20270_c11,matlab_boundary_24,SAFE,0.914806112711693,0.0890431348360577
matlab_boundary_candidate_s20296_c01,matlab_boundary_25,SAFE,0.907615007769914,0.0969349905477668
matlab_boundary_candidate_s20205_c10,matlab_boundary_26,SAFE,0.907202527854713,0.0973895595765609
matlab_boundary_candidate_s20254_c06,matlab_boundary_27,SAFE,0.9070041407588,0.0976082635424714
matlab_boundary_candidate_s20276_c08,matlab_boundary_28,SAFE,0.905159677902379,0.0996439111747217
matlab_boundary_candidate_s20239_c06,matlab_boundary_29,SAFE,0.904611256749343,0.100249978118689
matlab_boundary_candidate_s20282_c07,matlab_boundary_30,SAFE,0.893310968861862,0.112820529314846
matlab_boundary_candidate_s20286_c03,matlab_boundary_31,SAFE,0.892898694488994,0.113282148562181
matlab_boundary_candidate_s20266_c07,matlab_boundary_32,SAFE,0.890501418789796,0.115970583002936
matlab_boundary_candidate_s20280_c00,matlab_boundary_33,SAFE,0.878846116821108,0.129145462810424
matlab_boundary_candidate_s20242_c09,matlab_boundary_34,SAFE,0.87264554650885,0.136225823334787
matlab_boundary_candidate_s20232_c04,matlab_boundary_35,SAFE,0.871561064396011,0.137469348322949
matlab_boundary_candidate_s20250_c11,matlab_boundary_36,SAFE,0.85943124667813,0.151484449588998
matlab_boundary_candidate_s20215_c03,matlab_boundary_37,SAFE,0.859226365939861,0.151722869083067
matlab_boundary_candidate_s20226_c11,matlab_boundary_38,SAFE,0.857781012078455,0.153406442748859
matlab_boundary_candidate_s20210_c01,matlab_boundary_39,SAFE,0.855452782513624,0.156124380026812
matlab_boundary_candidate_s20284_c02,matlab_boundary_40,SAFE,0.852010068790007,0.160156934394004
matlab_boundary_candidate_s20265_c01,matlab_boundary_41,SAFE,0.846228061823182,0.166966379082016
matlab_boundary_candidate_s20240_c10,matlab_boundary_42,SAFE,0.844406023500094,0.169121829565753
matlab_boundary_candidate_s20227_c03,matlab_boundary_43,SAFE,0.840640218041088,0.173591513109891
matlab_boundary_candidate_s20279_c04,matlab_boundary_44,SAFE,0.837480688378364,0.17735707420147
matlab_boundary_candidate_s20277_c04,matlab_boundary_45,SAFE,0.836,0.179126665897435
matlab_boundary_candidate_s20271_c07,matlab_boundary_46,SAFE,0.83321339252401,0.182465496123911
matlab_boundary_candidate_s20248_c04,matlab_boundary_47,SAFE,0.827830990885847,0.188946262719271
matlab_boundary_candidate_s20228_c06,matlab_boundary_48,SAFE,0.823649636510115,0.194010037905196
matlab_boundary_candidate_s20287_c03,matlab_boundary_49,SAFE,0.817971376224319,0.200927935382447
matlab_boundary_candidate_s20209_c01,matlab_boundary_50,SAFE,0.816906720437263,0.202230363911802
matlab_boundary_candidate_s20211_c11,matlab_boundary_51,SAFE,0.816786406288834,0.202377654913616
matlab_boundary_candidate_s20213_c06,matlab_boundary_52,SAFE,0.812935947245107,0.207102958214456
matlab_boundary_candidate_s20293_c06,matlab_boundary_53,SAFE,0.812723734212574,0.207364037499572
matlab_boundary_candidate_s20246_c07,matlab_boundary_54,SAFE,0.809753629989009,0.211025238089237
matlab_boundary_candidate_s20208_c01,matlab_boundary_55,SAFE,0.807830221823967,0.213403364044649
matlab_boundary_candidate_s20236_c00,matlab_boundary_56,SAFE,0.806,0.215671536475509
matlab_boundary_candidate_s20269_c06,matlab_boundary_57,SAFE,0.805842949746508,0.215866406892647
matlab_boundary_candidate_s20234_c11,matlab_boundary_58,SAFE,0.805767248449596,0.215960351814381
matlab_boundary_candidate_s20206_c05,matlab_boundary_59,SAFE,0.800643359302737,0.222339675380644
matlab_boundary_candidate_s20273_c08,matlab_boundary_60,SAFE,0.797243959208492,0.226594550156121
matlab_boundary_candidate_s20280_c06,matlab_boundary_61,SAFE,0.792037109882181,0.23314703235357
matlab_boundary_candidate_s20250_c06,matlab_boundary_62,SAFE,0.789020989861711,0.23696235537008
matlab_boundary_candidate_s20220_c08,matlab_boundary_63,SAFE,0.786239790735291,0.240493455808176
matlab_boundary_candidate_s20274_c09,matlab_boundary_64,SAFE,0.782661409811928,0.245055103319456
matlab_boundary_candidate_s20290_c04,matlab_boundary_65,SAFE,0.781854229500745,0.246086963100873
matlab_boundary_candidate_s20241_c04,matlab_boundary_66,SAFE,0.78029340125734,0.248085274569099
matlab_boundary_candidate_s20247_c09,matlab_boundary_67,SAFE,0.775020243111262,0.254866129826351
matlab_boundary_candidate_s20243_c08,matlab_boundary_68,SAFE,0.77414555710687,0.255995364795541
matlab_boundary_candidate_s20238_c03,matlab_boundary_69,SAFE,0.771160651921675,0.259858558873256
matlab_boundary_candidate_s20267_c04,matlab_boundary_70,SAFE,0.771007466335128,0.260057221503144
matlab_boundary_candidate_s20272_c06,matlab_boundary_71,SAFE,0.770081557602851,0.261258850778683
matlab_boundary_candidate_s20225_c08,matlab_boundary_72,SAFE,0.763706452667614,0.269571787905718
matlab_boundary_candidate_s20231_c02,matlab_boundary_73,SAFE,0.761278127324893,0.272756511773768
matlab_boundary_candidate_s20267_c11,matlab_boundary_74,SAFE,0.760939488670056,0.273201439827241
matlab_boundary_candidate_s20218_c03,matlab_boundary_75,SAFE,0.760780911368059,0.273409858275948
matlab_boundary_candidate_s20261_c07,matlab_boundary_76,SAFE,0.758197634299238,0.276811196058769
matlab_boundary_candidate_s20275_c09,matlab_boundary_77,SAFE,0.753139536858615,0.283504760436467
matlab_boundary_candidate_s20285_c06,matlab_boundary_78,SAFE,0.753106398406667,0.283548761819213
matlab_boundary_candidate_s20255_c06,matlab_boundary_79,SAFE,0.74456331860489,0.294957381979005
matlab_boundary_candidate_s20273_c03,matlab_boundary_80,SAFE,0.744,0.295714244149045
matlab_boundary_candidate_s20236_c01,matlab_boundary_81,SAFE,0.74207928709831,0.298299185595803
matlab_boundary_candidate_s20207_c04,matlab_boundary_82,SAFE,0.740497835503593,0.300432568298687
matlab_boundary_candidate_s20219_c09,matlab_boundary_83,SAFE,0.740062537653354,0.301020586012349
matlab_boundary_candidate_s20275_c11,matlab_boundary_84,SAFE,0.725448979709711,0.32096453344543
matlab_boundary_candidate_s20256_c11,matlab_boundary_85,SAFE,0.724854684608515,0.321784079239984
matlab_boundary_candidate_s20261_c02,matlab_boundary_86,SAFE,0.723,0.324346056823372
matlab_boundary_candidate_s20212_c11,matlab_boundary_87,SAFE,0.72212758473409,0.325553445542692
matlab_boundary_candidate_s20289_c00,matlab_boundary_88,SAFE,0.721305955697507,0.326691882612786
matlab_boundary_candidate_s20230_c00,matlab_boundary_89,SAFE,0.718,0.331285709933913
matlab_boundary_candidate_s20272_c05,matlab_boundary_90,SAFE,0.717801827814049,0.331561753860547
matlab_boundary_candidate_s20244_c07,matlab_boundary_91,SAFE,0.715989608292412,0.334089625684898
matlab_boundary_candidate_s20283_c04,matlab_boundary_92,SAFE,0.714564101924966,0.336082569856217
matlab_boundary_candidate_s20233_c00,matlab_boundary_93,SAFE,0.710831005939182,0.341320562466773
matlab_boundary_candidate_s20237_c01,matlab_boundary_94,SAFE,0.710692515683729,0.341515410112675
matlab_boundary_candidate_s20234_c07,matlab_boundary_95,SAFE,0.704411244908145,0.350392938676965
matlab_boundary_candidate_s20244_c01,matlab_boundary_96,SAFE,0.704114865941092,0.350813774285399
matlab_boundary_candidate_s20264_c10,matlab_boundary_97,SAFE,0.701767895248259,0.354152563177138
matlab_boundary_candidate_s20260_c08,matlab_boundary_98,SAFE,0.701,0.355247391947547
matlab_boundary_candidate_s20288_c09,matlab_boundary_99,SAFE,0.698322133144171,0.359074773879661
matlab_boundary_candidate_s20213_c08,matlab_boundary_100,SAFE,0.69669055851692,0.361413928757539
matlab_boundary_candidate_s20278_c09,matlab_boundary_101,SAFE,0.695325113726966,0.363375753261557
matlab_boundary_candidate_s20212_c06,matlab_boundary_102,SAFE,0.692389335005275,0.367606858737365
matlab_boundary_candidate_s20237_c04,matlab_boundary_103,SAFE,0.687909259305518,0.374098340291421
matlab_boundary_candidate_s20290_c01,matlab_boundary_104,SAFE,0.682342406368209,0.38222368500622
matlab_boundary_candidate_s20242_c10,matlab_boundary_105,SAFE,0.679491903557298,0.386409960756558
matlab_boundary_candidate_s20258_c05,matlab_boundary_106,SAFE,0.679074563067082,0.387024344393423
matlab_boundary_candidate_s20220_c02,matlab_boundary_107,SAFE,0.670881595744813,0.399162616977948
matlab_boundary_candidate_s20245_c08,matlab_boundary_108,SAFE,0.668,0.403467105445491
matlab_boundary_candidate_s20279_c10,matlab_boundary_109,SAFE,0.666484796080401,0.405737951205856
matlab_boundary_candidate_s20292_c01,matlab_boundary_110,SAFE,0.6635909916528,0.41008929572363
matlab_boundary_candidate_s20209_c09,matlab_boundary_111,SAFE,0.658608090011857,0.417626625465366
matlab_boundary_candidate_s20227_c02,matlab_boundary_112,SAFE,0.65633700157439,0.421080900035794
matlab_boundary_candidate_s20288_c02,matlab_boundary_113,SAFE,0.654884710042581,0.423296074041545
matlab_boundary_candidate_s20246_c09,matlab_boundary_114,SAFE,0.646964431177077,0.435463960989207
matlab_boundary_candidate_s20229_c04,matlab_boundary_115,SAFE,0.646868594807827,0.43561210432378
matlab_boundary_candidate_s20296_c04,matlab_boundary_116,SAFE,0.646633478646345,0.435975638590785
matlab_boundary_candidate_s20254_c10,matlab_boundary_117,SAFE,0.643986566710228,0.440077412240947
matlab_boundary_candidate_s20242_c01,matlab_boundary_118,SAFE,0.642919758849756,0.441735354367193
matlab_boundary_candidate_s20266_c05,matlab_boundary_119,SAFE,0.640153136070924,0.446047856139325
matlab_boundary_candidate_s20222_c02,matlab_boundary_120,SAFE,0.638060469263841,0.449322220718222
matlab_boundary_candidate_s20240_c07,matlab_boundary_121,SAFE,0.637060676602205,0.45089037425369
matlab_boundary_candidate_s20274_c04,matlab_boundary_122,SAFE,0.632203570931549,0.458543830795899
matlab_boundary_candidate_s20256_c10,matlab_boundary_123,SAFE,0.628814057679402,0.463919681756668
matlab_boundary_candidate_s20249_c05,matlab_boundary_124,SAFE,0.62854473685652,0.464348073124623
matlab_boundary_candidate_s20219_c08,matlab_boundary_125,SAFE,0.624306001844862,0.471114643241506
matlab_boundary_candidate_s20263_c08,matlab_boundary_126,SAFE,0.623243956967611,0.4728172526261
matlab_boundary_candidate_s20216_c10,matlab_boundary_127,SAFE,0.619413436900064,0.47898231826525
matlab_boundary_candidate_s20224_c10,matlab_boundary_128,SAFE,0.619224662016596,0.479287128661594
matlab_boundary_candidate_s20268_c05,matlab_boundary_129,SAFE,0.614087042133715,0.487618598449578
matlab_boundary_candidate_s20294_c07,matlab_boundary_130,SAFE,0.61108577139041,0.492517950955002
matlab_boundary_candidate_s20221_c09,matlab_boundary_131,SAFE,0.605962636294311,0.500936951093663
matlab_boundary_candidate_s20261_c08,matlab_boundary_132,SAFE,0.605641754100429,0.501466632570438
matlab_boundary_candidate_s20209_c00,matlab_boundary_133,SAFE,0.602,0.507497833673316
matlab_boundary_candidate_s20252_c05,matlab_boundary_134,SAFE,0.601406595343001,0.508484041838355
matlab_boundary_candidate_s20228_c11,matlab_boundary_135,SAFE,0.601,0.509160344446929
matlab_boundary_candidate_s20231_c03,matlab_boundary_136,SAFE,0.6,0.510825623765991
matlab_boundary_candidate_s20298_c04,matlab_boundary_137,SAFE,0.599902350275941,0.510988386551233
matlab_boundary_candidate_s20232_c00,matlab_boundary_138,SAFE,0.599868096684675,0.51104548679297
matlab_boundary_candidate_s20230_c11,matlab_boundary_139,SAFE,0.59904456808606,0.512419279484188
matlab_boundary_candidate_s20291_c01,matlab_boundary_140,SAFE,0.597919412589361,0.514299295668912
matlab_boundary_candidate_s20249_c10,matlab_boundary_141,SAFE,0.597351028253922,0.51525035136118
matlab_boundary_candidate_s20294_c04,matlab_boundary_142,SAFE,0.597055404268898,0.515745365425087
matlab_boundary_candidate_s20299_c10,matlab_boundary_143,SAFE,0.591866201067587,0.524474681352785
matlab_boundary_candidate_s20237_c03,matlab_boundary_144,SAFE,0.586243550448825,0.534019960648773
matlab_boundary_candidate_s20294_c09,matlab_boundary_145,SAFE,0.586,0.534435489405125
matlab_boundary_candidate_s20287_c04,matlab_boundary_146,SAFE,0.583,0.539568092631645
matlab_boundary_candidate_s20262_c01,matlab_boundary_147,SAFE,0.582801729398607,0.539908237269115
matlab_boundary_candidate_s20276_c02,matlab_boundary_148,SAFE,0.579646027759932,0.545337658714305
matlab_boundary_candidate_s20248_c06,matlab_boundary_149,SAFE,0.578431250754667,0.547435579938302
matlab_boundary_candidate_s20273_c09,matlab_boundary_150,SAFE,0.577861810653925,0.548420520808021
matlab_boundary_candidate_s20223_c00,matlab_boundary_151,SAFE,0.5771808236611,0.549599675674685
matlab_boundary_candidate_s20247_c11,matlab_boundary_152,SAFE,0.575361311996663,0.552757066835878
matlab_boundary_candidate_s20277_c05,matlab_boundary_153,SAFE,0.575095095005155,0.553219869241323
matlab_boundary_candidate_s20295_c11,matlab_boundary_154,SAFE,0.572326247013631,0.55804608828493
matlab_boundary_candidate_s20269_c03,matlab_boundary_155,SAFE,0.572197506303747,0.558271056460652
matlab_boundary_candidate_s20262_c09,matlab_boundary_156,SAFE,0.569,0.563874844855806
matlab_boundary_candidate_s20283_c09,matlab_boundary_157,SAFE,0.567665645166649,0.56622268646073
matlab_boundary_candidate_s20265_c03,matlab_boundary_158,SAFE,0.567415504205337,0.566663431980113
matlab_boundary_candidate_s20269_c09,matlab_boundary_159,SAFE,0.566538996486837,0.568209363307215
matlab_boundary_candidate_s20282_c10,matlab_boundary_160,SAFE,0.562838148365473,0.574763172873704
matlab_boundary_candidate_s20215_c07,matlab_boundary_161,SAFE,0.561429316426433,0.577269396206822
matlab_boundary_candidate_s20204_c09,matlab_boundary_162,SAFE,0.560653560386182,0.578652103634015
matlab_boundary_candidate_s20205_c03,matlab_boundary_163,SAFE,0.560459487452718,0.57899831838154
matlab_boundary_candidate_s20260_c03,matlab_boundary_164,SAFE,0.557670705066286,0.583986625088413
matlab_boundary_candidate_s20214_c00,matlab_boundary_165,SAFE,0.554951310336117,0.58887489820824
matlab_boundary_candidate_s20284_c01,matlab_boundary_166,SAFE,0.551001962825844,0.596016907538211
matlab_boundary_candidate_s20218_c01,matlab_boundary_167,SAFE,0.548697654832019,0.600207708970411
matlab_boundary_candidate_s20286_c05,matlab_boundary_168,SAFE,0.547542013618163,0.602316083033506
matlab_boundary_candidate_s20211_c08,matlab_boundary_169,SAFE,0.547164578546892,0.603005646956711
matlab_boundary_candidate_s20206_c06,matlab_boundary_170,SAFE,0.543097186934172,0.610466993600909
matlab_boundary_candidate_s20287_c00,matlab_boundary_171,SAFE,0.540513541197915,0.615235589121573
matlab_boundary_candidate_s20251_c06,matlab_boundary_172,SAFE,0.539659061765612,0.616817705920676
matlab_boundary_candidate_s20236_c11,matlab_boundary_173,SAFE,0.538288831090724,0.619360002115107
matlab_boundary_candidate_s20202_c11,matlab_boundary_174,SAFE,0.537904226755952,0.620074751849538
matlab_boundary_candidate_s20285_c11,matlab_boundary_175,SAFE,0.533135231757081,0.628980168878941
matlab_boundary_candidate_s20256_c00,matlab_boundary_176,SAFE,0.532890828782048,0.629438699844293
matlab_boundary_candidate_s20300_c08,matlab_boundary_177,SAFE,0.532423551486728,0.630315956988179
matlab_boundary_candidate_s20255_c00,matlab_boundary_178,SAFE,0.532029818976596,0.631055740503388
matlab_boundary_candidate_s20225_c11,matlab_boundary_179,SAFE,0.522467065323509,0.649193330003493
matlab_boundary_candidate_s20254_c08,matlab_boundary_180,SAFE,0.521709578078333,0.650644209761898
matlab_boundary_candidate_s20203_c02,matlab_boundary_181,SAFE,0.521312544617063,0.651405523394288
matlab_boundary_candidate_s20282_c08,matlab_boundary_182,SAFE,0.519302305646848,0.655269088228667
matlab_boundary_candidate_s20289_c03,matlab_boundary_183,SAFE,0.516695935512599,0.660300709962246
matlab_boundary_candidate_s20238_c02,matlab_boundary_184,SAFE,0.516616539564938,0.660454382640612
matlab_boundary_candidate_s20220_c05,matlab_boundary_185,SAFE,0.514922520206538,0.663738835837464
matlab_boundary_candidate_s20259_c09,matlab_boundary_186,SAFE,0.51294501552916,0.667586621760158
matlab_boundary_candidate_s20278_c00,matlab_boundary_187,SAFE,0.510287756902417,0.672780483160798
matlab_boundary_candidate_s20285_c05,matlab_boundary_188,SAFE,0.508763271699985,0.675772455686011
matlab_boundary_candidate_s20263_c01,matlab_boundary_189,SAFE,0.508449866059979,0.676388660173132
matlab_boundary_candidate_s20216_c08,matlab_boundary_190,SAFE,0.503533089461286,0.686105850092572
matlab_boundary_candidate_s20253_c05,matlab_boundary_191,SAFE,0.503196436557231,0.686774655184511
matlab_boundary_candidate_s20211_c04,matlab_boundary_192,SAFE,0.501574516554729,0.690003095270737
matlab_boundary_candidate_s20270_c02,matlab_boundary_193,SAFE,0.492911866525313,0.707424890646191
matlab_boundary_candidate_s20204_c04,matlab_boundary_194,SAFE,0.490296740541676,0.712744478232675
matlab_boundary_candidate_s20224_c02,matlab_boundary_195,SAFE,0.482078191408225,0.729648955249597
matlab_boundary_candidate_s20210_c05,matlab_boundary_196,SAFE,0.481983811984212,0.729844750590524
matlab_boundary_candidate_s20244_c10,matlab_boundary_197,SAFE,0.481477594151624,0.730895582260474
matlab_boundary_candidate_s20226_c01,matlab_boundary_198,SAFE,0.480489565860874,0.732949765977445
matlab_boundary_candidate_s20275_c08,matlab_boundary_199,SAFE,0.476806080531244,0.740645410520274
matlab_boundary_candidate_s20299_c04,matlab_boundary_200,SAFE,0.476049417544314,0.742233611769064
matlab_boundary_candidate_s20257_c03,matlab_boundary_201,CAUTION,1.00437462981211,0.00436508893420275
matlab_boundary_candidate_s20203_c06,matlab_boundary_202,CAUTION,1.00613958702124,0.00612081654630886
matlab_boundary_candidate_s20202_c03,matlab_boundary_203,CAUTION,1.00768142493257,0.00765207300202114
matlab_boundary_candidate_s20268_c02,matlab_boundary_204,CAUTION,1.01254111409232,0.0124631256850658
matlab_boundary_candidate_s20227_c06,matlab_boundary_205,CAUTION,1.02222000583724,0.0219767385137233
matlab_boundary_candidate_s20205_c11,matlab_boundary_206,CAUTION,1.02857530296283,0.0281746437290175
matlab_boundary_candidate_s20265_c08,matlab_boundary_207,CAUTION,1.02991774734203,0.0294789421033211
matlab_boundary_candidate_s20269_c00,matlab_boundary_208,CAUTION,1.03085496246234,0.0303885185747743
matlab_boundary_candidate_s20238_c06,matlab_boundary_209,CAUTION,1.03393744040562,0.0333742717468172
matlab_boundary_candidate_s20287_c07,matlab_boundary_210,CAUTION,1.03507313709732,0.0344720880829045
matlab_boundary_candidate_s20255_c01,matlab_boundary_211,CAUTION,1.0367595870639,0.0361000673298564
matlab_boundary_candidate_s20257_c10,matlab_boundary_212,CAUTION,1.0392234444562,0.0384737462200489
matlab_boundary_candidate_s20285_c00,matlab_boundary_213,CAUTION,1.041,0.0401817896328318
matlab_boundary_candidate_s20277_c10,matlab_boundary_214,CAUTION,1.04106741108569,0.0402465436224036
matlab_boundary_candidate_s20210_c03,matlab_boundary_215,CAUTION,1.04324150715671,0.0423326997007837
matlab_boundary_candidate_s20230_c10,matlab_boundary_216,CAUTION,1.04812022384823,0.0469982967317463
matlab_boundary_candidate_s20271_c02,matlab_boundary_217,CAUTION,1.05474639942927,0.0533003583443083
matlab_boundary_candidate_s20283_c11,matlab_boundary_218,CAUTION,1.0577315176848,0.0561265372295485
matlab_boundary_candidate_s20218_c04,matlab_boundary_219,CAUTION,1.05836923591497,0.056729266800331
matlab_boundary_candidate_s20241_c10,matlab_boundary_220,CAUTION,1.06311921216471,0.0612072399812301
matlab_boundary_candidate_s20240_c03,matlab_boundary_221,CAUTION,1.06421838580813,0.0622406196782589
matlab_boundary_candidate_s20294_c02,matlab_boundary_222,CAUTION,1.06798038428527,0.0657693735952442
matlab_boundary_candidate_s20243_c09,matlab_boundary_223,CAUTION,1.07175344986484,0.0692960453989447
matlab_boundary_candidate_s20294_c10,matlab_boundary_224,CAUTION,1.08150432432561,0.0783529648547748
matlab_boundary_candidate_s20204_c11,matlab_boundary_225,CAUTION,1.08458776248129,0.0811999723824569
matlab_boundary_candidate_s20232_c07,matlab_boundary_226,CAUTION,1.08717245605811,0.0835802487823126
matlab_boundary_candidate_s20252_c11,matlab_boundary_227,CAUTION,1.09210843826975,0.0881101748373788
matlab_boundary_candidate_s20278_c01,matlab_boundary_228,CAUTION,1.09894295822484,0.0943487707303641
matlab_boundary_candidate_s20221_c08,matlab_boundary_229,CAUTION,1.10311333719375,0.09813648856805
matlab_boundary_candidate_s20204_c05,matlab_boundary_230,CAUTION,1.10340668441349,0.0984023798526077
matlab_boundary_candidate_s20234_c06,matlab_boundary_231,CAUTION,1.10596531160386,0.100718538778139
matlab_boundary_candidate_s20219_c07,matlab_boundary_232,CAUTION,1.11204215807553,0.106198107048177
matlab_boundary_candidate_s20245_c00,matlab_boundary_233,CAUTION,1.11562203734264,0.109412130379102
matlab_boundary_candidate_s20264_c01,matlab_boundary_234,CAUTION,1.11776057571037,0.111327197693428
matlab_boundary_candidate_s20247_c05,matlab_boundary_235,CAUTION,1.12629447312324,0.11893301695057
matlab_boundary_candidate_s20217_c06,matlab_boundary_236,CAUTION,1.13523734366299,0.126841742431675
matlab_boundary_candidate_s20222_c01,matlab_boundary_237,CAUTION,1.139,0.130150684465045
matlab_boundary_candidate_s20207_c11,matlab_boundary_238,CAUTION,1.14,0.131028262406404
matlab_boundary_candidate_s20225_c04,matlab_boundary_239,CAUTION,1.14616430447982,0.136420980162184
matlab_boundary_candidate_s20262_c00,matlab_boundary_240,CAUTION,1.14777875665405,0.13782855863973
matlab_boundary_candidate_s20281_c10,matlab_boundary_241,CAUTION,1.151,0.140631129739746
matlab_boundary_candidate_s20284_c10,matlab_boundary_242,CAUTION,1.15207884714685,0.141568003635403
matlab_boundary_candidate_s20211_c00,matlab_boundary_243,CAUTION,1.15394466079027,0.143186212681537
matlab_boundary_candidate_s20223_c08,matlab_boundary_244,CAUTION,1.15414152978767,0.14335680336284
matlab_boundary_candidate_s20202_c04,matlab_boundary_245,CAUTION,1.155,0.144100343973757
matlab_boundary_candidate_s20298_c06,matlab_boundary_246,CAUTION,1.16233956262948,0.150434838313719
matlab_boundary_candidate_s20254_c07,matlab_boundary_247,CAUTION,1.16374402584767,0.151642416060123
matlab_boundary_candidate_s20226_c07,matlab_boundary_248,CAUTION,1.17829947698087,0.164072277861023
matlab_boundary_candidate_s20274_c06,matlab_boundary_249,CAUTION,1.17846465905718,0.164212454872422
matlab_boundary_candidate_s20285_c08,matlab_boundary_250,CAUTION,1.17997527147001,0.165493481876639
matlab_boundary_candidate_s20280_c10,matlab_boundary_251,CAUTION,1.18177711355044,0.167019333986667
matlab_boundary_candidate_s20246_c06,matlab_boundary_252,CAUTION,1.18286994734106,0.167943644330057
matlab_boundary_candidate_s20262_c06,matlab_boundary_253,CAUTION,1.184,0.168898536461814
matlab_boundary_candidate_s20246_c05,matlab_boundary_254,CAUTION,1.189,0.173112617708645
matlab_boundary_candidate_s20291_c11,matlab_boundary_255,CAUTION,1.19078620875346,0.174613768595493
matlab_boundary_candidate_s20281_c05,matlab_boundary_256,CAUTION,1.19754373796649,0.180272574033839
matlab_boundary_candidate_s20292_c09,matlab_boundary_257,CAUTION,1.202,0.183986836113016
matlab_boundary_candidate_s20272_c02,matlab_boundary_258,CAUTION,1.20519195110405,0.186638849778469
matlab_boundary_candidate_s20201_c08,matlab_boundary_259,CAUTION,1.20694766424085,0.188094580977182
matlab_boundary_candidate_s20244_c05,matlab_boundary_260,CAUTION,1.21145960906805,0.191825921113262
matlab_boundary_candidate_s20242_c08,matlab_boundary_261,CAUTION,1.21411754750383,0.194017514559327
matlab_boundary_candidate_s20214_c04,matlab_boundary_262,CAUTION,1.21664500422538,0.196097074021524
matlab_boundary_candidate_s20279_c03,matlab_boundary_263,CAUTION,1.23110978509259,0.207916026891483
matlab_boundary_candidate_s20276_c05,matlab_boundary_264,CAUTION,1.23597694812088,0.211861708473944
matlab_boundary_candidate_s20299_c06,matlab_boundary_265,CAUTION,1.24495241268528,0.219097306443419
matlab_boundary_candidate_s20299_c03,matlab_boundary_266,CAUTION,1.24755602871813,0.221186460435091
matlab_boundary_candidate_s20261_c04,matlab_boundary_267,CAUTION,1.26399836085154,0.234279998929155
matlab_boundary_candidate_s20223_c10,matlab_boundary_268,CAUTION,1.26439377927411,0.234592781443796
matlab_boundary_candidate_s20279_c09,matlab_boundary_269,CAUTION,1.2695107639372,0.238631601005893
matlab_boundary_candidate_s20260_c09,matlab_boundary_270,CAUTION,1.273479940284,0.241753263671383
matlab_boundary_candidate_s20300_c05,matlab_boundary_271,CAUTION,1.2739116325156,0.242092192511644
matlab_boundary_candidate_s20295_c03,matlab_boundary_272,CAUTION,1.2801015499454,0.246939410679443
matlab_boundary_candidate_s20206_c04,matlab_boundary_273,CAUTION,1.2824144164416,0.248744564016703
matlab_boundary_candidate_s20265_c07,matlab_boundary_274,CAUTION,1.28322177022861,0.249373923563357
matlab_boundary_candidate_s20297_c06,matlab_boundary_275,CAUTION,1.28569614656793,0.251300319956437
matlab_boundary_candidate_s20235_c04,matlab_boundary_276,CAUTION,1.287,0.25231392861399
matlab_boundary_candidate_s20213_c11,matlab_boundary_277,CAUTION,1.29178006514753,0.256021162655961
matlab_boundary_candidate_s20215_c06,matlab_boundary_278,CAUTION,1.2917912180161,0.256029796339602
matlab_boundary_candidate_s20242_c03,matlab_boundary_279,CAUTION,1.29380318811567,0.257586088773474
matlab_boundary_candidate_s20275_c03,matlab_boundary_280,CAUTION,1.2953771408954,0.258801881243376
matlab_boundary_candidate_s20251_c09,matlab_boundary_281,CAUTION,1.29747325280118,0.260418721434006
matlab_boundary_candidate_s20205_c02,matlab_boundary_282,CAUTION,1.301,0.263133199530368
matlab_boundary_candidate_s20254_c02,matlab_boundary_283,CAUTION,1.3186059912226,0.276575111310732
matlab_boundary_candidate_s20226_c09,matlab_boundary_284,CAUTION,1.31867633158456,0.276628454376333
matlab_boundary_candidate_s20202_c08,matlab_boundary_285,CAUTION,1.31933925292887,0.277131045310337
matlab_boundary_candidate_s20211_c06,matlab_boundary_286,CAUTION,1.31934434127609,0.277134902041951
matlab_boundary_candidate_s20272_c07,matlab_boundary_287,CAUTION,1.328,0.283674051054242
matlab_boundary_candidate_s20295_c01,matlab_boundary_288,CAUTION,1.32824352233471,0.283857409495093
matlab_boundary_candidate_s20235_c00,matlab_boundary_289,CAUTION,1.33076340561998,0.28575276675283
matlab_boundary_candidate_s20220_c11,matlab_boundary_290,CAUTION,1.34567295251296,0.296894224368122
matlab_boundary_candidate_s20281_c02,matlab_boundary_291,CAUTION,1.34598801309864,0.297128325609804
matlab_boundary_candidate_s20298_c09,matlab_boundary_292,CAUTION,1.35037263187958,0.300380577977335
matlab_boundary_candidate_s20282_c05,matlab_boundary_293,CAUTION,1.35309465138403,0.302394303418834
matlab_boundary_candidate_s20204_c02,matlab_boundary_294,CAUTION,1.35666970899707,0.305032953287863
matlab_boundary_candidate_s20283_c10,matlab_boundary_295,CAUTION,1.37464611252357,0.318196325282364
matlab_boundary_candidate_s20296_c00,matlab_boundary_296,CAUTION,1.37547697889335,0.318800564705433
matlab_boundary_candidate_s20263_c00,matlab_boundary_297,CAUTION,1.38491875859274,0.32564147986307
matlab_boundary_candidate_s20222_c05,matlab_boundary_298,CAUTION,1.38509376904675,0.325767840630388
matlab_boundary_candidate_s20250_c01,matlab_boundary_299,CAUTION,1.39027428402943,0.329501054316136
matlab_boundary_candidate_s20239_c11,matlab_boundary_300,CAUTION,1.39915122699523,0.335865786335425
matlab_boundary_candidate_s20261_c01,matlab_boundary_301,CAUTION,1.4059274634442,0.340697201335151
matlab_boundary_candidate_s20271_c10,matlab_boundary_302,CAUTION,1.41257789271496,0.345416327802944
matlab_boundary_candidate_s20292_c05,matlab_boundary_303,CAUTION,1.41376927501803,0.346259382320262
matlab_boundary_candidate_s20237_c02,matlab_boundary_304,CAUTION,1.41418469770517,0.346553179669249
matlab_boundary_candidate_s20208_c06,matlab_boundary_305,CAUTION,1.42709136328863,0.355638361174444
matlab_boundary_candidate_s20240_c00,matlab_boundary_306,CAUTION,1.44517304333608,0.368229067568311
matlab_boundary_candidate_s20284_c09,matlab_boundary_307,CAUTION,1.44536073058227,0.368358930950742
matlab_boundary_candidate_s20206_c08,matlab_boundary_308,UNSAFE,1.447,0.369492447649347
matlab_boundary_candidate_s20293_c08,matlab_boundary_309,CAUTION,1.44871511245436,0.370677034245967
matlab_boundary_candidate_s20233_c01,matlab_boundary_310,CAUTION,1.44906921617173,0.370921430432136
matlab_boundary_candidate_s20201_c10,matlab_boundary_311,CAUTION,1.45333611116051,0.373861680039984
matlab_boundary_candidate_s20207_c09,matlab_boundary_312,CAUTION,1.45390864625014,0.374255547873481
matlab_boundary_candidate_s20249_c08,matlab_boundary_313,CAUTION,1.45454932616546,0.374696111176623
matlab_boundary_candidate_s20217_c04,matlab_boundary_314,UNSAFE,1.459,0.377751269540649
matlab_boundary_candidate_s20291_c05,matlab_boundary_315,CAUTION,1.46238492746446,0.380068614952698
matlab_boundary_candidate_s20231_c01,matlab_boundary_316,CAUTION,1.46261896161209,0.380228638089074
matlab_boundary_candidate_s20207_c00,matlab_boundary_317,UNSAFE,1.465,0.381855242469031
matlab_boundary_candidate_s20209_c11,matlab_boundary_318,CAUTION,1.46528885378712,0.382052392854174
matlab_boundary_candidate_s20289_c01,matlab_boundary_319,CAUTION,1.46720167986085,0.383356967462738
matlab_boundary_candidate_s20284_c00,matlab_boundary_320,UNSAFE,1.469,0.38458189719174
matlab_boundary_candidate_s20283_c01,matlab_boundary_321,UNSAFE,1.475,0.388657989791783
matlab_boundary_candidate_s20234_c05,matlab_boundary_322,CAUTION,1.4779720143219,0.390670887517176
matlab_boundary_candidate_s20207_c10,matlab_boundary_323,CAUTION,1.47935093483281,0.39160343403614
matlab_boundary_candidate_s20236_c07,matlab_boundary_324,CAUTION,1.47961162490533,0.391779637734518
matlab_boundary_candidate_s20218_c11,matlab_boundary_325,UNSAFE,1.481,0.392717535285662
matlab_boundary_candidate_s20264_c04,matlab_boundary_326,UNSAFE,1.481,0.392717535285662
matlab_boundary_candidate_s20291_c09,matlab_boundary_327,UNSAFE,1.481,0.392717535285662
matlab_boundary_candidate_s20251_c04,matlab_boundary_328,UNSAFE,1.483,0.394067063155795
matlab_boundary_candidate_s20210_c09,matlab_boundary_329,UNSAFE,1.485,0.395414772254663
matlab_boundary_candidate_s20268_c00,matlab_boundary_330,UNSAFE,1.49,0.398776119957368
matlab_boundary_candidate_s20297_c10,matlab_boundary_331,UNSAFE,1.49,0.398776119957368
matlab_boundary_candidate_s20280_c03,matlab_boundary_332,CAUTION,1.49226665338466,0.400296207920355
matlab_boundary_candidate_s20274_c03,matlab_boundary_333,UNSAFE,1.499,0.404798219120461
matlab_boundary_candidate_s20201_c05,matlab_boundary_334,UNSAFE,1.5,0.405465108108164
matlab_boundary_candidate_s20201_c09,matlab_boundary_335,UNSAFE,1.5,0.405465108108164
matlab_boundary_candidate_s20207_c02,matlab_boundary_336,UNSAFE,1.5,0.405465108108164
matlab_boundary_candidate_s20210_c06,matlab_boundary_337,UNSAFE,1.5,0.405465108108164
matlab_boundary_candidate_s20212_c04,matlab_boundary_338,UNSAFE,1.5,0.405465108108164
matlab_boundary_candidate_s20214_c08,matlab_boundary_339,UNSAFE,1.5,0.405465108108164
matlab_boundary_candidate_s20216_c03,matlab_boundary_340,UNSAFE,1.5,0.405465108108164
matlab_boundary_candidate_s20217_c09,matlab_boundary_341,UNSAFE,1.5,0.405465108108164
matlab_boundary_candidate_s20221_c03,matlab_boundary_342,UNSAFE,1.5,0.405465108108164
matlab_boundary_candidate_s20222_c03,matlab_boundary_343,UNSAFE,1.5,0.405465108108164
matlab_boundary_candidate_s20223_c09,matlab_boundary_344,UNSAFE,1.5,0.405465108108164
matlab_boundary_candidate_s20224_c03,matlab_boundary_345,UNSAFE,1.5,0.405465108108164
matlab_boundary_candidate_s20226_c02,matlab_boundary_346,UNSAFE,1.5,0.405465108108164
matlab_boundary_candidate_s20229_c05,matlab_boundary_347,UNSAFE,1.5,0.405465108108164
matlab_boundary_candidate_s20229_c10,matlab_boundary_348,UNSAFE,1.5,0.405465108108164
matlab_boundary_candidate_s20231_c07,matlab_boundary_349,UNSAFE,1.5,0.405465108108164
matlab_boundary_candidate_s20231_c08,matlab_boundary_350,UNSAFE,1.5,0.405465108108164
matlab_boundary_candidate_s20232_c01,matlab_boundary_351,UNSAFE,1.5,0.405465108108164
matlab_boundary_candidate_s20232_c08,matlab_boundary_352,UNSAFE,1.5,0.405465108108164
matlab_boundary_candidate_s20233_c10,matlab_boundary_353,UNSAFE,1.5,0.405465108108164
matlab_boundary_candidate_s20238_c10,matlab_boundary_354,UNSAFE,1.5,0.405465108108164
matlab_boundary_candidate_s20239_c02,matlab_boundary_355,UNSAFE,1.5,0.405465108108164
matlab_boundary_candidate_s20240_c11,matlab_boundary_356,UNSAFE,1.5,0.405465108108164
matlab_boundary_candidate_s20241_c08,matlab_boundary_357,UNSAFE,1.5,0.405465108108164
matlab_boundary_candidate_s20243_c07,matlab_boundary_358,UNSAFE,1.5,0.405465108108164
matlab_boundary_candidate_s20244_c04,matlab_boundary_359,UNSAFE,1.5,0.405465108108164
matlab_boundary_candidate_s20245_c06,matlab_boundary_360,UNSAFE,1.5,0.405465108108164
matlab_boundary_candidate_s20245_c10,matlab_boundary_361,UNSAFE,1.5,0.405465108108164
matlab_boundary_candidate_s20247_c04,matlab_boundary_362,UNSAFE,1.5,0.405465108108164
matlab_boundary_candidate_s20251_c07,matlab_boundary_363,UNSAFE,1.5,0.405465108108164
matlab_boundary_candidate_s20253_c06,matlab_boundary_364,UNSAFE,1.5,0.405465108108164
matlab_boundary_candidate_s20255_c02,matlab_boundary_365,UNSAFE,1.5,0.405465108108164
matlab_boundary_candidate_s20256_c02,matlab_boundary_366,UNSAFE,1.5,0.405465108108164
matlab_boundary_candidate_s20258_c01,matlab_boundary_367,UNSAFE,1.5,0.405465108108164
matlab_boundary_candidate_s20265_c05,matlab_boundary_368,UNSAFE,1.5,0.405465108108164
matlab_boundary_candidate_s20266_c04,matlab_boundary_369,UNSAFE,1.5,0.405465108108164
matlab_boundary_candidate_s20267_c02,matlab_boundary_370,UNSAFE,1.5,0.405465108108164
matlab_boundary_candidate_s20268_c06,matlab_boundary_371,UNSAFE,1.5,0.405465108108164
matlab_boundary_candidate_s20270_c03,matlab_boundary_372,UNSAFE,1.5,0.405465108108164
matlab_boundary_candidate_s20270_c06,matlab_boundary_373,UNSAFE,1.5,0.405465108108164
matlab_boundary_candidate_s20271_c06,matlab_boundary_374,UNSAFE,1.5,0.405465108108164
matlab_boundary_candidate_s20271_c09,matlab_boundary_375,UNSAFE,1.5,0.405465108108164
matlab_boundary_candidate_s20279_c05,matlab_boundary_376,UNSAFE,1.5,0.405465108108164
matlab_boundary_candidate_s20282_c02,matlab_boundary_377,UNSAFE,1.5,0.405465108108164
matlab_boundary_candidate_s20287_c06,matlab_boundary_378,UNSAFE,1.5,0.405465108108164
matlab_boundary_candidate_s20288_c04,matlab_boundary_379,UNSAFE,1.5,0.405465108108164
matlab_boundary_candidate_s20290_c05,matlab_boundary_380,UNSAFE,1.5,0.405465108108164
matlab_boundary_candidate_s20291_c06,matlab_boundary_381,UNSAFE,1.5,0.405465108108164
matlab_boundary_candidate_s20293_c11,matlab_boundary_382,UNSAFE,1.5,0.405465108108164
matlab_boundary_candidate_s20295_c02,matlab_boundary_383,UNSAFE,1.5,0.405465108108164
matlab_boundary_candidate_s20297_c05,matlab_boundary_384,UNSAFE,1.5,0.405465108108164
matlab_boundary_candidate_s20297_c07,matlab_boundary_385,UNSAFE,1.5,0.405465108108164
matlab_boundary_candidate_s20297_c08,matlab_boundary_386,UNSAFE,1.5,0.405465108108164
matlab_boundary_candidate_s20299_c11,matlab_boundary_387,UNSAFE,1.5,0.405465108108164
matlab_boundary_candidate_s20300_c02,matlab_boundary_388,UNSAFE,1.5,0.405465108108164
matlab_boundary_candidate_s20222_c04,matlab_boundary_389,UNSAFE,1.50881461503497,0.411324319379151
matlab_boundary_candidate_s20286_c10,matlab_boundary_390,CAUTION,1.51406671982648,0.414799222621863
matlab_boundary_candidate_s20228_c07,matlab_boundary_391,CAUTION,1.51421655216111,0.414898177918505
matlab_boundary_candidate_s20270_c10,matlab_boundary_392,CAUTION,1.522051894151,0.420059354883863
matlab_boundary_candidate_s20259_c02,matlab_boundary_393,CAUTION,1.54047380159606,0.432090032480934
matlab_boundary_candidate_s20217_c10,matlab_boundary_394,CAUTION,1.5414270310186,0.432708630875048
matlab_boundary_candidate_s20259_c06,matlab_boundary_395,UNSAFE,1.54535555523546,0.435254016711692
matlab_boundary_candidate_s20270_c00,matlab_boundary_396,CAUTION,1.54790961404596,0.43690538460364
matlab_boundary_candidate_s20209_c10,matlab_boundary_397,UNSAFE,1.54889641584705,0.437542687569963
matlab_boundary_candidate_s20206_c07,matlab_boundary_398,UNSAFE,1.5503944185663,0.438509362151951
matlab_boundary_candidate_s20235_c06,matlab_boundary_399,UNSAFE,1.5557049457245,0.441928784205003
matlab_boundary_candidate_s20253_c01,matlab_boundary_400,CAUTION,1.56041305791745,0.44495056692953
